Workbook

Sheet Control Center
A1: ATL EMPLOYEE SCHEDULER 3.1 — PHASE 2 (AM ENGINE)
A3: Schedule Date | B3: 46264 | D3: BASELINE RULES
A4: AM Surveys Needed? | B4: Y | D4: Fill all 43 Client Required slots before playbook-only positions.
A5: PM Surveys Needed? | B5: Y | D5: Leads excluded from designated posts and break relief.
A6: Required Client Slots | B6: 43 | D6: Main Inside requires qualification = Y.
A7: Physical Positions | B7: 39 | D7: Fixed/day-specific/mobility/wheelchair restrictions are hard controls.
A8: Survey Slots | B8: 4 | D8: Mentor + trainee are one same-shift staffing unit.
D9: AM honors HARD 3:45 OPEN and START 5:45.
A10: Phase Status: | B10: Limited in-zone tap-outs: 1 per Main/South/North/LN/Divest. Breaks still with leads. | D10: PM honors 12:15 / 2:00 handoff rules.
A11: Next: | B11: 3:45 cycles to easier same-zone post; 5:45 covers the demanding open. | D11: Relief configuration remains editable; Rover/Relief is allowed.
A12: OFFICIAL OUTPUT FORMAT: Client Assignment Sheet + Operations Playbook match lead-familiar templates; do not restyle. | D12: Phase 1: Data foundation only. No VBA. Self-contained (no external links). AM engine next.
A13: HOW TO RECALC AFTER CHANGING DATE:
A14: HOW MANAGERS USE THIS SHARED FILE (OneDrive — no macros)
A15: ROLES
A16: • Schedule owner (1–2 people): maintains Employee Master & Approved Absences; requests/runs assignment rebuild when the date or roster changes materially.
A17: • Floor leads / managers: set or confirm Schedule Date; read AM/PM Operations Playbooks; adjust individual posts via dropdowns if needed; print for the shift.
A19: DAILY STEPS
A20: 1. Open this workbook from OneDrive in desktop Excel (best formula reliability). Excel for the web may not recalculate everything the same way.
A21: 2. Set Schedule Date in Control Center (yellow cell). Confirm AM Surveys / PM Surveys flags and Pax if used.
A22: 3. Ensure Formulas → Calculation Options → Automatic. Pools and Available flags should update with the date (no macros).
A23: 4. Check AM Pool / PM Pool sheets — filter column A = Y and confirm headcount looks right for the day.
A24: 5. Use the current AM Operations Playbook and PM Operations Playbook for assignments. Right side = full ops after reinforcement/handoff.
A25: 6. Optional: tweak a name using the dropdown on a playbook cell if someone calls out or swaps. Do not invent posts outside the playbook structure.
... A42: Owners: change date → confirm pools → rebuild AM then PM engines → save to OneDrive. Managers do not need Ctrl+Alt+F5 for normal reading if Automatic calc is on.

Sheet Manager Run Sheet
A1: MANAGER RUN SHEET — DAILY PLAYBOOK
A3: Step | B3: Action
A4: 1. SET DATE | B4: Control Center → set Schedule Date (B3) to the operating day.
A5: 2. SURVEYS | B5: Set AM Surveys (B4) and PM Surveys (B5) to Y or N.
A6: 3. ABSENCES | B6: Add call-outs / approved time off on Approved Absences (name, start, end).
A7: 4. RECALC | B7: Ctrl+Alt+F5 (or Data → Calculate Now) so pools refresh.
A8: 5. CHECK POOLS | B8: AM Pool / PM Pool → filter column A = Y. Confirm headcount.
A9: 6. AM PLAYBOOK | B9: Confirm HARD 3:45 opens, full ops right side, lunch/notes.
A10: 7. PM PLAYBOOK | B10: Confirm handoff: 3:45 full-ops → 12:15; 5:45 full-ops → 2:00.
A11: 8. BREAKS | B11: Leads manage lunches in-zone. Break Coverage sheets are parked.
A12: 9. CLIENT OUTPUT | B12: Client Assignment Sheet → print AM block or PM block for client.
A13: 10. PRINT | B13: Print Preview; fit width 1 page. Clear extra scaling if text is tiny.
A14: 11. LEADS | B14: Enter lead names in yellow Leads box on AM and PM playbooks.
... A17: 14. ARCHIVE | B17: File → Save As dated copy (e.g. ATL_Playbook_2026-08-26.xlsx).
A19: IMPORTANT
A20: • Client Assignment Sheet never invents names — only Playbooks assign. • Do not overwrite Employee Master pool formulas. • Call-outs go to Approved Absences → Recalc → re-check playbooks. • UNFILLED on a required post = fill from dropdown or call in coverage.
A22: SHEET MAP
A23: Sheet | B23: Purpose
A24: Control Center | B24: Date, survey switches
A25: Manager Run Sheet | B25: This daily checklist
A26: Validation | B26: Pass/fail + live pool counts
A27: Client Assignment Sheet | B27: AM/PM views for client (from playbooks)
A28: AM / PM Operations Playbook | B28: Daily assignments
A29: Break Coverage / PM Break Coverage | B29: Lunch relief matrices
A30: AM Pool / PM Pool | B30: Eligible today
A31: Employee Master | B31: People, quals, shifts
A32: Approved Absences | B32: Time off / call-outs
A33: Position Library | B33: HARD open, PM handoff rules
A34: Break Relief Guide | B34: Who covers whose lunch

Sheet PM Operations Playbook
A1: PM OPERATIONS PLAYBOOK — POSITION FLOW
A2: Date: | B2: ='Control Center'!B3 | D2: Pax:
A3: Leads:
A4: Leads manage breaks in-zone. Handoff follows AM FULL OPS (right side after any tap-out): 3:45 still on post → 12:15 · 5:45 on post → 2:00.
A5: Name (12:15) | B5: Shift | C5: POSITION | D5: Full ops name | E5: Shift | F5: Notes
A6: MAIN SECURITY CHECKPOINT
A7: Agnes Bammannage | B7: 12:15 PM | C7: Front Entrance (#1) | D7: Agnes Bammannage | E7: 12:15 PM | F7: Handoff from Mamadou Seck (5:45 AM)
C8: Front Entrance (#2) | D8: Aaliyah Snider | E8: 2:00 PM | F8: Handoff from Ahamed John (3:45 AM)
A9: Alyssa Prince | B9: 12:15 PM | C9: ADA Entrance (1) | D9: Alyssa Prince | E9: 12:15 PM | F9: Handoff from Allen Suggs (3:45 AM)
A10: Amadou Diallo | B10: 12:15 PM | C10: Lanes 17-18 (1) | D10: Amadou Diallo | E10: 12:15 PM | F10: Handoff from Benjamin Crosby (3:45 AM)
A11: Darrius Dunlap | B11: 12:15 PM | C11: Inside Center (1) | D11: Darrius Dunlap | E11: 12:15 PM | F11: Handoff from Demetrius Thomas (3:45 AM)
C12: Lanes 1-3/Pre-Check (1) | D12: Akuugo Nduaguba | E12: 2:00 PM | F12: Handoff from Abdou Mballo (5:45 AM)
A13: ATRIUM
A14: Betelhem Wubshet | B14: 12:15 PM | C14: KIA (1) | D14: Betelhem Wubshet | E14: 12:15 PM | F14: Handoff from Natasha Carbon (3:45 AM)
A15: SOUTH SECURITY CHECKPOINT
A16: Brittney Quave | B16: 12:15 PM | C16: Checkpoint – Front Entrance (#1) | D16: Brittney Quave | E16: 12:15 PM | F16: Handoff from Brianna Bryant (3:45 AM)
A17: Chiedu Memeh | B17: 12:15 PM | C17: Checkpoint – Front Entrance (#2) | D17: Chiedu Memeh | E17: 12:15 PM | F17: Handoff from Tanya Organ (3:45 AM)
A18: David Holloman | B18: 12:15 PM | C18: Checkpoint – Inside (#1) | D18: David Holloman | E18: 12:15 PM | F18: Handoff from Ashia Norman (5:45 AM)
C19: Checkpoint – Inside (#2) | F19: Not staffed (PM)
C20: Hallway Pre-check Overflow (1) | D20: Amanda Scott | E20: 2:00 PM | F20: Handoff from Anariah Daniel (5:45 AM)
C21: South Restroom (1) | D21: Ashley Lazenby | E21: 2:00 PM | F21: Handoff from Micheal Manning (5:45 AM)
C22: IHOP (1) | D22: Braheem Wooden | E22: 2:00 PM | F22: Handoff from Brittany Gaither (3:45 AM)
A23: NORTH SECURITY CHECKPOINT
A24: De'Anna Reese | B24: 12:15 PM | C24: Checkpoint – Inside (1) | D24: De'Anna Reese | E24: 12:15 PM | F24: Handoff from Dequavius Parker (5:45 AM)
A25: Eyerusalem Esubaluw | B25: 12:15 PM | C25: North Corridor (1) | D25: Eyerusalem Esubaluw | E25: 12:15 PM | F25: Handoff from Brian Lee (5:45 AM)
C26: North Restroom Hallway (#1) | D26: Cheikh Sylla | E26: 2:00 PM | F26: Handoff from Mildred Torres (5:45 AM)
C27: North Restroom Hallway (#2) | D27: Chris Jungson | E27: 2:00 PM | F27: Handoff from Bintou Gueye (5:45 AM)
C28: We Juice It (1) | D28: Dezeraye Fedrick | E28: 2:00 PM | F28: Handoff from Khadijah Van Holten (3:45 AM)
A29: LOWER NORTH SECURITY CHECKPOINT
A30: Falana Broughton | B30: 12:15 PM | C30: Checkpoint – Inside (1) | D30: Falana Broughton | E30: 12:15 PM | F30: Handoff from Dequavius Parker (5:45 AM)
C31: N5 Door (1) | D31: Elizabeth Harlee | E31: 2:00 PM | F31: Handoff from David Scoggin (5:45 AM)
C32: LN2 Elevator (1) | D32: Kaci Cosper | E32: 2:00 PM | F32: Handoff from Kimberly Morrison (3:45 AM)
A33: AGT LEVEL
C34: T Platform Train Doors (#1) | D34: Khursheeda Nasreen | E34: 2:00 PM | F34: Handoff from Derika Phipps (5:45 AM)
C35: T Platform Train Doors (#2) | D35: Kori Jenkins | E35: 2:00 PM | F35: Handoff from Feleke Tekle (5:45 AM)
C36: Domestic Baggage Claim (1) | D36: Oumou Sane | E36: 2:00 PM | F36: Handoff from Monica Ortiz (5:45 AM)
C37: T Bridge Landing (#1) | D37: Princess Vance | E37: 2:00 PM | F37: Handoff from Fikre Hadera (5:45 AM)
C38: T Bridge Landing (#2) | D38: Theresa Logan | E38: 2:00 PM | F38: Handoff from Habtewold Daba (5:45 AM)
C39: Alpha West (1) | D39: Timicha Marshall | E39: 2:00 PM | F39: Handoff from Isaiah Williams (5:45 AM)
C40: Bravo West (1) | D40: Yitshhaq Sagahon | E40: 2:00 PM | F40: Handoff from Jada Batiste (5:45 AM)
C41: Charlie West (1) | D41: Youba Coly | E41: 2:00 PM | F41: Handoff from Jalea Keith (5:45 AM)
C42: Delta West (1) | D42: Youssouf Traore | E42: 2:00 PM | F42: Handoff from Jamal Reynolds (5:45 AM)
A43: SURVEYS
A44: UNFILLED | C44: Surveyor (#1) | D44: UNFILLED | F44: Handoff from Chrystol Harvey (5:45 AM)
A45: UNFILLED | C45: Surveyor (#2) | D45: UNFILLED | F45: UNFILLED survey
A46: UNFILLED | C46: Surveyor (#3) | D46: UNFILLED | F46: UNFILLED survey
A47: UNFILLED | C47: Surveyor (#4) | D47: UNFILLED | F47: UNFILLED survey
A48: INFORMATION DESK
A49: Heavyn Moore | B49: 12:15 PM | C49: Information Desk Personnel | D49: Heavyn Moore | E49: 12:15 PM | F49: Handoff from Sarita Jewell (5:45 AM)
A50: DIVESTING
A51: John Davis | B51: 12:15 PM | C51: North Divesting (#1) | D51: John Davis | E51: 12:15 PM | F51: Handoff from Lazaro Lopez (3:45 AM)
A52: Kaba Diop | B52: 12:15 PM | C52: North Divesting (#2) | D52: Kaba Diop | E52: 12:15 PM | F52: Handoff from Kidest Solomon (5:45 AM)
C53: North Divesting (#3) | D53: Phyllis Finklea | E53: 2:00 PM | F53: Handoff from Monique Hicks (5:45 AM)
C54: North Divesting (#4) | D54: Tangy Winfrey | E54: 2:00 PM | F54: Handoff from Maryse Camille (3:45 AM)
A55: Tomekia Bryant | B55: 12:15 PM | C55: Lower North Divesting (#1) | D55: Tomekia Bryant | E55: 12:15 PM | F55: Handoff from Moneshia Echols (3:45 AM)
C56: Lower North Divesting (#2) | D56: Illiasu Bsahmitu | E56: 2:00 PM | F56: Handoff from Kimora Mcnair (5:45 AM)
C57: Lower North Divesting (#3) | D57: Zekiah Robinson | E57: 2:00 PM | F57: Handoff from Lynn Yi-Smith (5:45 AM)
A58: ROVER / RELIEF POOL
A59: Ivory Johnson | B59: 12:15 PM | C59: Rover (#1) | D59: Ivory Johnson | E59: 12:15 PM | F59: Rover
A60: Rihana Ababulla | B60: 12:15 PM | C60: Rover (#2) | D60: Rihana Ababulla | E60: 12:15 PM | F60: Rover
C61: Rover (#3) | D61: Bousso Dioum | E61: 2:00 PM | F61: Rover
A62: Zinash Shiferaw | B62: 12:15 PM | C62: Rover (#4) | D62: Zinash Shiferaw | E62: 12:15 PM | F62: Rover
C63: Rover (#5) | D63: Jordan Gilley | E63: 2:00 PM | F63: Rover
C64: Rover (#6) | F64: Handoff from Shanta Islam (5:45 AM)
C65: Rover (#7) | F65: Handoff from Teasia Arnold (5:45 AM)
C66: Rover (#8) | F66: Handoff from Terrell Leath (5:45 AM)
A67: Leads manage breaks in-zone. White=early stay · Green=late arrival · Orange=UNFILLED

Sheet AM Operations Playbook
A1: AM OPERATIONS PLAYBOOK — POSITION FLOW
A2: Date: | B2: ='Control Center'!B3 | D2: Pax:
A3: Leads:
A4: Leads manage breaks in-zone. Limited tap-outs (1 per zone) from demanding open to easier same-zone post. White=stays · Light blue=3:45 who moved · Green=5:45 covering the open · Orange=UNFILLED.
A5: Name (3:45) | B5: Shift | C5: POSITION | D5: Full ops name | E5: Shift | F5: Notes
A6: MAIN SECURITY CHECKPOINT
A7: Ahamed John | B7: 3:45 AM | C7: Front Entrance (#1) | D7: Mamadou Seck | E7: 5:45 AM | F7: Tap-out → Front Entrance (#2)
A8: Ahamed John | B8: 3:45 AM | C8: Front Entrance (#2) | D8: Ahamed John | E8: 3:45 AM | F8: From Front Entrance (#1)
A9: Allen Suggs | B9: 3:45 AM | C9: ADA Entrance (1) | D9: Allen Suggs | E9: 3:45 AM | F9: Open
A10: Benjamin Crosby | B10: 3:45 AM | C10: Lanes 17-18 (1) | D10: Benjamin Crosby | E10: 3:45 AM | F10: Open
A11: Demetrius Thomas | B11: 3:45 AM | C11: Inside Center (1) | D11: Demetrius Thomas | E11: 3:45 AM | F11: Open
C12: Lanes 1-3/Pre-Check (1) | D12: Abdou Mballo | E12: 5:45 AM | F12: Start 5:45
A13: ATRIUM
A14: Natasha Carbon | B14: 3:45 AM | C14: KIA (1) | D14: Natasha Carbon | E14: 3:45 AM | F14: Zone mix
A15: SOUTH SECURITY CHECKPOINT
A16: Brianna Bryant | B16: 3:45 AM | C16: Checkpoint – Front Entrance (#1) | D16: Brianna Bryant | E16: 3:45 AM | F16: Open
A17: Tanya Organ | B17: 3:45 AM | C17: Checkpoint – Front Entrance (#2) | D17: Tanya Organ | E17: 3:45 AM | F17: Zone mix
A18: Brittany Gaither | B18: 3:45 AM | C18: Checkpoint – Inside (#1) | D18: Ashia Norman | E18: 5:45 AM | F18: Tap-out → IHOP (1)
C19: Checkpoint – Inside (#2) | D19: Aleah Mckinnon | E19: 5:45 AM | F19: Start 5:45
C20: Hallway Pre-check Overflow (1) | D20: Anariah Daniel | E20: 5:45 AM | F20: Start 5:45
C21: South Restroom (1) | D21: Micheal Manning | E21: 5:45 AM | F21: Zone mix
A22: Brittany Gaither | B22: 3:45 AM | C22: IHOP (1) | D22: Brittany Gaither | E22: 3:45 AM | F22: From Checkpoint – Inside (#1)
A23: NORTH SECURITY CHECKPOINT
A24: Jessika Williams | B24: 3:45 AM | C24: Checkpoint – Inside (1) | D24: Jessika Williams | E24: 3:45 AM | F24: Open
A25: Khadijah Van Holten | B25: 3:45 AM | C25: North Corridor (1) | D25: Brian Lee | E25: 5:45 AM | F25: Tap-out → We Juice It (1)
C26: North Restroom Hallway (#1) | D26: Mildred Torres | E26: 5:45 AM | F26: Zone mix
C27: North Restroom Hallway (#2) | D27: Bintou Gueye | E27: 5:45 AM | F27: Start 5:45
A28: Khadijah Van Holten | B28: 3:45 AM | C28: We Juice It (1) | D28: Khadijah Van Holten | E28: 3:45 AM | F28: From North Corridor (1)
A29: LOWER NORTH SECURITY CHECKPOINT
A30: Kimberly Morrison | B30: 3:45 AM | C30: Checkpoint – Inside (1) | D30: Dequavius Parker | E30: 5:45 AM | F30: Tap-out → LN2 Elevator (1)
C31: N5 Door (1) | D31: David Scoggin | E31: 5:45 AM | F31: Start 5:45
A32: Kimberly Morrison | B32: 3:45 AM | C32: LN2 Elevator (1) | D32: Kimberly Morrison | E32: 3:45 AM | F32: From Checkpoint – Inside (1)
A33: AGT LEVEL
C34: T Platform Train Doors (#1) | D34: Derika Phipps | E34: 5:45 AM | F34: Start 5:45
C35: T Platform Train Doors (#2) | D35: Feleke Tekle | E35: 5:45 AM | F35: Start 5:45
C36: Domestic Baggage Claim (1) | D36: Monica Ortiz | E36: 5:45 AM | F36: Zone mix
C37: T Bridge Landing (#1) | D37: Fikre Hadera | E37: 5:45 AM | F37: Start 5:45
C38: T Bridge Landing (#2) | D38: Habtewold Daba | E38: 5:45 AM | F38: Start 5:45
C39: Alpha West (1) | D39: Isaiah Williams | E39: 5:45 AM | F39: Start 5:45
C40: Bravo West (1) | D40: Jada Batiste | E40: 5:45 AM | F40: Start 5:45
C41: Charlie West (1) | D41: Jalea Keith | E41: 5:45 AM | F41: Start 5:45
C42: Delta West (1) | D42: Jamal Reynolds | E42: 5:45 AM | F42: Start 5:45
A43: SURVEYS
C44: Surveyor (#1) | D44: Chrystol Harvey | E44: 5:45 AM | F44: Survey
A45: UNFILLED | C45: Surveyor (#2) | D45: UNFILLED | F45: UNFILLED survey
A46: UNFILLED | C46: Surveyor (#3) | D46: UNFILLED | F46: UNFILLED survey
A47: UNFILLED | C47: Surveyor (#4) | D47: UNFILLED | F47: UNFILLED survey
A48: INFORMATION DESK
C49: Information Desk Personnel | D49: Sarita Jewell | E49: 5:45 AM | F49: Zone mix
A50: DIVESTING
A51: Lazaro Lopez | B51: 3:45 AM | C51: North Divesting (#1) | D51: Lazaro Lopez | E51: 3:45 AM | F51: Open
A52: Maryse Camille | B52: 3:45 AM | C52: North Divesting (#2) | D52: Kidest Solomon | E52: 5:45 AM | F52: Tap-out → North Divesting (#4)
C53: North Divesting (#3) | D53: Monique Hicks | E53: 5:45 AM | F53: Zone mix
A54: Maryse Camille | B54: 3:45 AM | C54: North Divesting (#4) | D54: Maryse Camille | E54: 3:45 AM | F54: From North Divesting (#2)
A55: Moneshia Echols | B55: 3:45 AM | C55: Lower North Divesting (#1) | D55: Moneshia Echols | E55: 3:45 AM | F55: Open
C56: Lower North Divesting (#2) | D56: Kimora Mcnair | E56: 5:45 AM | F56: Start 5:45
C57: Lower North Divesting (#3) | D57: Lynn Yi-Smith | E57: 5:45 AM | F57: Start 5:45
A58: ROVER / RELIEF POOL
C59: Rover (#1) | D59: Mosrur Jafer | E59: 5:45 AM | F59: Rover
C60: Rover (#2) | D60: Mwasiti Sadiki | E60: 5:45 AM | F60: Rover
C61: Rover (#3) | D61: Salma Bardai | E61: 5:45 AM | F61: Rover
C62: Rover (#4) | D62: Samiroe Ford | E62: 5:45 AM | F62: Rover
C63: Rover (#5) | D63: Sara Alemu | E63: 5:45 AM | F63: Rover
C64: Rover (#6) | D64: Shanta Islam | E64: 5:45 AM | F64: Rover
C65: Rover (#7) | D65: Teasia Arnold | E65: 5:45 AM | F65: Rover
C66: Rover (#8) | D66: Terrell Leath | E66: 5:45 AM | F66: Rover
A67: Leads manage breaks in-zone. White=early stay · Green=late arrival · Orange=UNFILLED

Sheet Client Assignment Sheet
A1: CLIENT ASSIGNMENT SHEET — FROM AM / PM PLAYBOOKS ONLY
A2: Date: | B2: ='Control Center'!B3
A3: NEVER assigns employees. Names copied from playbooks only. Fix assignments on AM/PM Operations Playbook, then re-open or re-export this sheet. Print AM block or PM block as needed.
A5: AM CLIENT VIEW — AM Operations Playbook (3:45 | full ops after 5:45)
A6: # | B6: POSITION | C6: Name (3:45) | D6: Shift | E6: Name (5:45 full ops) | F6: Shift | G6: Source
A7: MAIN SECURITY CHECKPOINT
A8: 1 | B8: Front Entrance (#1) | C8: Khadijah Van Holten | D8: 3:45 AM | E8: Kidest Solomon | F8: 5:45 AM | G8: AM Playbook
A9: 2 | B9: Front Entrance (#2) | C9: Maryse Camille | D9: 3:45 AM | E9: Maryse Camille | F9: 3:45 AM | G9: AM Playbook
A10: 3 | B10: ADA Entrance (1) | C10: Larry Fuller | D10: 3:45 AM | E10: Shanta Islam | F10: 5:45 AM | G10: AM Playbook
A11: 4 | B11: Lanes 17-18 (1) | C11: Tiffany Felton | D11: 3:45 AM | E11: Tiffany Felton | F11: 3:45 AM | G11: AM Playbook
A12: 5 | B12: Inside Center (1) | C12: Demetrius Thomas | D12: 3:45 AM | E12: Demetrius Thomas | F12: 3:45 AM | G12: AM Playbook
A13: 6 | B13: Lanes 1-3/Pre-Check (1) | E13: Jada Batiste | F13: 5:45 AM | G13: AM Playbook
A14: ATRIUM
A15: 7 | B15: KIA (1) | C15: Natasha Carbon | D15: 3:45 AM | E15: Natasha Carbon | F15: 3:45 AM | G15: AM Playbook
A16: SOUTH SECURITY CHECKPOINT
A17: 8 | B17: Checkpoint – Front Entrance (#1) | E17: Lynn Yi-Smith | F17: 5:45 AM | G17: AM Playbook
A18: 9 | B18: Checkpoint – Front Entrance (#2) | C18: Brianna Bryant | D18: 3:45 AM | E18: Brianna Bryant | F18: 3:45 AM | G18: AM Playbook
A19: 10 | B19: Checkpoint – Inside (#1) | C19: Maryse Camille | D19: 3:45 AM | E19: Sarita Jewell | F19: 5:45 AM | G19: AM Playbook
A20: 11 | B20: Checkpoint – Inside (#2) | E20: Jamal Reynolds | F20: 5:45 AM | G20: AM Playbook
A21: 12 | B21: Hallway Pre-check Overflow (1) | C21: Kimberly Morrison | D21: 3:45 AM | E21: Kimberly Morrison | F21: 3:45 AM | G21: AM Playbook
A22: 13 | B22: South Restroom (1) | C22: Jessika Williams | D22: 3:45 AM | E22: Jessika Williams | F22: 3:45 AM | G22: AM Playbook
A23: 14 | B23: IHOP (1) | C23: Khadijah Van Holten | D23: 3:45 AM | E23: Khadijah Van Holten | F23: 3:45 AM | G23: AM Playbook
A24: NORTH SECURITY CHECKPOINT
A25: 15 | B25: Checkpoint – Inside (1) | C25: Kimberly Morrison | D25: 3:45 AM | E25: Ashia Norman | F25: 5:45 AM | G25: AM Playbook
A26: 16 | B26: North Corridor (1) | C26: Benjamin Crosby | D26: 3:45 AM | E26: Benjamin Crosby | F26: 3:45 AM | G26: AM Playbook
A27: 17 | B27: North Restroom Hallway (#1) | C27: Tanya Organ | D27: 3:45 AM | E27: Tanya Organ | F27: 3:45 AM | G27: AM Playbook
A28: 18 | B28: North Restroom Hallway (#2) | C28: Ahamed John | D28: 3:45 AM | E28: Ahamed John | F28: 3:45 AM | G28: AM Playbook
A29: 19 | B29: We Juice It (1) | C29: Larry Fuller | D29: 3:45 AM | E29: Larry Fuller | F29: 3:45 AM | G29: AM Playbook
A30: LOWER NORTH SECURITY CHECKPOINT
A31: 20 | B31: Checkpoint – Inside (1) | C31: Jessika Williams | D31: 3:45 AM | E31: Adeyeye Opaaje | F31: 5:45 AM | G31: AM Playbook
A32: 21 | B32: N5 Door (1) | C32: UNFILLED | E32: Habtewold Daba | F32: 5:45 AM | G32: AM Playbook
A33: 22 | B33: LN2 Elevator (1) | E33: Vanessa Cortes | F33: 5:45 AM | G33: AM Playbook
A34: AGT LEVEL
A35: 23 | B35: T Platform Train Doors (#1) | E35: Mildred Torres | F35: 5:45 AM | G35: AM Playbook
A36: 24 | B36: T Platform Train Doors (#2) | E36: Monique Hicks | F36: 5:45 AM | G36: AM Playbook
A37: 25 | B37: Domestic Baggage Claim (1) | E37: Mamadou Seck | F37: 5:45 AM | G37: AM Playbook
A38: 26 | B38: T Bridge Landing (#1) | E38: Aleah Mckinnon | F38: 5:45 AM | G38: AM Playbook
A39: 27 | B39: T Bridge Landing (#2) | E39: Monica Ortiz | F39: 5:45 AM | G39: AM Playbook
A40: 28 | B40: Alpha West (1) | E40: Yahkirah Manggrum | F40: 5:45 AM | G40: AM Playbook
A41: 29 | B41: Bravo West (1) | E41: Isaiah Williams | F41: 5:45 AM | G41: AM Playbook
A42: 30 | B42: Charlie West (1) | E42: Marquise Jackson | F42: 5:45 AM | G42: AM Playbook
A43: 31 | B43: Delta West (1) | E43: Feleke Tekle | F43: 5:45 AM | G43: AM Playbook
A44: SURVEYS
A45: 32 | B45: Surveyor (#1) | E45: Chrystol Harvey | F45: 5:45 AM | G45: AM Playbook
A46: 33 | B46: Surveyor (#2) | E46: Cicely Thicklin | F46: 5:45 AM | G46: AM Playbook
A47: 34 | B47: Surveyor (#3) | E47: Jacquatta Green | F47: 5:45 AM | G47: AM Playbook
A48: 35 | B48: Surveyor (#4) | C48: UNFILLED | G48: AM Playbook
A49: INFORMATION DESK
A50: 36 | B50: Information Desk Personnel | E50: Sandra Gerson | F50: 5:45 AM | G50: AM Playbook
A51: DIVESTING
A52: 37 | B52: North Divesting (#1) | C52: Natasha Carbon | D52: 3:45 AM | E52: Fikre Hadera | F52: 5:45 AM | G52: AM Playbook
A53: 38 | B53: North Divesting (#2) | C53: Ahamed John | D53: 3:45 AM | E53: George Whitehead | F53: 5:45 AM | G53: AM Playbook
A54: 39 | B54: North Divesting (#3) | C54: Moneshia Echols | D54: 3:45 AM | E54: Moneshia Echols | F54: 3:45 AM | G54: AM Playbook
A55: 40 | B55: North Divesting (#4) | E55: Micheal Manning | F55: 5:45 AM | G55: AM Playbook
A56: 41 | B56: Lower North Divesting (#1) | C56: Allen Suggs | D56: 3:45 AM | E56: Allen Suggs | F56: 3:45 AM | G56: AM Playbook
A57: 42 | B57: Lower North Divesting (#2) | E57: Samiroe Ford | F57: 5:45 AM | G57: AM Playbook
A58: 43 | B58: Lower North Divesting (#3) | E58: Tyana Gutzmore | F58: 5:45 AM | G58: AM Playbook
A60: PM CLIENT VIEW — PM Operations Playbook (12:15 | full ops after 2:00)
A61: # | B61: POSITION | C61: Name (12:15) | D61: Shift | E61: Name (2:00 full ops) | F61: Shift | G61: Source
A62: MAIN SECURITY CHECKPOINT
A63: 1 | B63: Front Entrance (#1) | E63: Elizabeth Harlee | F63: 2:00 PM | G63: PM Playbook
A64: 2 | B64: Front Entrance (#2) | C64: Chiedu Memeh | D64: 12:15 PM | E64: Chiedu Memeh | F64: 12:15 PM | G64: PM Playbook
A65: 3 | B65: ADA Entrance (1) | E65: Theresa Logan | F65: 2:00 PM | G65: PM Playbook
A66: 4 | B66: Lanes 17-18 (1) | C66: Veronica Laster | D66: 12:15 PM | E66: Veronica Laster | F66: 12:15 PM | G66: PM Playbook
A67: 5 | B67: Inside Center (1) | C67: De'Anna Reese | D67: 12:15 PM | E67: De'Anna Reese | F67: 12:15 PM | G67: PM Playbook
A68: 6 | B68: Lanes 1-3/Pre-Check (1) | E68: Aaliyah Snider | F68: 2:00 PM | G68: PM Playbook
A69: ATRIUM
A70: 7 | B70: KIA (1) | C70: David Holloman | D70: 12:15 PM | E70: David Holloman | F70: 12:15 PM | G70: PM Playbook
A71: SOUTH SECURITY CHECKPOINT
A72: 8 | B72: Checkpoint – Front Entrance (#1) | E72: Khalia Mitchell | F72: 2:00 PM | G72: PM Playbook
A73: 9 | B73: Checkpoint – Front Entrance (#2) | C73: Amadou Diallo | D73: 12:15 PM | E73: Amadou Diallo | F73: 12:15 PM | G73: PM Playbook
A74: 10 | B74: Checkpoint – Inside (#1) | E74: Zekiah Robinson | F74: 2:00 PM | G74: PM Playbook
A75: 11 | B75: Checkpoint – Inside (#2) | G75: PM Playbook
A76: 12 | B76: Hallway Pre-check Overflow (1) | C76: Agnes Bammannage | D76: 12:15 PM | E76: Agnes Bammannage | F76: 12:15 PM | G76: PM Playbook
A77: 13 | B77: South Restroom (1) | C77: Carrie Weaver | D77: 12:15 PM | E77: Carrie Weaver | F77: 12:15 PM | G77: PM Playbook
A78: 14 | B78: IHOP (1) | C78: Brittney Quave | D78: 12:15 PM | E78: Brittney Quave | F78: 12:15 PM | G78: PM Playbook
A79: NORTH SECURITY CHECKPOINT
A80: 15 | B80: Checkpoint – Inside (1) | E80: Youba Coly | F80: 2:00 PM | G80: PM Playbook
A81: 16 | B81: North Corridor (1) | C81: Zinash Shiferaw | D81: 12:15 PM | E81: Zinash Shiferaw | F81: 12:15 PM | G81: PM Playbook
A82: 17 | B82: North Restroom Hallway (#1) | C82: Eyerusalem Esubaluw | D82: 12:15 PM | E82: Eyerusalem Esubaluw | F82: 12:15 PM | G82: PM Playbook
A83: 18 | B83: North Restroom Hallway (#2) | C83: John Davis | D83: 12:15 PM | E83: John Davis | F83: 12:15 PM | G83: PM Playbook
A84: 19 | B84: We Juice It (1) | C84: Ivory Johnson | D84: 12:15 PM | E84: Ivory Johnson | F84: 12:15 PM | G84: PM Playbook
A85: LOWER NORTH SECURITY CHECKPOINT
A86: 20 | B86: Checkpoint – Inside (1) | E86: Tangy Winfrey | F86: 2:00 PM | G86: PM Playbook
A87: 21 | B87: N5 Door (1) | E87: Kori Jenkins | F87: 2:00 PM | G87: PM Playbook
A88: 22 | B88: LN2 Elevator (1) | E88: Yitshhaq Sagahon | F88: 2:00 PM | G88: PM Playbook
A89: AGT LEVEL
A90: 23 | B90: T Platform Train Doors (#1) | E90: Youssouf Traore | F90: 2:00 PM | G90: PM Playbook
A91: 24 | B91: T Platform Train Doors (#2) | E91: Richard Soro | F91: 2:00 PM | G91: PM Playbook
A92: 25 | B92: Domestic Baggage Claim (1) | E92: Kaci Cosper | F92: 2:00 PM | G92: PM Playbook
A93: 26 | B93: T Bridge Landing (#1) | E93: Bousso Dioum | F93: 2:00 PM | G93: PM Playbook
A94: 27 | B94: T Bridge Landing (#2) | E94: Princess Vance | F94: 2:00 PM | G94: PM Playbook
A95: 28 | B95: Alpha West (1) | E95: Heather Wray | F95: 2:00 PM | G95: PM Playbook
A96: 29 | B96: Bravo West (1) | E96: Braheem Wooden | F96: 2:00 PM | G96: PM Playbook
A97: 30 | B97: Charlie West (1) | E97: Khursheeda Nasreen | F97: 2:00 PM | G97: PM Playbook
A98: 31 | B98: Delta West (1) | E98: Rozita Davis | F98: 2:00 PM | G98: PM Playbook
A99: SURVEYS
A100: 32 | B100: Surveyor (#1) | C100: Falana Broughton | D100: 12:15 PM | E100: Falana Broughton | F100: 12:15 PM | G100: PM Playbook
A101: 33 | B101: Surveyor (#2) | C101: Kaba Diop | D101: 12:15 PM | E101: Kaba Diop | F101: 12:15 PM | G101: PM Playbook
A102: 34 | B102: Surveyor (#3) | C102: UNFILLED | G102: PM Playbook
...

Sheet Break Coverage
A1: AM BREAK COVERAGE — DEFERRED TO LEADS
A2: Lunch/break assignment is handled by leads in each work zone. Parked for a later phase.
A4: Position | B4: Employee | C4: Side | D4: Lunch | E4: Relief By | F4: Relief From | G4: Status
A5: Domestic Baggage Claim (1) | B5: Mamadou Seck | C5: 5:45 | D5: 10:00 | E5: NO RELIEF | G5: NO RELIEF
A6: Checkpoint – Inside (1) | B6: Jessika Williams | C6: 3:45 | D6: 8:00 | E6: NO RELIEF | G6: NO RELIEF
A7: We Juice It (1) | B7: Larry Fuller | C7: 3:45 | D7: 8:00 | E7: NO RELIEF | G7: NO RELIEF
A8: Checkpoint – Inside (1) | B8: Adeyeye Opaaje | C8: 5:45 | D8: 9:00 | E8: NO RELIEF | G8: NO RELIEF
A9: Lanes 17-18 (1) | B9: Tiffany Felton | C9: 3:45 | D9: 9:00 | E9: NO RELIEF | G9: NO RELIEF
A10: North Divesting (#1) | B10: Natasha Carbon | C10: 3:45 | D10: 9:00 | E10: NO RELIEF | G10: NO RELIEF
A11: North Divesting (#2) | B11: George Whitehead | C11: 5:45 | D11: 9:00 | E11: NO RELIEF | G11: NO RELIEF
A12: North Divesting (#3) | B12: Moneshia Echols | C12: 3:45 | D12: 9:00 | E12: NO RELIEF | G12: NO RELIEF
A13: North Restroom Hallway (#1) | B13: Tanya Organ | C13: 3:45 | D13: 9:00 | E13: NO RELIEF | G13: NO RELIEF
A14: ADA Entrance (1) | B14: Shanta Islam | C14: 5:45 | D14: 10:00 | E14: Khadijah Van Holten | F14: Front Entrance (#1) | G14: OK
A15: Checkpoint – Front Entrance (#1) | B15: Lynn Yi-Smith | C15: 5:45 | D15: 10:00 | E15: Maryse Camille | F15: Checkpoint - Front Entrance (#2) | G15: OK
A16: Checkpoint – Inside (#1) | B16: Sarita Jewell | C16: 5:45 | D16: 10:00 | E16: Jamal Reynolds | F16: Checkpoint - Inside (#2) | G16: OK
A17: LN2 Elevator (1) | B17: Vanessa Cortes | C17: 5:45 | D17: 10:00 | E17: Larry Fuller | F17: We Juice It (1) | G17: OK
A18: Lower North Divesting (#2) | B18: Samiroe Ford | C18: 5:45 | D18: 10:00 | E18: Anariah Daniel | F18: Rover | G18: OK
A19: Lower North Divesting (#3) | B19: Tyana Gutzmore | C19: 5:45 | D19: 10:00 | E19: Brian Lee | F19: Rover | G19: OK
A20: North Divesting (#4) | B20: Micheal Manning | C20: 5:45 | D20: 10:00 | E20: Ahamed John | F20: North Restroom Hallway (#2) | G20: OK
A21: T Bridge Landing (#2) | B21: Monica Ortiz | C21: 5:45 | D21: 10:00 | E21: Aleah Mckinnon | F21: T Bridge Landing (#1) | G21: OK
A22: T Platform Train Doors (#1) | B22: Mildred Torres | C22: 5:45 | D22: 10:00 | E22: Dequavius Parker | F22: Rover | G22: OK
A23: T Platform Train Doors (#2) | B23: Monique Hicks | C23: 5:45 | D23: 10:00 | E23: Lashawn Jones | F23: Rover | G23: OK
A24: ADA Entrance (1) | B24: Larry Fuller | C24: 3:45 | D24: 8:00 | E24: Kidest Solomon | F24: Front Entrance (#1) | G24: OK
A25: Checkpoint – Front Entrance (#2) | B25: Brianna Bryant | C25: 3:45 | D25: 8:00 | E25: Anariah Daniel | F25: Rover | G25: OK
... A41: T Bridge Landing (#1) | B41: Aleah Mckinnon | C41: 5:45 | D41: 9:00 | E41: Monica Ortiz | F41: T Bridge Landing (#2) | G41: OK
A42: Alpha West (1) | B42: Yahkirah Manggrum | C42: 5:45 | D42: 10:00 | E42: No Relief Needed | G42: N/A
A43: Charlie West (1) | B43: Marquise Jackson | C43: 5:45 | D43: 10:00 | E43: No Relief Needed | G43: N/A
A44: Information Desk Personnel | B44: Sandra Gerson | C44: 5:45 | D44: 10:00 | E44: No Relief Needed | G44: N/A
A45: Bravo West (1) | B45: Isaiah Williams | C45: 5:45 | D45: 9:00 | E45: No Relief Needed | G45: N/A
A46: Delta West (1) | B46: Feleke Tekle | C46: 5:45 | D46: 9:00 | E46: No Relief Needed | G46: N/A
A47: KIA (1) | B47: Natasha Carbon | C47: 3:45 | D47: 9:00 | E47: No Relief Needed | G47: N/A
A48: Surveyor (#1) | B48: Chrystol Harvey | C48: 5:45 | D48: 9:00 | E48: No Relief Needed | G48: N/A
A49: Surveyor (#2) | B49: Cicely Thicklin | C49: 5:45 | D49: 9:00 | E49: No Relief Needed | G49: N/A
A50: Surveyor (#3) | B50: Jacquatta Green | C50: 5:45 | D50: 9:00 | E50: No Relief Needed | G50: N/A
A51: Rover | B51: Sara Alemu | C51: 5:45 | D51: 10:00 | E51: — (covers 2/2) | G51: ROVER
A52: Rover | B52: Shawanda Webb | C52: 5:45 | D52: 10:00 | E52: — (covers 2/2) | G52: ROVER
A53: Rover | B53: Veronda Jones | C53: 5:45 | D53: 10:00 | E53: — (covers 2/2) | G53: ROVER
... A57: Rover | B57: Lashawn Jones | C57: 5:45 | D57: 9:00 | E57: — (covers 2/2) | G57: ROVER
A59: Total: 53 | OK: 28 | No Relief Needed: 9 | NO RELIEF gaps: 9
A61: ROVER LOAD (AM max 2 covers each)
A62: Anariah Daniel (5:45 AM) — covers 2/2 | own lunch 9:00 | by window {'8:00': 1, '10:00': 1}
A63: Brian Lee (5:45 AM) — covers 2/2 | own lunch 9:00 | by window {'8:00': 1, '10:00': 1}
A64: Dequavius Parker (5:45 AM) — covers 2/2 | own lunch 9:00 | by window {'8:00': 1, '10:00': 1}
A65: Sara Alemu (5:45 AM) — covers 2/2 | own lunch 10:00 | by window {'8:00': 1, '9:00': 1}
A66: Shawanda Webb (5:45 AM) — covers 2/2 | own lunch 10:00 | by window {'8:00': 1, '9:00': 1}
A67: Veronda Jones (5:45 AM) — covers 2/2 | own lunch 10:00 | by window {'8:00': 1, '9:00': 1}
A68: Lashawn Jones (5:45 AM) — covers 2/2 | own lunch 9:00 | by window {'8:00': 1, '10:00': 1}
A70: Lunch counts: 8:00=9 9:00=22 10:00=17

Sheet PM Break Coverage
A1: PM BREAK COVERAGE — DEFERRED TO LEADS
A2: Lunch/break assignment is handled by leads in each work zone. Parked for a later phase.
A4: Position | B4: Employee | C4: Side | D4: Lunch | E4: Relief By | F4: Relief From | G4: Status
A5: North Corridor (1) | B5: Zinash Shiferaw | C5: 12:15 | D5: 4:00 | E5: NO RELIEF | G5: NO RELIEF
A6: North Restroom Hallway (#1) | B6: Eyerusalem Esubaluw | C6: 12:15 | D6: 4:00 | E6: NO RELIEF | G6: NO RELIEF
A7: North Restroom Hallway (#2) | B7: John Davis | C7: 12:15 | D7: 4:00 | E7: NO RELIEF | G7: NO RELIEF
A8: We Juice It (1) | B8: Ivory Johnson | C8: 12:15 | D8: 4:00 | E8: NO RELIEF | G8: NO RELIEF
A9: Lower North Divesting (#3) | B9: Akuugo Nduaguba | C9: 2:00 | D9: 6:00 | E9: NO RELIEF | G9: NO RELIEF
A10: N5 Door (1) | B10: Kori Jenkins | C10: 2:00 | D10: 6:00 | E10: NO RELIEF | G10: NO RELIEF
A11: Front Entrance (#2) | B11: Chiedu Memeh | C11: 12:15 | D11: 4:00 | E11: Elizabeth Harlee | F11: Front Entrance (#1) | G11: OK
A12: IHOP (1) | B12: Brittney Quave | C12: 12:15 | D12: 4:00 | E12: Rihana Ababulla | F12: Rover | G12: OK
A13: Inside Center (1) | B13: De'Anna Reese | C13: 12:15 | D13: 4:00 | E13: Khalia Mitchell | F13: Front Entrance (#1) | G13: OK
A14: Lanes 17-18 (1) | B14: Veronica Laster | C14: 12:15 | D14: 4:00 | E14: Amadou Diallo | F14: Front Entrance (#2) | G14: OK
A15: Checkpoint – Front Entrance (#2) | B15: Amadou Diallo | C15: 12:15 | D15: 5:00 | E15: Elizabeth Harlee | F15: Checkpoint - Front Entrance (#1) | G15: OK
A16: Hallway Pre-check Overflow (1) | B16: Agnes Bammannage | C16: 12:15 | D16: 5:00 | E16: Brittney Quave | F16: IHOP (1) | G16: OK
A17: Lower North Divesting (#1) | B17: Elena Thomas | C17: 12:15 | D17: 5:00 | E17: Ivory Johnson | F17: We Juice It (1) | G17: OK
A18: North Divesting (#3) | B18: Darrius Dunlap | C18: 12:15 | D18: 5:00 | E18: Eyerusalem Esubaluw | F18: North Restroom Hallway (#1) | G18: OK
A19: South Restroom (1) | B19: Carrie Weaver | C19: 12:15 | D19: 5:00 | E19: David Holloman | F19: KIA (1) | G19: OK
A20: ADA Entrance (1) | B20: Theresa Logan | C20: 2:00 | D20: 6:00 | E20: Elizabeth Harlee | F20: Front Entrance (#1) | G20: OK
A21: Checkpoint – Front Entrance (#1) | B21: Khalia Mitchell | C21: 2:00 | D21: 6:00 | E21: Chiedu Memeh | F21: Checkpoint - Front Entrance (#2) | G21: OK
A22: Checkpoint – Inside (#1) | B22: Zekiah Robinson | C22: 2:00 | D22: 6:00 | E22: Alyssa Prince | F22: Rover | G22: OK
... A35: T Platform Train Doors (#1) | B35: Youssouf Traore | C35: 2:00 | D35: 7:00 | E35: Richard Soro | F35: T Platform Train Doors (#2) | G35: OK
A36: KIA (1) | B36: David Holloman | C36: 12:15 | D36: 4:00 | E36: No Relief Needed | G36: N/A
A37: Surveyor (#2) | B37: Kaba Diop | C37: 12:15 | D37: 4:00 | E37: No Relief Needed | G37: N/A
A38: Surveyor (#1) | B38: Falana Broughton | C38: 12:15 | D38: 5:00 | E38: No Relief Needed | G38: N/A
A39: Charlie West (1) | B39: Khursheeda Nasreen | C39: 2:00 | D39: 6:00 | E39: No Relief Needed | G39: N/A
A40: Alpha West (1) | B40: Heather Wray | C40: 2:00 | D40: 7:00 | E40: No Relief Needed | G40: N/A
A41: Bravo West (1) | B41: Braheem Wooden | C41: 2:00 | D41: 7:00 | E41: No Relief Needed | G41: N/A
A42: Delta West (1) | B42: Rozita Davis | C42: 2:00 | D42: 7:00 | E42: No Relief Needed | G42: N/A
A43: Rover | B43: Alyssa Prince | C43: 12:15 | D43: 4:00 | E43: — (covers 2/3) | G43: ROVER
A44: Rover | B44: Rihana Ababulla | C44: 12:15 | D44: 5:00 | E44: — (covers 3/3) | G44: ROVER
A46: Total: 40 | OK: 25 | No Relief Needed: 7 | NO RELIEF gaps: 6
A48: ROVER LOAD (PM max 3)
A49: Rihana Ababulla (12:15 PM) — covers 3/3 | own lunch 5:00 | by window {'4:00': 1, '6:00': 1, '7:00': 1}
A50: Alyssa Prince (12:15 PM) — covers 2/3 | own lunch 4:00 | by window {'6:00': 1, '7:00': 1}
A52: Lunch window counts: {'7:00': 11, '4:00': 11, '6:00': 11, '5:00': 7}

Sheet Validation
A1: VALIDATION & SMOKE-TEST CHECKLIST
A2: After date change or playbook regen: Ctrl+Alt+F5, then complete checklist.
A4: Check | B4: What to verify | C4: Pass Y/N | D4: Notes
A5: Date linked | B5: Control Center B3 drives Scheduled Today?
A6: AM pool > 0 | B6: AM Pool filter A=Y on a normal weekday
A7: PM pool > 0 | B7: PM Pool filter A=Y on a normal weekday
A8: No days-off on playbook | B8: Spot-check Days Off vs assignments
A9: No absences on playbook | B9: Approved Absences names not assigned
A10: Leads not on normal posts | B10: Lead=Y only in Leads box
A11: AM HARD opens covered | B11: Required 3:45 posts filled or UNFILLED
A12: AM full ops complete | B12: Right side has names except Not Staffed
A13: PM handoff correct | B13: 5:45 full-ops → 2:00; 3:45 stay → 12:15
A14: No double-book same period | B14: See duplicate flags below
A15: Client matches playbooks | B15: Client names = playbook names
A16: Surveys switch works | B16: Control Center B4/B5
... A18: Print PM width OK | B18: Print Preview fit width 1 page
A20: LIVE COUNTS
A21: Schedule Date | B21: ='Control Center'!B3
A22: AM Eligible | B22: =COUNTIF('AM Pool'!A5:A200,"Y")
A23: PM Eligible | B23: =COUNTIF('PM Pool'!A5:A200,"Y")
A24: AM Surveys | B24: ='Control Center'!B4
A25: PM Surveys | B25: ='Control Center'!B5
A27: DUPLICATE CHECK (snapshot)
A28: AM multi-position | B28: Khadijah Van Holten: ['IHOP (1)', 'Front Entrance (#1)']; Maryse Camille: ['Front Entrance (#2)', 'Checkpoint – Inside (#1)']; Larry Fuller: ['We Juice It (1)', 'ADA Entrance (1)']; Natasha Carbon: ['KIA (1)', 'North Divesting (#1)']; Kimberly Morrison: ['Hallway Pre-check Overflow (1)', 'Checkpoint – Inside (1)']; Jessika Williams: ['South Restroom (1)', 'Checkpoint – Inside (1)']
A29: PM multi-position | B29: None — OK
A31: SMOKE-TEST DATES
A32: Scenario | B32: Date tested | C32: AM pool | D32: PM pool | E32: Issues | F32: Pass Y/N
A33: Normal weekday
A34: Heavy absences day
A35: Surveys OFF day

Sheet AM Pool
A1: AM AVAILABLE POOL
A2: Filter column A (AM Eligible?) = Y to see only people available for AM assignment today. Names update when Schedule Date changes (Ctrl+Alt+F5).
A3: Compatible with all Excel versions and LibreOffice. Use AutoFilter on row 4.
A4: AM Eligible? | B4: Employee Name | C4: Shift | D4: Lead | E4: Mentor | F4: Trainee Y/N | G4: Main Inside | H4: Info Desk | I4: Survey | J4: Divest | K4: Mobility Restrict | L4: Assignment Rule | M4: Fixed Position | N4: 3:45 Opening Pos | O4: After 5:45 Pos | P4: Available Today? | R4: Eligible Count: | S4: =COUNTIF(A5:A163,"Y")
A5: =IF('Employee Master'!B2="","",IF(AND('Employee Master'!AD2="Y",OR('Employee Master'!C2="3:45 AM",'Employee Master'!C2="5:45 AM"),'Employee Master'!E2="N"),"Y","N")) | B5: =IF('Employee Master'!B2="","",'Employee Master'!B2) | C5: =IF('Employee Master'!B2="","",'Employee Master'!C2) | D5: =IF('Employee Master'!B2="","",'Employee Master'!E2) | E5: =IF('Employee Master'!B2="","",'Employee Master'!F2) | F5: =IF('Employee Master'!B2="","",'Employee Master'!P2) | G5: =IF('Employee Master'!B2="","",'Employee Master'!J2) | H5: =IF('Employee Master'!B2="","",'Employee Master'!I2) | I5: =IF('Employee Master'!B2="","",'Employee Master'!K2) | J5: =IF('Employee Master'!B2="","",'Employee Master'!L2) | K5: =IF('Employee Master'!B2="","",'Employee Master'!T2) | L5: =IF('Employee Master'!B2="","",'Employee Master'!M2) | M5: =IF('Employee Master'!B2="","",'Employee Master'!N2) | N5: =IF('Employee Master'!B2="","",'Employee Master'!R2) | O5: =IF('Employee Master'!B2="","",'Employee Master'!S2) | P5: =IF('Employee Master'!B2="","",'Employee Master'!AD2)
A6: =IF('Employee Master'!B3="","",IF(AND('Employee Master'!AD3="Y",OR('Employee Master'!C3="3:45 AM",'Employee Master'!C3="5:45 AM"),'Employee Master'!E3="N"),"Y","N")) | B6: =IF('Employee Master'!B3="","",'Employee Master'!B3) | C6: =IF('Employee Master'!B3="","",'Employee Master'!C3) | D6: =IF('Employee Master'!B3="","",'Employee Master'!E3) | E6: =IF('Employee Master'!B3="","",'Employee Master'!F3) | F6: =IF('Employee Master'!B3="","",'Employee Master'!P3) | G6: =IF('Employee Master'!B3="","",'Employee Master'!J3) | H6: =IF('Employee Master'!B3="","",'Employee Master'!I3) | I6: =IF('Employee Master'!B3="","",'Employee Master'!K3) | J6: =IF('Employee Master'!B3="","",'Employee Master'!L3) | K6: =IF('Employee Master'!B3="","",'Employee Master'!T3) | L6: =IF('Employee Master'!B3="","",'Employee Master'!M3) | M6: =IF('Employee Master'!B3="","",'Employee Master'!N3) | N6: =IF('Employee Master'!B3="","",'Employee Master'!R3) | O6: =IF('Employee Master'!B3="","",'Employee Master'!S3) | P6: =IF('Employee Master'!B3="","",'Employee Master'!AD3)
A7: =IF('Employee Master'!B4="","",IF(AND('Employee Master'!AD4="Y",OR('Employee Master'!C4="3:45 AM",'Employee Master'!C4="5:45 AM"),'Employee Master'!E4="N"),"Y","N")) | B7: =IF('Employee Master'!B4="","",'Employee Master'!B4) | C7: =IF('Employee Master'!B4="","",'Employee Master'!C4) | D7: =IF('Employee Master'!B4="","",'Employee Master'!E4) | E7: =IF('Employee Master'!B4="","",'Employee Master'!F4) | F7: =IF('Employee Master'!B4="","",'Employee Master'!P4) | G7: =IF('Employee Master'!B4="","",'Employee Master'!J4) | H7: =IF('Employee Master'!B4="","",'Employee Master'!I4) | I7: =IF('Employee Master'!B4="","",'Employee Master'!K4) | J7: =IF('Employee Master'!B4="","",'Employee Master'!L4) | K7: =IF('Employee Master'!B4="","",'Employee Master'!T4) | L7: =IF('Employee Master'!B4="","",'Employee Master'!M4) | M7: =IF('Employee Master'!B4="","",'Employee Master'!N4) | N7: =IF('Employee Master'!B4="","",'Employee Master'!R4) | O7: =IF('Employee Master'!B4="","",'Employee Master'!S4) | P7: =IF('Employee Master'!B4="","",'Employee Master'!AD4)
A8: =IF('Employee Master'!B5="","",IF(AND('Employee Master'!AD5="Y",OR('Employee Master'!C5="3:45 AM",'Employee Master'!C5="5:45 AM"),'Employee Master'!E5="N"),"Y","N")) | B8: =IF('Employee Master'!B5="","",'Employee Master'!B5) | C8: =IF('Employee Master'!B5="","",'Employee Master'!C5) | D8: =IF('Employee Master'!B5="","",'Employee Master'!E5) | E8: =IF('Employee Master'!B5="","",'Employee Master'!F5) | F8: =IF('Employee Master'!B5="","",'Employee Master'!P5) | G8: =IF('Employee Master'!B5="","",'Employee Master'!J5) | H8: =IF('Employee Master'!B5="","",'Employee Master'!I5) | I8: =IF('Employee Master'!B5="","",'Employee Master'!K5) | J8: =IF('Employee Master'!B5="","",'Employee Master'!L5) | K8: =IF('Employee Master'!B5="","",'Employee Master'!T5) | L8: =IF('Employee Master'!B5="","",'Employee Master'!M5) | M8: =IF('Employee Master'!B5="","",'Employee Master'!N5) | N8: =IF('Employee Master'!B5="","",'Employee Master'!R5) | O8: =IF('Employee Master'!B5="","",'Employee Master'!S5) | P8: =IF('Employee Master'!B5="","",'Employee Master'!AD5)
A9: =IF('Employee Master'!B6="","",IF(AND('Employee Master'!AD6="Y",OR('Employee Master'!C6="3:45 AM",'Employee Master'!C6="5:45 AM"),'Employee Master'!E6="N"),"Y","N")) | B9: =IF('Employee Master'!B6="","",'Employee Master'!B6) | C9: =IF('Employee Master'!B6="","",'Employee Master'!C6) | D9: =IF('Employee Master'!B6="","",'Employee Master'!E6) | E9: =IF('Employee Master'!B6="","",'Employee Master'!F6) | F9: =IF('Employee Master'!B6="","",'Employee Master'!P6) | G9: =IF('Employee Master'!B6="","",'Employee Master'!J6) | H9: =IF('Employee Master'!B6="","",'Employee Master'!I6) | I9: =IF('Employee Master'!B6="","",'Employee Master'!K6) | J9: =IF('Employee Master'!B6="","",'Employee Master'!L6) | K9: =IF('Employee Master'!B6="","",'Employee Master'!T6) | L9: =IF('Employee Master'!B6="","",'Employee Master'!M6) | M9: =IF('Employee Master'!B6="","",'Employee Master'!N6) | N9: =IF('Employee Master'!B6="","",'Employee Master'!R6) | O9: =IF('Employee Master'!B6="","",'Employee Master'!S6) | P9: =IF('Employee Master'!B6="","",'Employee Master'!AD6)
A10: =IF('Employee Master'!B7="","",IF(AND('Employee Master'!AD7="Y",OR('Employee Master'!C7="3:45 AM",'Employee Master'!C7="5:45 AM"),'Employee Master'!E7="N"),"Y","N")) | B10: =IF('Employee Master'!B7="","",'Employee Master'!B7) | C10: =IF('Employee Master'!B7="","",'Employee Master'!C7) | D10: =IF('Employee Master'!B7="","",'Employee Master'!E7) | E10: =IF('Employee Master'!B7="","",'Employee Master'!F7) | F10: =IF('Employee Master'!B7="","",'Employee Master'!P7) | G10: =IF('Employee Master'!B7="","",'Employee Master'!J7) | H10: =IF('Employee Master'!B7="","",'Employee Master'!I7) | I10: =IF('Employee Master'!B7="","",'Employee Master'!K7) | J10: =IF('Employee Master'!B7="","",'Employee Master'!L7) | K10: =IF('Employee Master'!B7="","",'Employee Master'!T7) | L10: =IF('Employee Master'!B7="","",'Employee Master'!M7) | M10: =IF('Employee Master'!B7="","",'Employee Master'!N7) | N10: =IF('Employee Master'!B7="","",'Employee Master'!R7) | O10: =IF('Employee Master'!B7="","",'Employee Master'!S7) | P10: =IF('Employee Master'!B7="","",'Employee Master'!AD7)
A11: =IF('Employee Master'!B8="","",IF(AND('Employee Master'!AD8="Y",OR('Employee Master'!C8="3:45 AM",'Employee Master'!C8="5:45 AM"),'Employee Master'!E8="N"),"Y","N")) | B11: =IF('Employee Master'!B8="","",'Employee Master'!B8) | C11: =IF('Employee Master'!B8="","",'Employee Master'!C8) | D11: =IF('Employee Master'!B8="","",'Employee Master'!E8) | E11: =IF('Employee Master'!B8="","",'Employee Master'!F8) | F11: =IF('Employee Master'!B8="","",'Employee Master'!P8) | G11: =IF('Employee Master'!B8="","",'Employee Master'!J8) | H11: =IF('Employee Master'!B8="","",'Employee Master'!I8) | I11: =IF('Employee Master'!B8="","",'Employee Master'!K8) | J11: =IF('Employee Master'!B8="","",'Employee Master'!L8) | K11: =IF('Employee Master'!B8="","",'Employee Master'!T8) | L11: =IF('Employee Master'!B8="","",'Employee Master'!M8) | M11: =IF('Employee Master'!B8="","",'Employee Master'!N8) | N11: =IF('Employee Master'!B8="","",'Employee Master'!R8) | O11: =IF('Employee Master'!B8="","",'Employee Master'!S8) | P11: =IF('Employee Master'!B8="","",'Employee Master'!AD8)
A12: =IF('Employee Master'!B9="","",IF(AND('Employee Master'!AD9="Y",OR('Employee Master'!C9="3:45 AM",'Employee Master'!C9="5:45 AM"),'Employee Master'!E9="N"),"Y","N")) | B12: =IF('Employee Master'!B9="","",'Employee Master'!B9) | C12: =IF('Employee Master'!B9="","",'Employee Master'!C9) | D12: =IF('Employee Master'!B9="","",'Employee Master'!E9) | E12: =IF('Employee Master'!B9="","",'Employee Master'!F9) | F12: =IF('Employee Master'!B9="","",'Employee Master'!P9) | G12: =IF('Employee Master'!B9="","",'Employee Master'!J9) | H12: =IF('Employee Master'!B9="","",'Employee Master'!I9) | I12: =IF('Employee Master'!B9="","",'Employee Master'!K9) | J12: =IF('Employee Master'!B9="","",'Employee Master'!L9) | K12: =IF('Employee Master'!B9="","",'Employee Master'!T9) | L12: =IF('Employee Master'!B9="","",'Employee Master'!M9) | M12: =IF('Employee Master'!B9="","",'Employee Master'!N9) | N12: =IF('Employee Master'!B9="","",'Employee Master'!R9) | O12: =IF('Employee Master'!B9="","",'Employee Master'!S9) | P12: =IF('Employee Master'!B9="","",'Employee Master'!AD9)
A13: =IF('Employee Master'!B10="","",IF(AND('Employee Master'!AD10="Y",OR('Employee Master'!C10="3:45 AM",'Employee Master'!C10="5:45 AM"),'Employee Master'!E10="N"),"Y","N")) | B13: =IF('Employee Master'!B10="","",'Employee Master'!B10) | C13: =IF('Employee Master'!B10="","",'Employee Master'!C10) | D13: =IF('Employee Master'!B10="","",'Employee Master'!E10) | E13: =IF('Employee Master'!B10="","",'Employee Master'!F10) | F13: =IF('Employee Master'!B10="","",'Employee Master'!P10) | G13: =IF('Employee Master'!B10="","",'Employee Master'!J10) | H13: =IF('Employee Master'!B10="","",'Employee Master'!I10) | I13: =IF('Employee Master'!B10="","",'Employee Master'!K10) | J13: =IF('Employee Master'!B10="","",'Employee Master'!L10) | K13: =IF('Employee Master'!B10="","",'Employee Master'!T10) | L13: =IF('Employee Master'!B10="","",'Employee Master'!M10) | M13: =IF('Employee Master'!B10="","",'Employee Master'!N10) | N13: =IF('Employee Master'!B10="","",'Employee Master'!R10) | O13: =IF('Employee Master'!B10="","",'Employee Master'!S10) | P13: =IF('Employee Master'!B10="","",'Employee Master'!AD10)
A14: =IF('Employee Master'!B11="","",IF(AND('Employee Master'!AD11="Y",OR('Employee Master'!C11="3:45 AM",'Employee Master'!C11="5:45 AM"),'Employee Master'!E11="N"),"Y","N")) | B14: =IF('Employee Master'!B11="","",'Employee Master'!B11) | C14: =IF('Employee Master'!B11="","",'Employee Master'!C11) | D14: =IF('Employee Master'!B11="","",'Employee Master'!E11) | E14: =IF('Employee Master'!B11="","",'Employee Master'!F11) | F14: =IF('Employee Master'!B11="","",'Employee Master'!P11) | G14: =IF('Employee Master'!B11="","",'Employee Master'!J11) | H14: =IF('Employee Master'!B11="","",'Employee Master'!I11) | I14: =IF('Employee Master'!B11="","",'Employee Master'!K11) | J14: =IF('Employee Master'!B11="","",'Employee Master'!L11) | K14: =IF('Employee Master'!B11="","",'Employee Master'!T11) | L14: =IF('Employee Master'!B11="","",'Employee Master'!M11) | M14: =IF('Employee Master'!B11="","",'Employee Master'!N11) | N14: =IF('Employee Master'!B11="","",'Employee Master'!R11) | O14: =IF('Employee Master'!B11="","",'Employee Master'!S11) | P14: =IF('Employee Master'!B11="","",'Employee Master'!AD11)
A15: =IF('Employee Master'!B12="","",IF(AND('Employee Master'!AD12="Y",OR('Employee Master'!C12="3:45 AM",'Employee Master'!C12="5:45 AM"),'Employee Master'!E12="N"),"Y","N")) | B15: =IF('Employee Master'!B12="","",'Employee Master'!B12) | C15: =IF('Employee Master'!B12="","",'Employee Master'!C12) | D15: =IF('Employee Master'!B12="","",'Employee Master'!E12) | E15: =IF('Employee Master'!B12="","",'Employee Master'!F12) | F15: =IF('Employee Master'!B12="","",'Employee Master'!P12) | G15: =IF('Employee Master'!B12="","",'Employee Master'!J12) | H15: =IF('Employee Master'!B12="","",'Employee Master'!I12) | I15: =IF('Employee Master'!B12="","",'Employee Master'!K12) | J15: =IF('Employee Master'!B12="","",'Employee Master'!L12) | K15: =IF('Employee Master'!B12="","",'Employee Master'!T12) | L15: =IF('Employee Master'!B12="","",'Employee Master'!M12) | M15: =IF('Employee Master'!B12="","",'Employee Master'!N12) | N15: =IF('Employee Master'!B12="","",'Employee Master'!R12) | O15: =IF('Employee Master'!B12="","",'Employee Master'!S12) | P15: =IF('Employee Master'!B12="","",'Employee Master'!AD12)
A16: =IF('Employee Master'!B13="","",IF(AND('Employee Master'!AD13="Y",OR('Employee Master'!C13="3:45 AM",'Employee Master'!C13="5:45 AM"),'Employee Master'!E13="N"),"Y","N")) | B16: =IF('Employee Master'!B13="","",'Employee Master'!B13) | C16: =IF('Employee Master'!B13="","",'Employee Master'!C13) | D16: =IF('Employee Master'!B13="","",'Employee Master'!E13) | E16: =IF('Employee Master'!B13="","",'Employee Master'!F13) | F16: =IF('Employee Master'!B13="","",'Employee Master'!P13) | G16: =IF('Employee Master'!B13="","",'Employee Master'!J13) | H16: =IF('Employee Master'!B13="","",'Employee Master'!I13) | I16: =IF('Employee Master'!B13="","",'Employee Master'!K13) | J16: =IF('Employee Master'!B13="","",'Employee Master'!L13) | K16: =IF('Employee Master'!B13="","",'Employee Master'!T13) | L16: =IF('Employee Master'!B13="","",'Employee Master'!M13) | M16: =IF('Employee Master'!B13="","",'Employee Master'!N13) | N16: =IF('Employee Master'!B13="","",'Employee Master'!R13) | O16: =IF('Employee Master'!B13="","",'Employee Master'!S13) | P16: =IF('Employee Master'!B13="","",'Employee Master'!AD13)
... A163: =IF('Employee Master'!B160="","",IF(AND('Employee Master'!AD160="Y",OR('Employee Master'!C160="3:45 AM",'Employee Master'!C160="5:45 AM"),'Employee Master'!E160="N"),"Y","N")) | B163: =IF('Employee Master'!B160="","",'Employee Master'!B160) | C163: =IF('Employee Master'!B160="","",'Employee Master'!C160) | D163: =IF('Employee Master'!B160="","",'Employee Master'!E160) | E163: =IF('Employee Master'!B160="","",'Employee Master'!F160) | F163: =IF('Employee Master'!B160="","",'Employee Master'!P160) | G163: =IF('Employee Master'!B160="","",'Employee Master'!J160) | H163: =IF('Employee Master'!B160="","",'Employee Master'!I160) | I163: =IF('Employee Master'!B160="","",'Employee Master'!K160) | J163: =IF('Employee Master'!B160="","",'Employee Master'!L160) | K163: =IF('Employee Master'!B160="","",'Employee Master'!T160) | L163: =IF('Employee Master'!B160="","",'Employee Master'!M160) | M163: =IF('Employee Master'!B160="","",'Employee Master'!N160) | N163: =IF('Employee Master'!B160="","",'Employee Master'!R160) | O163: =IF('Employee Master'!B160="","",'Employee Master'!S160) | P163: =IF('Employee Master'!B160="","",'Employee Master'!AD160)

Sheet PM Pool
A1: PM AVAILABLE POOL
A2: Filter column A (PM Eligible?) = Y. Names update when Schedule Date changes (Ctrl+Alt+F5). Lead=N, Available Today, shift 12:15 or 2:00.
A4: PM Eligible? | B4: Employee Name | C4: Shift | D4: Lead | E4: Mentor | F4: Trainee Y/N | G4: Main Inside | H4: Info Desk | I4: Survey | J4: Divest | K4: Mobility Restrict | L4: Assignment Rule | M4: Fixed Position | N4: Lunch Preference | O4: Available Today? | P4: Eligible Count: | Q4: =COUNTIF(A5:A169,"Y")
A5: =IF('Employee Master'!B2="","",IF(AND('Employee Master'!AD2="Y",OR('Employee Master'!C2="12:15 PM",'Employee Master'!C2="2:00 PM"),'Employee Master'!E2="N"),"Y","N")) | B5: =IF('Employee Master'!B2="","",'Employee Master'!B2) | C5: =IF('Employee Master'!B2="","",'Employee Master'!C2) | D5: =IF('Employee Master'!B2="","",'Employee Master'!E2) | E5: =IF('Employee Master'!B2="","",'Employee Master'!F2) | F5: =IF('Employee Master'!B2="","",'Employee Master'!P2) | G5: =IF('Employee Master'!B2="","",'Employee Master'!J2) | H5: =IF('Employee Master'!B2="","",'Employee Master'!I2) | I5: =IF('Employee Master'!B2="","",'Employee Master'!K2) | J5: =IF('Employee Master'!B2="","",'Employee Master'!L2) | K5: =IF('Employee Master'!B2="","",'Employee Master'!T2) | L5: =IF('Employee Master'!B2="","",'Employee Master'!M2) | M5: =IF('Employee Master'!B2="","",'Employee Master'!N2) | N5: =IF('Employee Master'!B2="","",'Employee Master'!H2) | O5: =IF('Employee Master'!B2="","",'Employee Master'!AD2)
A6: =IF('Employee Master'!B3="","",IF(AND('Employee Master'!AD3="Y",OR('Employee Master'!C3="12:15 PM",'Employee Master'!C3="2:00 PM"),'Employee Master'!E3="N"),"Y","N")) | B6: =IF('Employee Master'!B3="","",'Employee Master'!B3) | C6: =IF('Employee Master'!B3="","",'Employee Master'!C3) | D6: =IF('Employee Master'!B3="","",'Employee Master'!E3) | E6: =IF('Employee Master'!B3="","",'Employee Master'!F3) | F6: =IF('Employee Master'!B3="","",'Employee Master'!P3) | G6: =IF('Employee Master'!B3="","",'Employee Master'!J3) | H6: =IF('Employee Master'!B3="","",'Employee Master'!I3) | I6: =IF('Employee Master'!B3="","",'Employee Master'!K3) | J6: =IF('Employee Master'!B3="","",'Employee Master'!L3) | K6: =IF('Employee Master'!B3="","",'Employee Master'!T3) | L6: =IF('Employee Master'!B3="","",'Employee Master'!M3) | M6: =IF('Employee Master'!B3="","",'Employee Master'!N3) | N6: =IF('Employee Master'!B3="","",'Employee Master'!H3) | O6: =IF('Employee Master'!B3="","",'Employee Master'!AD3)
A7: =IF('Employee Master'!B4="","",IF(AND('Employee Master'!AD4="Y",OR('Employee Master'!C4="12:15 PM",'Employee Master'!C4="2:00 PM"),'Employee Master'!E4="N"),"Y","N")) | B7: =IF('Employee Master'!B4="","",'Employee Master'!B4) | C7: =IF('Employee Master'!B4="","",'Employee Master'!C4) | D7: =IF('Employee Master'!B4="","",'Employee Master'!E4) | E7: =IF('Employee Master'!B4="","",'Employee Master'!F4) | F7: =IF('Employee Master'!B4="","",'Employee Master'!P4) | G7: =IF('Employee Master'!B4="","",'Employee Master'!J4) | H7: =IF('Employee Master'!B4="","",'Employee Master'!I4) | I7: =IF('Employee Master'!B4="","",'Employee Master'!K4) | J7: =IF('Employee Master'!B4="","",'Employee Master'!L4) | K7: =IF('Employee Master'!B4="","",'Employee Master'!T4) | L7: =IF('Employee Master'!B4="","",'Employee Master'!M4) | M7: =IF('Employee Master'!B4="","",'Employee Master'!N4) | N7: =IF('Employee Master'!B4="","",'Employee Master'!H4) | O7: =IF('Employee Master'!B4="","",'Employee Master'!AD4)
A8: =IF('Employee Master'!B5="","",IF(AND('Employee Master'!AD5="Y",OR('Employee Master'!C5="12:15 PM",'Employee Master'!C5="2:00 PM"),'Employee Master'!E5="N"),"Y","N")) | B8: =IF('Employee Master'!B5="","",'Employee Master'!B5) | C8: =IF('Employee Master'!B5="","",'Employee Master'!C5) | D8: =IF('Employee Master'!B5="","",'Employee Master'!E5) | E8: =IF('Employee Master'!B5="","",'Employee Master'!F5) | F8: =IF('Employee Master'!B5="","",'Employee Master'!P5) | G8: =IF('Employee Master'!B5="","",'Employee Master'!J5) | H8: =IF('Employee Master'!B5="","",'Employee Master'!I5) | I8: =IF('Employee Master'!B5="","",'Employee Master'!K5) | J8: =IF('Employee Master'!B5="","",'Employee Master'!L5) | K8: =IF('Employee Master'!B5="","",'Employee Master'!T5) | L8: =IF('Employee Master'!B5="","",'Employee Master'!M5) | M8: =IF('Employee Master'!B5="","",'Employee Master'!N5) | N8: =IF('Employee Master'!B5="","",'Employee Master'!H5) | O8: =IF('Employee Master'!B5="","",'Employee Master'!AD5)
A9: =IF('Employee Master'!B6="","",IF(AND('Employee Master'!AD6="Y",OR('Employee Master'!C6="12:15 PM",'Employee Master'!C6="2:00 PM"),'Employee Master'!E6="N"),"Y","N")) | B9: =IF('Employee Master'!B6="","",'Employee Master'!B6) | C9: =IF('Employee Master'!B6="","",'Employee Master'!C6) | D9: =IF('Employee Master'!B6="","",'Employee Master'!E6) | E9: =IF('Employee Master'!B6="","",'Employee Master'!F6) | F9: =IF('Employee Master'!B6="","",'Employee Master'!P6) | G9: =IF('Employee Master'!B6="","",'Employee Master'!J6) | H9: =IF('Employee Master'!B6="","",'Employee Master'!I6) | I9: =IF('Employee Master'!B6="","",'Employee Master'!K6) | J9: =IF('Employee Master'!B6="","",'Employee Master'!L6) | K9: =IF('Employee Master'!B6="","",'Employee Master'!T6) | L9: =IF('Employee Master'!B6="","",'Employee Master'!M6) | M9: =IF('Employee Master'!B6="","",'Employee Master'!N6) | N9: =IF('Employee Master'!B6="","",'Employee Master'!H6) | O9: =IF('Employee Master'!B6="","",'Employee Master'!AD6)
A10: =IF('Employee Master'!B7="","",IF(AND('Employee Master'!AD7="Y",OR('Employee Master'!C7="12:15 PM",'Employee Master'!C7="2:00 PM"),'Employee Master'!E7="N"),"Y","N")) | B10: =IF('Employee Master'!B7="","",'Employee Master'!B7) | C10: =IF('Employee Master'!B7="","",'Employee Master'!C7) | D10: =IF('Employee Master'!B7="","",'Employee Master'!E7) | E10: =IF('Employee Master'!B7="","",'Employee Master'!F7) | F10: =IF('Employee Master'!B7="","",'Employee Master'!P7) | G10: =IF('Employee Master'!B7="","",'Employee Master'!J7) | H10: =IF('Employee Master'!B7="","",'Employee Master'!I7) | I10: =IF('Employee Master'!B7="","",'Employee Master'!K7) | J10: =IF('Employee Master'!B7="","",'Employee Master'!L7) | K10: =IF('Employee Master'!B7="","",'Employee Master'!T7) | L10: =IF('Employee Master'!B7="","",'Employee Master'!M7) | M10: =IF('Employee Master'!B7="","",'Employee Master'!N7) | N10: =IF('Employee Master'!B7="","",'Employee Master'!H7) | O10: =IF('Employee Master'!B7="","",'Employee Master'!AD7)
A11: =IF('Employee Master'!B8="","",IF(AND('Employee Master'!AD8="Y",OR('Employee Master'!C8="12:15 PM",'Employee Master'!C8="2:00 PM"),'Employee Master'!E8="N"),"Y","N")) | B11: =IF('Employee Master'!B8="","",'Employee Master'!B8) | C11: =IF('Employee Master'!B8="","",'Employee Master'!C8) | D11: =IF('Employee Master'!B8="","",'Employee Master'!E8) | E11: =IF('Employee Master'!B8="","",'Employee Master'!F8) | F11: =IF('Employee Master'!B8="","",'Employee Master'!P8) | G11: =IF('Employee Master'!B8="","",'Employee Master'!J8) | H11: =IF('Employee Master'!B8="","",'Employee Master'!I8) | I11: =IF('Employee Master'!B8="","",'Employee Master'!K8) | J11: =IF('Employee Master'!B8="","",'Employee Master'!L8) | K11: =IF('Employee Master'!B8="","",'Employee Master'!T8) | L11: =IF('Employee Master'!B8="","",'Employee Master'!M8) | M11: =IF('Employee Master'!B8="","",'Employee Master'!N8) | N11: =IF('Employee Master'!B8="","",'Employee Master'!H8) | O11: =IF('Employee Master'!B8="","",'Employee Master'!AD8)
A12: =IF('Employee Master'!B9="","",IF(AND('Employee Master'!AD9="Y",OR('Employee Master'!C9="12:15 PM",'Employee Master'!C9="2:00 PM"),'Employee Master'!E9="N"),"Y","N")) | B12: =IF('Employee Master'!B9="","",'Employee Master'!B9) | C12: =IF('Employee Master'!B9="","",'Employee Master'!C9) | D12: =IF('Employee Master'!B9="","",'Employee Master'!E9) | E12: =IF('Employee Master'!B9="","",'Employee Master'!F9) | F12: =IF('Employee Master'!B9="","",'Employee Master'!P9) | G12: =IF('Employee Master'!B9="","",'Employee Master'!J9) | H12: =IF('Employee Master'!B9="","",'Employee Master'!I9) | I12: =IF('Employee Master'!B9="","",'Employee Master'!K9) | J12: =IF('Employee Master'!B9="","",'Employee Master'!L9) | K12: =IF('Employee Master'!B9="","",'Employee Master'!T9) | L12: =IF('Employee Master'!B9="","",'Employee Master'!M9) | M12: =IF('Employee Master'!B9="","",'Employee Master'!N9) | N12: =IF('Employee Master'!B9="","",'Employee Master'!H9) | O12: =IF('Employee Master'!B9="","",'Employee Master'!AD9)
A13: =IF('Employee Master'!B10="","",IF(AND('Employee Master'!AD10="Y",OR('Employee Master'!C10="12:15 PM",'Employee Master'!C10="2:00 PM"),'Employee Master'!E10="N"),"Y","N")) | B13: =IF('Employee Master'!B10="","",'Employee Master'!B10) | C13: =IF('Employee Master'!B10="","",'Employee Master'!C10) | D13: =IF('Employee Master'!B10="","",'Employee Master'!E10) | E13: =IF('Employee Master'!B10="","",'Employee Master'!F10) | F13: =IF('Employee Master'!B10="","",'Employee Master'!P10) | G13: =IF('Employee Master'!B10="","",'Employee Master'!J10) | H13: =IF('Employee Master'!B10="","",'Employee Master'!I10) | I13: =IF('Employee Master'!B10="","",'Employee Master'!K10) | J13: =IF('Employee Master'!B10="","",'Employee Master'!L10) | K13: =IF('Employee Master'!B10="","",'Employee Master'!T10) | L13: =IF('Employee Master'!B10="","",'Employee Master'!M10) | M13: =IF('Employee Master'!B10="","",'Employee Master'!N10) | N13: =IF('Employee Master'!B10="","",'Employee Master'!H10) | O13: =IF('Employee Master'!B10="","",'Employee Master'!AD10)
A14: =IF('Employee Master'!B11="","",IF(AND('Employee Master'!AD11="Y",OR('Employee Master'!C11="12:15 PM",'Employee Master'!C11="2:00 PM"),'Employee Master'!E11="N"),"Y","N")) | B14: =IF('Employee Master'!B11="","",'Employee Master'!B11) | C14: =IF('Employee Master'!B11="","",'Employee Master'!C11) | D14: =IF('Employee Master'!B11="","",'Employee Master'!E11) | E14: =IF('Employee Master'!B11="","",'Employee Master'!F11) | F14: =IF('Employee Master'!B11="","",'Employee Master'!P11) | G14: =IF('Employee Master'!B11="","",'Employee Master'!J11) | H14: =IF('Employee Master'!B11="","",'Employee Master'!I11) | I14: =IF('Employee Master'!B11="","",'Employee Master'!K11) | J14: =IF('Employee Master'!B11="","",'Employee Master'!L11) | K14: =IF('Employee Master'!B11="","",'Employee Master'!T11) | L14: =IF('Employee Master'!B11="","",'Employee Master'!M11) | M14: =IF('Employee Master'!B11="","",'Employee Master'!N11) | N14: =IF('Employee Master'!B11="","",'Employee Master'!H11) | O14: =IF('Employee Master'!B11="","",'Employee Master'!AD11)
A15: =IF('Employee Master'!B12="","",IF(AND('Employee Master'!AD12="Y",OR('Employee Master'!C12="12:15 PM",'Employee Master'!C12="2:00 PM"),'Employee Master'!E12="N"),"Y","N")) | B15: =IF('Employee Master'!B12="","",'Employee Master'!B12) | C15: =IF('Employee Master'!B12="","",'Employee Master'!C12) | D15: =IF('Employee Master'!B12="","",'Employee Master'!E12) | E15: =IF('Employee Master'!B12="","",'Employee Master'!F12) | F15: =IF('Employee Master'!B12="","",'Employee Master'!P12) | G15: =IF('Employee Master'!B12="","",'Employee Master'!J12) | H15: =IF('Employee Master'!B12="","",'Employee Master'!I12) | I15: =IF('Employee Master'!B12="","",'Employee Master'!K12) | J15: =IF('Employee Master'!B12="","",'Employee Master'!L12) | K15: =IF('Employee Master'!B12="","",'Employee Master'!T12) | L15: =IF('Employee Master'!B12="","",'Employee Master'!M12) | M15: =IF('Employee Master'!B12="","",'Employee Master'!N12) | N15: =IF('Employee Master'!B12="","",'Employee Master'!H12) | O15: =IF('Employee Master'!B12="","",'Employee Master'!AD12)
A16: =IF('Employee Master'!B13="","",IF(AND('Employee Master'!AD13="Y",OR('Employee Master'!C13="12:15 PM",'Employee Master'!C13="2:00 PM"),'Employee Master'!E13="N"),"Y","N")) | B16: =IF('Employee Master'!B13="","",'Employee Master'!B13) | C16: =IF('Employee Master'!B13="","",'Employee Master'!C13) | D16: =IF('Employee Master'!B13="","",'Employee Master'!E13) | E16: =IF('Employee Master'!B13="","",'Employee Master'!F13) | F16: =IF('Employee Master'!B13="","",'Employee Master'!P13) | G16: =IF('Employee Master'!B13="","",'Employee Master'!J13) | H16: =IF('Employee Master'!B13="","",'Employee Master'!I13) | I16: =IF('Employee Master'!B13="","",'Employee Master'!K13) | J16: =IF('Employee Master'!B13="","",'Employee Master'!L13) | K16: =IF('Employee Master'!B13="","",'Employee Master'!T13) | L16: =IF('Employee Master'!B13="","",'Employee Master'!M13) | M16: =IF('Employee Master'!B13="","",'Employee Master'!N13) | N16: =IF('Employee Master'!B13="","",'Employee Master'!H13) | O16: =IF('Employee Master'!B13="","",'Employee Master'!AD13)
... A169: =IF('Employee Master'!B166="","",IF(AND('Employee Master'!AD166="Y",OR('Employee Master'!C166="12:15 PM",'Employee Master'!C166="2:00 PM"),'Employee Master'!E166="N"),"Y","N")) | B169: =IF('Employee Master'!B166="","",'Employee Master'!B166) | C169: =IF('Employee Master'!B166="","",'Employee Master'!C166) | D169: =IF('Employee Master'!B166="","",'Employee Master'!E166) | E169: =IF('Employee Master'!B166="","",'Employee Master'!F166) | F169: =IF('Employee Master'!B166="","",'Employee Master'!P166) | G169: =IF('Employee Master'!B166="","",'Employee Master'!J166) | H169: =IF('Employee Master'!B166="","",'Employee Master'!I166) | I169: =IF('Employee Master'!B166="","",'Employee Master'!K166) | J169: =IF('Employee Master'!B166="","",'Employee Master'!L166) | K169: =IF('Employee Master'!B166="","",'Employee Master'!T166) | L169: =IF('Employee Master'!B166="","",'Employee Master'!M166) | M169: =IF('Employee Master'!B166="","",'Employee Master'!N166) | N169: =IF('Employee Master'!B166="","",'Employee Master'!H166) | O169: =IF('Employee Master'!B166="","",'Employee Master'!AD166)

Sheet AM Eligible Names
A1: Eligible AM Names (for dropdowns)
A2: Names as of current Schedule Date (49 eligible). Re-run Phase 2 refresh or filter AM Pool after changing date.
A3: PRIMARY METHOD: Go to AM Pool sheet → filter column A = Y → copy names into Playbook.
A4: Name
A5: Adeyeye Opaaje
A6: Ahamed John
A7: Aleah Mckinnon
A8: Allen Suggs
A9: Anariah Daniel
A10: Ashia Norman
A11: Benjamin Crosby
A12: Brian Lee
... A53: George Whitehead

Sheet PM Eligible Names
A1: Eligible PM Names (for dropdowns)
A2: 41 eligible. Oumou Sane off Mon/Tue — not in pool on Mondays.
A3: Name
A4: Aaliyah Snider
A5: Agnes Bammannage
A6: Akuugo Nduaguba
A7: Alyssa Prince
A8: Amadou Diallo
A9: Ashley Lazenby
A10: Bousso Dioum
A11: Braheem Wooden
A12: Brittney Quave
... A44: Zinash Shiferaw

Sheet Approved Absences
A1: Employee Name | B1: Start Date | C1: End Date | D1: Reason

Sheet Employee Master
A1: Employee ID | B1: Employee Name | C1: Shift | D1: Days Off | E1: Lead | F1: Mentor | G1: Active | H1: Lunch Preference | I1: Information Desk | J1: Main Inside | K1: Survey | L1: Divest | M1: Assignment Rule | N1: Fixed All-Shift Position | O1: Day-Specific Restrictions | P1: Trainee Y/N | Q1: Assigned Mentor | R1: 3:45 Opening Position | S1: After 5:45 Position | T1: Mobility Restriction Y/N | U1: Scheduled Today? | V1: AM Regular Pool? | W1: PM Regular Pool? | X1: Training Start Date | Y1: Completion Approved? | Z1: Completion Date | AA1: Training Notes | AB1: Training Status | AC1: v3 Approved Absence? | AD1: v3 Available? | AE1: Rank_AM345_Gen | AF1: Rank_AM545_Gen | AG1: Rank_Div345 | AH1: Rank_Div545 | AI1: Rank_Survey_AM | AJ1: Rank_Main345 | AK1: Rank_Info_AM | AL1: Rank_PM1215 | AM1: Rank_PM200 | AN1: Rank_Survey_PM | AO1: Rank_DivPM1215 | AP1: Rank_DivPM200
A2: EMP-0001 | B2: Aaliyah Snider | C2: 2:00 PM | D2: Wed, Thu | E2: N | F2: N | G2: Y | H2: None | I2: Y | J2: Y | K2: N | L2: Y | M2: Standard | P2: N | T2: N | U2: =IF($B2="","",IF(AND($G2="Y",ISERROR(SEARCH(TEXT('Control Center'!$B$3,"ddd"),TRIM($D2)))),"Y","N")) | V2: =IF($B2="","",IF(AND($U2="Y",OR($C2="3:45 AM",$C2="5:45 AM"),OR('Control Center'!$B$4="N",$K2<>"Y")),"Y","N")) | W2: =IF($B2="","",IF(AND($U2="Y",OR($C2="12:15 PM",$C2="2:00 PM"),OR('Control Center'!$B$5="N",$K2<>"Y")),"Y","N")) | AB2: =IF($B2="","",IF($P2="Y",IF($Y2="Y","Completed","In Progress"),"")) | AC2: =IF($B2="","",IF(COUNTIFS('Approved Absences'!$A$2:$A$200,$B2,'Approved Absences'!$B$2:$B$200,"<="&INT('Control Center'!$B$3),'Approved Absences'!$C$2:$C$200,">="&INT('Control Center'!$B$3))>0,"Y","N")) | AD2: =IF($B2="","",IF(AND($G2="Y",$AC2<>"Y",ISERROR(SEARCH(TEXT('Control Center'!$B$3,"ddd"),TRIM($D2)))),"Y","N")) | AE2: =IF(AND(AD2="Y",C2="3:45 AM",E2="N",K2<>"Y"),COUNTIFS($AD$2:AD2,"Y",$C$2:C2,"3:45 AM",$E$2:E2,"N",$K$2:K2,"<>Y"),"") | AF2: =IF(AND(AD2="Y",C2="5:45 AM",E2="N",K2<>"Y"),COUNTIFS($AD$2:AD2,"Y",$C$2:C2,"5:45 AM",$E$2:E2,"N",$K$2:K2,"<>Y"),"") | AG2: =IF(AND(AD2="Y",C2="3:45 AM",E2="N",L2="Y",K2<>"Y"),COUNTIFS($AD$2:AD2,"Y",$C$2:C2,"3:45 AM",$E$2:E2,"N",$L$2:L2,"Y",$K$2:K2,"<>Y"),"") | AH2: =IF(AND(AD2="Y",C2="5:45 AM",E2="N",L2="Y",K2<>"Y"),COUNTIFS($AD$2:AD2,"Y",$C$2:C2,"5:45 AM",$E$2:E2,"N",$L$2:L2,"Y",$K$2:K2,"<>Y"),"") | AI2: =IF(AND(AD2="Y",E2="N",K2="Y",OR(C2="3:45 AM",C2="5:45 AM")),SUMPRODUCT(($AD$2:AD2="Y")*($E$2:E2="N")*($K$2:K2="Y")*(($C$2:C2="3:45 AM")+($C$2:C2="5:45 AM"))), "") | AJ2: =IF(AND(AD2="Y",C2="3:45 AM",E2="N",J2="Y"),COUNTIFS($AD$2:AD2,"Y",$C$2:C2,"3:45 AM",$E$2:E2,"N",$J$2:J2,"Y"),"") | AK2: =IF(AND(AD2="Y",E2="N",I2="Y",OR(C2="3:45 AM",C2="5:45 AM")),SUMPRODUCT(($AD$2:AD2="Y")*($E$2:E2="N")*($I$2:I2="Y")*(($C$2:C2="3:45 AM")+($C$2:C2="5:45 AM"))), "") | AL2: =IF(AND(AD2="Y",C2="12:15 PM",E2="N",K2<>"Y"),COUNTIFS($AD$2:AD2,"Y",$C$2:C2,"12:15 PM",$E$2:E2,"N",$K$2:K2,"<>Y"),"") | AM2: =IF(AND(AD2="Y",C2="2:00 PM",E2="N",K2<>"Y"),COUNTIFS($AD$2:AD2,"Y",$C$2:C2,"2:00 PM",$E$2:E2,"N",$K$2:K2,"<>Y"),"") | AN2: =IF(AND(AD2="Y",E2="N",K2="Y",OR(C2="12:15 PM",C2="2:00 PM")),SUMPRODUCT(($AD$2:AD2="Y")*($E$2:E2="N")*($K$2:K2="Y")*(($C$2:C2="12:15 PM")+($C$2:C2="2:00 PM"))), "") | AO2: =IF(AND(AD2="Y",C2="12:15 PM",E2="N",L2="Y"),COUNTIFS($AD$2:AD2,"Y",$C$2:C2,"12:15 PM",$E$2:E2,"N",$L$2:L2,"Y"),"") | AP2: =IF(AND(AD2="Y",C2="2:00 PM",E2="N",L2="Y"),COUNTIFS($AD$2:AD2,"Y",$C$2:C2,"2:00 PM",$E$2:E2,"N",$L$2:L2,"Y"),"")
A3: EMP-0002 | B3: Abdou Mballo | C3: 5:45 AM | D3: Mon, Tue, Wed, Thu, Fri | E3: N | F3: N | G3: Y | H3: None | I3: N | J3: Y | K3: N | L3: Y | M3: Fixed All Shift | N3: 14 | Checkpoint – Inside | P3: N | T3: N | U3: =IF($B3="","",IF(AND($G3="Y",ISERROR(SEARCH(TEXT('Control Center'!$B$3,"ddd"),TRIM($D3)))),"Y","N")) | V3: =IF($B3="","",IF(AND($U3="Y",OR($C3="3:45 AM",$C3="5:45 AM"),OR('Control Center'!$B$4="N",$K3<>"Y")),"Y","N")) | W3: =IF($B3="","",IF(AND($U3="Y",OR($C3="12:15 PM",$C3="2:00 PM"),OR('Control Center'!$B$5="N",$K3<>"Y")),"Y","N")) | AB3: =IF($B3="","",IF($P3="Y",IF($Y3="Y","Completed","In Progress"),"")) | AC3: =IF($B3="","",IF(COUNTIFS('Approved Absences'!$A$2:$A$200,$B3,'Approved Absences'!$B$2:$B$200,"<="&INT('Control Center'!$B$3),'Approved Absences'!$C$2:$C$200,">="&INT('Control Center'!$B$3))>0,"Y","N")) | AD3: =IF($B3="","",IF(AND($G3="Y",$AC3<>"Y",ISERROR(SEARCH(TEXT('Control Center'!$B$3,"ddd"),TRIM($D3)))),"Y","N")) | AE3: =IF(AND(AD3="Y",C3="3:45 AM",E3="N",K3<>"Y"),COUNTIFS($AD$2:AD3,"Y",$C$2:C3,"3:45 AM",$E$2:E3,"N",$K$2:K3,"<>Y"),"") | AF3: =IF(AND(AD3="Y",C3="5:45 AM",E3="N",K3<>"Y"),COUNTIFS($AD$2:AD3,"Y",$C$2:C3,"5:45 AM",$E$2:E3,"N",$K$2:K3,"<>Y"),"") | AG3: =IF(AND(AD3="Y",C3="3:45 AM",E3="N",L3="Y",K3<>"Y"),COUNTIFS($AD$2:AD3,"Y",$C$2:C3,"3:45 AM",$E$2:E3,"N",$L$2:L3,"Y",$K$2:K3,"<>Y"),"") | AH3: =IF(AND(AD3="Y",C3="5:45 AM",E3="N",L3="Y",K3<>"Y"),COUNTIFS($AD$2:AD3,"Y",$C$2:C3,"5:45 AM",$E$2:E3,"N",$L$2:L3,"Y",$K$2:K3,"<>Y"),"") | AI3: =IF(AND(AD3="Y",E3="N",K3="Y",OR(C3="3:45 AM",C3="5:45 AM")),SUMPRODUCT(($AD$2:AD3="Y")*($E$2:E3="N")*($K$2:K3="Y")*(($C$2:C3="3:45 AM")+($C$2:C3="5:45 AM"))), "") | AJ3: =IF(AND(AD3="Y",C3="3:45 AM",E3="N",J3="Y"),COUNTIFS($AD$2:AD3,"Y",$C$2:C3,"3:45 AM",$E$2:E3,"N",$J$2:J3,"Y"),"") | AK3: =IF(AND(AD3="Y",E3="N",I3="Y",OR(C3="3:45 AM",C3="5:45 AM")),SUMPRODUCT(($AD$2:AD3="Y")*($E$2:E3="N")*($I$2:I3="Y")*(($C$2:C3="3:45 AM")+($C$2:C3="5:45 AM"))), "") | AL3: =IF(AND(AD3="Y",C3="12:15 PM",E3="N",K3<>"Y"),COUNTIFS($AD$2:AD3,"Y",$C$2:C3,"12:15 PM",$E$2:E3,"N",$K$2:K3,"<>Y"),"") | AM3: =IF(AND(AD3="Y",C3="2:00 PM",E3="N",K3<>"Y"),COUNTIFS($AD$2:AD3,"Y",$C$2:C3,"2:00 PM",$E$2:E3,"N",$K$2:K3,"<>Y"),"") | AN3: =IF(AND(AD3="Y",E3="N",K3="Y",OR(C3="12:15 PM",C3="2:00 PM")),SUMPRODUCT(($AD$2:AD3="Y")*($E$2:E3="N")*($K$2:K3="Y")*(($C$2:C3="12:15 PM")+($C$2:C3="2:00 PM"))), "") | AO3: =IF(AND(AD3="Y",C3="12:15 PM",E3="N",L3="Y"),COUNTIFS($AD$2:AD3,"Y",$C$2:C3,"12:15 PM",$E$2:E3,"N",$L$2:L3,"Y"),"") | AP3: =IF(AND(AD3="Y",C3="2:00 PM",E3="N",L3="Y"),COUNTIFS($AD$2:AD3,"Y",$C$2:C3,"2:00 PM",$E$2:E3,"N",$L$2:L3,"Y"),"")
A4: EMP-0003 | B4: Abebe Ambaye | C4: 5:45 AM | D4: Sat, Sun | E4: Y | F4: N | G4: Y | H4: None | I4: N | J4: N | K4: N | L4: Y | M4: Standard | P4: N | T4: N | U4: =IF($B4="","",IF(AND($G4="Y",ISERROR(SEARCH(TEXT('Control Center'!$B$3,"ddd"),TRIM($D4)))),"Y","N")) | V4: =IF($B4="","",IF(AND($U4="Y",OR($C4="3:45 AM",$C4="5:45 AM"),OR('Control Center'!$B$4="N",$K4<>"Y")),"Y","N")) | W4: =IF($B4="","",IF(AND($U4="Y",OR($C4="12:15 PM",$C4="2:00 PM"),OR('Control Center'!$B$5="N",$K4<>"Y")),"Y","N")) | AB4: =IF($B4="","",IF($P4="Y",IF($Y4="Y","Completed","In Progress"),"")) | AC4: =IF($B4="","",IF(COUNTIFS('Approved Absences'!$A$2:$A$200,$B4,'Approved Absences'!$B$2:$B$200,"<="&INT('Control Center'!$B$3),'Approved Absences'!$C$2:$C$200,">="&INT('Control Center'!$B$3))>0,"Y","N")) | AD4: =IF($B4="","",IF(AND($G4="Y",$AC4<>"Y",ISERROR(SEARCH(TEXT('Control Center'!$B$3,"ddd"),TRIM($D4)))),"Y","N")) | AE4: =IF(AND(AD4="Y",C4="3:45 AM",E4="N",K4<>"Y"),COUNTIFS($AD$2:AD4,"Y",$C$2:C4,"3:45 AM",$E$2:E4,"N",$K$2:K4,"<>Y"),"") | AF4: =IF(AND(AD4="Y",C4="5:45 AM",E4="N",K4<>"Y"),COUNTIFS($AD$2:AD4,"Y",$C$2:C4,"5:45 AM",$E$2:E4,"N",$K$2:K4,"<>Y"),"") | AG4: =IF(AND(AD4="Y",C4="3:45 AM",E4="N",L4="Y",K4<>"Y"),COUNTIFS($AD$2:AD4,"Y",$C$2:C4,"3:45 AM",$E$2:E4,"N",$L$2:L4,"Y",$K$2:K4,"<>Y"),"") | AH4: =IF(AND(AD4="Y",C4="5:45 AM",E4="N",L4="Y",K4<>"Y"),COUNTIFS($AD$2:AD4,"Y",$C$2:C4,"5:45 AM",$E$2:E4,"N",$L$2:L4,"Y",$K$2:K4,"<>Y"),"") | AI4: =IF(AND(AD4="Y",E4="N",K4="Y",OR(C4="3:45 AM",C4="5:45 AM")),SUMPRODUCT(($AD$2:AD4="Y")*($E$2:E4="N")*($K$2:K4="Y")*(($C$2:C4="3:45 AM")+($C$2:C4="5:45 AM"))), "") | AJ4: =IF(AND(AD4="Y",C4="3:45 AM",E4="N",J4="Y"),COUNTIFS($AD$2:AD4,"Y",$C$2:C4,"3:45 AM",$E$2:E4,"N",$J$2:J4,"Y"),"") | AK4: =IF(AND(AD4="Y",E4="N",I4="Y",OR(C4="3:45 AM",C4="5:45 AM")),SUMPRODUCT(($AD$2:AD4="Y")*($E$2:E4="N")*($I$2:I4="Y")*(($C$2:C4="3:45 AM")+($C$2:C4="5:45 AM"))), "") | AL4: =IF(AND(AD4="Y",C4="12:15 PM",E4="N",K4<>"Y"),COUNTIFS($AD$2:AD4,"Y",$C$2:C4,"12:15 PM",$E$2:E4,"N",$K$2:K4,"<>Y"),"") | AM4: =IF(AND(AD4="Y",C4="2:00 PM",E4="N",K4<>"Y"),COUNTIFS($AD$2:AD4,"Y",$C$2:C4,"2:00 PM",$E$2:E4,"N",$K$2:K4,"<>Y"),"") | AN4: =IF(AND(AD4="Y",E4="N",K4="Y",OR(C4="12:15 PM",C4="2:00 PM")),SUMPRODUCT(($AD$2:AD4="Y")*($E$2:E4="N")*($K$2:K4="Y")*(($C$2:C4="12:15 PM")+($C$2:C4="2:00 PM"))), "") | AO4: =IF(AND(AD4="Y",C4="12:15 PM",E4="N",L4="Y"),COUNTIFS($AD$2:AD4,"Y",$C$2:C4,"12:15 PM",$E$2:E4,"N",$L$2:L4,"Y"),"") | AP4: =IF(AND(AD4="Y",C4="2:00 PM",E4="N",L4="Y"),COUNTIFS($AD$2:AD4,"Y",$C$2:C4,"2:00 PM",$E$2:E4,"N",$L$2:L4,"Y"),"")
A5: EMP-0004 | B5: Adeyeye Opaaje | C5: 5:45 AM | D5: Sat, Sun | E5: N | F5: N | G5: Y | H5: None | I5: N | J5: Y | K5: N | L5: Y | M5: Standard | P5: N | T5: N | U5: =IF($B5="","",IF(AND($G5="Y",ISERROR(SEARCH(TEXT('Control Center'!$B$3,"ddd"),TRIM($D5)))),"Y","N")) | V5: =IF($B5="","",IF(AND($U5="Y",OR($C5="3:45 AM",$C5="5:45 AM"),OR('Control Center'!$B$4="N",$K5<>"Y")),"Y","N")) | W5: =IF($B5="","",IF(AND($U5="Y",OR($C5="12:15 PM",$C5="2:00 PM"),OR('Control Center'!$B$5="N",$K5<>"Y")),"Y","N")) | AB5: =IF($B5="","",IF($P5="Y",IF($Y5="Y","Completed","In Progress"),"")) | AC5: =IF($B5="","",IF(COUNTIFS('Approved Absences'!$A$2:$A$200,$B5,'Approved Absences'!$B$2:$B$200,"<="&INT('Control Center'!$B$3),'Approved Absences'!$C$2:$C$200,">="&INT('Control Center'!$B$3))>0,"Y","N")) | AD5: =IF($B5="","",IF(AND($G5="Y",$AC5<>"Y",ISERROR(SEARCH(TEXT('Control Center'!$B$3,"ddd"),TRIM($D5)))),"Y","N")) | AE5: =IF(AND(AD5="Y",C5="3:45 AM",E5="N",K5<>"Y"),COUNTIFS($AD$2:AD5,"Y",$C$2:C5,"3:45 AM",$E$2:E5,"N",$K$2:K5,"<>Y"),"") | AF5: =IF(AND(AD5="Y",C5="5:45 AM",E5="N",K5<>"Y"),COUNTIFS($AD$2:AD5,"Y",$C$2:C5,"5:45 AM",$E$2:E5,"N",$K$2:K5,"<>Y"),"") | AG5: =IF(AND(AD5="Y",C5="3:45 AM",E5="N",L5="Y",K5<>"Y"),COUNTIFS($AD$2:AD5,"Y",$C$2:C5,"3:45 AM",$E$2:E5,"N",$L$2:L5,"Y",$K$2:K5,"<>Y"),"") | AH5: =IF(AND(AD5="Y",C5="5:45 AM",E5="N",L5="Y",K5<>"Y"),COUNTIFS($AD$2:AD5,"Y",$C$2:C5,"5:45 AM",$E$2:E5,"N",$L$2:L5,"Y",$K$2:K5,"<>Y"),"") | AI5: =IF(AND(AD5="Y",E5="N",K5="Y",OR(C5="3:45 AM",C5="5:45 AM")),SUMPRODUCT(($AD$2:AD5="Y")*($E$2:E5="N")*($K$2:K5="Y")*(($C$2:C5="3:45 AM")+($C$2:C5="5:45 AM"))), "") | AJ5: =IF(AND(AD5="Y",C5="3:45 AM",E5="N",J5="Y"),COUNTIFS($AD$2:AD5,"Y",$C$2:C5,"3:45 AM",$E$2:E5,"N",$J$2:J5,"Y"),"") | AK5: =IF(AND(AD5="Y",E5="N",I5="Y",OR(C5="3:45 AM",C5="5:45 AM")),SUMPRODUCT(($AD$2:AD5="Y")*($E$2:E5="N")*($I$2:I5="Y")*(($C$2:C5="3:45 AM")+($C$2:C5="5:45 AM"))), "") | AL5: =IF(AND(AD5="Y",C5="12:15 PM",E5="N",K5<>"Y"),COUNTIFS($AD$2:AD5,"Y",$C$2:C5,"12:15 PM",$E$2:E5,"N",$K$2:K5,"<>Y"),"") | AM5: =IF(AND(AD5="Y",C5="2:00 PM",E5="N",K5<>"Y"),COUNTIFS($AD$2:AD5,"Y",$C$2:C5,"2:00 PM",$E$2:E5,"N",$K$2:K5,"<>Y"),"") | AN5: =IF(AND(AD5="Y",E5="N",K5="Y",OR(C5="12:15 PM",C5="2:00 PM")),SUMPRODUCT(($AD$2:AD5="Y")*($E$2:E5="N")*($K$2:K5="Y")*(($C$2:C5="12:15 PM")+($C$2:C5="2:00 PM"))), "") | AO5: =IF(AND(AD5="Y",C5="12:15 PM",E5="N",L5="Y"),COUNTIFS($AD$2:AD5,"Y",$C$2:C5,"12:15 PM",$E$2:E5,"N",$L$2:L5,"Y"),"") | AP5: =IF(AND(AD5="Y",C5="2:00 PM",E5="N",L5="Y"),COUNTIFS($AD$2:AD5,"Y",$C$2:C5,"2:00 PM",$E$2:E5,"N",$L$2:L5,"Y"),"")
A6: EMP-0005 | B6: Adrian Franklin | C6: 12:15 PM | D6: Sun, Mon | E6: Y | F6: N | G6: Y | H6: None | I6: N | J6: Y | K6: N | L6: Y | M6: Standard | P6: N | T6: N | U6: =IF($B6="","",IF(AND($G6="Y",ISERROR(SEARCH(TEXT('Control Center'!$B$3,"ddd"),TRIM($D6)))),"Y","N")) | V6: =IF($B6="","",IF(AND($U6="Y",OR($C6="3:45 AM",$C6="5:45 AM"),OR('Control Center'!$B$4="N",$K6<>"Y")),"Y","N")) | W6: =IF($B6="","",IF(AND($U6="Y",OR($C6="12:15 PM",$C6="2:00 PM"),OR('Control Center'!$B$5="N",$K6<>"Y")),"Y","N")) | AB6: =IF($B6="","",IF($P6="Y",IF($Y6="Y","Completed","In Progress"),"")) | AC6: =IF($B6="","",IF(COUNTIFS('Approved Absences'!$A$2:$A$200,$B6,'Approved Absences'!$B$2:$B$200,"<="&INT('Control Center'!$B$3),'Approved Absences'!$C$2:$C$200,">="&INT('Control Center'!$B$3))>0,"Y","N")) | AD6: =IF($B6="","",IF(AND($G6="Y",$AC6<>"Y",ISERROR(SEARCH(TEXT('Control Center'!$B$3,"ddd"),TRIM($D6)))),"Y","N")) | AE6: =IF(AND(AD6="Y",C6="3:45 AM",E6="N",K6<>"Y"),COUNTIFS($AD$2:AD6,"Y",$C$2:C6,"3:45 AM",$E$2:E6,"N",$K$2:K6,"<>Y"),"") | AF6: =IF(AND(AD6="Y",C6="5:45 AM",E6="N",K6<>"Y"),COUNTIFS($AD$2:AD6,"Y",$C$2:C6,"5:45 AM",$E$2:E6,"N",$K$2:K6,"<>Y"),"") | AG6: =IF(AND(AD6="Y",C6="3:45 AM",E6="N",L6="Y",K6<>"Y"),COUNTIFS($AD$2:AD6,"Y",$C$2:C6,"3:45 AM",$E$2:E6,"N",$L$2:L6,"Y",$K$2:K6,"<>Y"),"") | AH6: =IF(AND(AD6="Y",C6="5:45 AM",E6="N",L6="Y",K6<>"Y"),COUNTIFS($AD$2:AD6,"Y",$C$2:C6,"5:45 AM",$E$2:E6,"N",$L$2:L6,"Y",$K$2:K6,"<>Y"),"") | AI6: =IF(AND(AD6="Y",E6="N",K6="Y",OR(C6="3:45 AM",C6="5:45 AM")),SUMPRODUCT(($AD$2:AD6="Y")*($E$2:E6="N")*($K$2:K6="Y")*(($C$2:C6="3:45 AM")+($C$2:C6="5:45 AM"))), "") | AJ6: =IF(AND(AD6="Y",C6="3:45 AM",E6="N",J6="Y"),COUNTIFS($AD$2:AD6,"Y",$C$2:C6,"3:45 AM",$E$2:E6,"N",$J$2:J6,"Y"),"") | AK6: =IF(AND(AD6="Y",E6="N",I6="Y",OR(C6="3:45 AM",C6="5:45 AM")),SUMPRODUCT(($AD$2:AD6="Y")*($E$2:E6="N")*($I$2:I6="Y")*(($C$2:C6="3:45 AM")+($C$2:C6="5:45 AM"))), "") | AL6: =IF(AND(AD6="Y",C6="12:15 PM",E6="N",K6<>"Y"),COUNTIFS($AD$2:AD6,"Y",$C$2:C6,"12:15 PM",$E$2:E6,"N",$K$2:K6,"<>Y"),"") | AM6: =IF(AND(AD6="Y",C6="2:00 PM",E6="N",K6<>"Y"),COUNTIFS($AD$2:AD6,"Y",$C$2:C6,"2:00 PM",$E$2:E6,"N",$K$2:K6,"<>Y"),"") | AN6: =IF(AND(AD6="Y",E6="N",K6="Y",OR(C6="12:15 PM",C6="2:00 PM")),SUMPRODUCT(($AD$2:AD6="Y")*($E$2:E6="N")*($K$2:K6="Y")*(($C$2:C6="12:15 PM")+($C$2:C6="2:00 PM"))), "") | AO6: =IF(AND(AD6="Y",C6="12:15 PM",E6="N",L6="Y"),COUNTIFS($AD$2:AD6,"Y",$C$2:C6,"12:15 PM",$E$2:E6,"N",$L$2:L6,"Y"),"") | AP6: =IF(AND(AD6="Y",C6="2:00 PM",E6="N",L6="Y"),COUNTIFS($AD$2:AD6,"Y",$C$2:C6,"2:00 PM",$E$2:E6,"N",$L$2:L6,"Y"),"")
A7: EMP-0006 | B7: Agnes Bammannage | C7: 12:15 PM | D7: Fri, Sat | E7: N | F7: N | G7: Y | H7: None | I7: N | J7: N | K7: N | L7: Y | M7: Standard | P7: N | T7: N | U7: =IF($B7="","",IF(AND($G7="Y",ISERROR(SEARCH(TEXT('Control Center'!$B$3,"ddd"),TRIM($D7)))),"Y","N")) | V7: =IF($B7="","",IF(AND($U7="Y",OR($C7="3:45 AM",$C7="5:45 AM"),OR('Control Center'!$B$4="N",$K7<>"Y")),"Y","N")) | W7: =IF($B7="","",IF(AND($U7="Y",OR($C7="12:15 PM",$C7="2:00 PM"),OR('Control Center'!$B$5="N",$K7<>"Y")),"Y","N")) | AB7: =IF($B7="","",IF($P7="Y",IF($Y7="Y","Completed","In Progress"),"")) | AC7: =IF($B7="","",IF(COUNTIFS('Approved Absences'!$A$2:$A$200,$B7,'Approved Absences'!$B$2:$B$200,"<="&INT('Control Center'!$B$3),'Approved Absences'!$C$2:$C$200,">="&INT('Control Center'!$B$3))>0,"Y","N")) | AD7: =IF($B7="","",IF(AND($G7="Y",$AC7<>"Y",ISERROR(SEARCH(TEXT('Control Center'!$B$3,"ddd"),TRIM($D7)))),"Y","N")) | AE7: =IF(AND(AD7="Y",C7="3:45 AM",E7="N",K7<>"Y"),COUNTIFS($AD$2:AD7,"Y",$C$2:C7,"3:45 AM",$E$2:E7,"N",$K$2:K7,"<>Y"),"") | AF7: =IF(AND(AD7="Y",C7="5:45 AM",E7="N",K7<>"Y"),COUNTIFS($AD$2:AD7,"Y",$C$2:C7,"5:45 AM",$E$2:E7,"N",$K$2:K7,"<>Y"),"") | AG7: =IF(AND(AD7="Y",C7="3:45 AM",E7="N",L7="Y",K7<>"Y"),COUNTIFS($AD$2:AD7,"Y",$C$2:C7,"3:45 AM",$E$2:E7,"N",$L$2:L7,"Y",$K$2:K7,"<>Y"),"") | AH7: =IF(AND(AD7="Y",C7="5:45 AM",E7="N",L7="Y",K7<>"Y"),COUNTIFS($AD$2:AD7,"Y",$C$2:C7,"5:45 AM",$E$2:E7,"N",$L$2:L7,"Y",$K$2:K7,"<>Y"),"") | AI7: =IF(AND(AD7="Y",E7="N",K7="Y",OR(C7="3:45 AM",C7="5:45 AM")),SUMPRODUCT(($AD$2:AD7="Y")*($E$2:E7="N")*($K$2:K7="Y")*(($C$2:C7="3:45 AM")+($C$2:C7="5:45 AM"))), "") | AJ7: =IF(AND(AD7="Y",C7="3:45 AM",E7="N",J7="Y"),COUNTIFS($AD$2:AD7,"Y",$C$2:C7,"3:45 AM",$E$2:E7,"N",$J$2:J7,"Y"),"") | AK7: =IF(AND(AD7="Y",E7="N",I7="Y",OR(C7="3:45 AM",C7="5:45 AM")),SUMPRODUCT(($AD$2:AD7="Y")*($E$2:E7="N")*($I$2:I7="Y")*(($C$2:C7="3:45 AM")+($C$2:C7="5:45 AM"))), "") | AL7: =IF(AND(AD7="Y",C7="12:15 PM",E7="N",K7<>"Y"),COUNTIFS($AD$2:AD7,"Y",$C$2:C7,"12:15 PM",$E$2:E7,"N",$K$2:K7,"<>Y"),"") | AM7: =IF(AND(AD7="Y",C7="2:00 PM",E7="N",K7<>"Y"),COUNTIFS($AD$2:AD7,"Y",$C$2:C7,"2:00 PM",$E$2:E7,"N",$K$2:K7,"<>Y"),"") | AN7: =IF(AND(AD7="Y",E7="N",K7="Y",OR(C7="12:15 PM",C7="2:00 PM")),SUMPRODUCT(($AD$2:AD7="Y")*($E$2:E7="N")*($K$2:K7="Y")*(($C$2:C7="12:15 PM")+($C$2:C7="2:00 PM"))), "") | AO7: =IF(AND(AD7="Y",C7="12:15 PM",E7="N",L7="Y"),COUNTIFS($AD$2:AD7,"Y",$C$2:C7,"12:15 PM",$E$2:E7,"N",$L$2:L7,"Y"),"") | AP7: =IF(AND(AD7="Y",C7="2:00 PM",E7="N",L7="Y"),COUNTIFS($AD$2:AD7,"Y",$C$2:C7,"2:00 PM",$E$2:E7,"N",$L$2:L7,"Y"),"")
A8: EMP-0007 | B8: Ahamed John | C8: 3:45 AM | D8: Thu, Fri | E8: N | F8: Y | G8: Y | H8: None | I8: N | J8: Y | K8: N | L8: Y | M8: Standard | P8: N | T8: N | U8: =IF($B8="","",IF(AND($G8="Y",ISERROR(SEARCH(TEXT('Control Center'!$B$3,"ddd"),TRIM($D8)))),"Y","N")) | V8: =IF($B8="","",IF(AND($U8="Y",OR($C8="3:45 AM",$C8="5:45 AM"),OR('Control Center'!$B$4="N",$K8<>"Y")),"Y","N")) | W8: =IF($B8="","",IF(AND($U8="Y",OR($C8="12:15 PM",$C8="2:00 PM"),OR('Control Center'!$B$5="N",$K8<>"Y")),"Y","N")) | AB8: =IF($B8="","",IF($P8="Y",IF($Y8="Y","Completed","In Progress"),"")) | AC8: =IF($B8="","",IF(COUNTIFS('Approved Absences'!$A$2:$A$200,$B8,'Approved Absences'!$B$2:$B$200,"<="&INT('Control Center'!$B$3),'Approved Absences'!$C$2:$C$200,">="&INT('Control Center'!$B$3))>0,"Y","N")) | AD8: =IF($B8="","",IF(AND($G8="Y",$AC8<>"Y",ISERROR(SEARCH(TEXT('Control Center'!$B$3,"ddd"),TRIM($D8)))),"Y","N")) | AE8: =IF(AND(AD8="Y",C8="3:45 AM",E8="N",K8<>"Y"),COUNTIFS($AD$2:AD8,"Y",$C$2:C8,"3:45 AM",$E$2:E8,"N",$K$2:K8,"<>Y"),"") | AF8: =IF(AND(AD8="Y",C8="5:45 AM",E8="N",K8<>"Y"),COUNTIFS($AD$2:AD8,"Y",$C$2:C8,"5:45 AM",$E$2:E8,"N",$K$2:K8,"<>Y"),"") | AG8: =IF(AND(AD8="Y",C8="3:45 AM",E8="N",L8="Y",K8<>"Y"),COUNTIFS($AD$2:AD8,"Y",$C$2:C8,"3:45 AM",$E$2:E8,"N",$L$2:L8,"Y",$K$2:K8,"<>Y"),"") | AH8: =IF(AND(AD8="Y",C8="5:45 AM",E8="N",L8="Y",K8<>"Y"),COUNTIFS($AD$2:AD8,"Y",$C$2:C8,"5:45 AM",$E$2:E8,"N",$L$2:L8,"Y",$K$2:K8,"<>Y"),"") | AI8: =IF(AND(AD8="Y",E8="N",K8="Y",OR(C8="3:45 AM",C8="5:45 AM")),SUMPRODUCT(($AD$2:AD8="Y")*($E$2:E8="N")*($K$2:K8="Y")*(($C$2:C8="3:45 AM")+($C$2:C8="5:45 AM"))), "") | AJ8: =IF(AND(AD8="Y",C8="3:45 AM",E8="N",J8="Y"),COUNTIFS($AD$2:AD8,"Y",$C$2:C8,"3:45 AM",$E$2:E8,"N",$J$2:J8,"Y"),"") | AK8: =IF(AND(AD8="Y",E8="N",I8="Y",OR(C8="3:45 AM",C8="5:45 AM")),SUMPRODUCT(($AD$2:AD8="Y")*($E$2:E8="N")*($I$2:I8="Y")*(($C$2:C8="3:45 AM")+($C$2:C8="5:45 AM"))), "") | AL8: =IF(AND(AD8="Y",C8="12:15 PM",E8="N",K8<>"Y"),COUNTIFS($AD$2:AD8,"Y",$C$2:C8,"12:15 PM",$E$2:E8,"N",$K$2:K8,"<>Y"),"") | AM8: =IF(AND(AD8="Y",C8="2:00 PM",E8="N",K8<>"Y"),COUNTIFS($AD$2:AD8,"Y",$C$2:C8,"2:00 PM",$E$2:E8,"N",$K$2:K8,"<>Y"),"") | AN8: =IF(AND(AD8="Y",E8="N",K8="Y",OR(C8="12:15 PM",C8="2:00 PM")),SUMPRODUCT(($AD$2:AD8="Y")*($E$2:E8="N")*($K$2:K8="Y")*(($C$2:C8="12:15 PM")+($C$2:C8="2:00 PM"))), "") | AO8: =IF(AND(AD8="Y",C8="12:15 PM",E8="N",L8="Y"),COUNTIFS($AD$2:AD8,"Y",$C$2:C8,"12:15 PM",$E$2:E8,"N",$L$2:L8,"Y"),"") | AP8: =IF(AND(AD8="Y",C8="2:00 PM",E8="N",L8="Y"),COUNTIFS($AD$2:AD8,"Y",$C$2:C8,"2:00 PM",$E$2:E8,"N",$L$2:L8,"Y"),"")
A9: EMP-0008 | B9: Akuugo Nduaguba | C9: 2:00 PM | D9: Wed, Thu | E9: N | F9: N | G9: Y | H9: None | I9: N | J9: N | K9: N | L9: Y | M9: Standard | P9: N | T9: N | U9: =IF($B9="","",IF(AND($G9="Y",ISERROR(SEARCH(TEXT('Control Center'!$B$3,"ddd"),TRIM($D9)))),"Y","N")) | V9: =IF($B9="","",IF(AND($U9="Y",OR($C9="3:45 AM",$C9="5:45 AM"),OR('Control Center'!$B$4="N",$K9<>"Y")),"Y","N")) | W9: =IF($B9="","",IF(AND($U9="Y",OR($C9="12:15 PM",$C9="2:00 PM"),OR('Control Center'!$B$5="N",$K9<>"Y")),"Y","N")) | AB9: =IF($B9="","",IF($P9="Y",IF($Y9="Y","Completed","In Progress"),"")) | AC9: =IF($B9="","",IF(COUNTIFS('Approved Absences'!$A$2:$A$200,$B9,'Approved Absences'!$B$2:$B$200,"<="&INT('Control Center'!$B$3),'Approved Absences'!$C$2:$C$200,">="&INT('Control Center'!$B$3))>0,"Y","N")) | AD9: =IF($B9="","",IF(AND($G9="Y",$AC9<>"Y",ISERROR(SEARCH(TEXT('Control Center'!$B$3,"ddd"),TRIM($D9)))),"Y","N")) | AE9: =IF(AND(AD9="Y",C9="3:45 AM",E9="N",K9<>"Y"),COUNTIFS($AD$2:AD9,"Y",$C$2:C9,"3:45 AM",$E$2:E9,"N",$K$2:K9,"<>Y"),"") | AF9: =IF(AND(AD9="Y",C9="5:45 AM",E9="N",K9<>"Y"),COUNTIFS($AD$2:AD9,"Y",$C$2:C9,"5:45 AM",$E$2:E9,"N",$K$2:K9,"<>Y"),"") | AG9: =IF(AND(AD9="Y",C9="3:45 AM",E9="N",L9="Y",K9<>"Y"),COUNTIFS($AD$2:AD9,"Y",$C$2:C9,"3:45 AM",$E$2:E9,"N",$L$2:L9,"Y",$K$2:K9,"<>Y"),"") | AH9: =IF(AND(AD9="Y",C9="5:45 AM",E9="N",L9="Y",K9<>"Y"),COUNTIFS($AD$2:AD9,"Y",$C$2:C9,"5:45 AM",$E$2:E9,"N",$L$2:L9,"Y",$K$2:K9,"<>Y"),"") | AI9: =IF(AND(AD9="Y",E9="N",K9="Y",OR(C9="3:45 AM",C9="5:45 AM")),SUMPRODUCT(($AD$2:AD9="Y")*($E$2:E9="N")*($K$2:K9="Y")*(($C$2:C9="3:45 AM")+($C$2:C9="5:45 AM"))), "") | AJ9: =IF(AND(AD9="Y",C9="3:45 AM",E9="N",J9="Y"),COUNTIFS($AD$2:AD9,"Y",$C$2:C9,"3:45 AM",$E$2:E9,"N",$J$2:J9,"Y"),"") | AK9: =IF(AND(AD9="Y",E9="N",I9="Y",OR(C9="3:45 AM",C9="5:45 AM")),SUMPRODUCT(($AD$2:AD9="Y")*($E$2:E9="N")*($I$2:I9="Y")*(($C$2:C9="3:45 AM")+($C$2:C9="5:45 AM"))), "") | AL9: =IF(AND(AD9="Y",C9="12:15 PM",E9="N",K9<>"Y"),COUNTIFS($AD$2:AD9,"Y",$C$2:C9,"12:15 PM",$E$2:E9,"N",$K$2:K9,"<>Y"),"") | AM9: =IF(AND(AD9="Y",C9="2:00 PM",E9="N",K9<>"Y"),COUNTIFS($AD$2:AD9,"Y",$C$2:C9,"2:00 PM",$E$2:E9,"N",$K$2:K9,"<>Y"),"") | AN9: =IF(AND(AD9="Y",E9="N",K9="Y",OR(C9="12:15 PM",C9="2:00 PM")),SUMPRODUCT(($AD$2:AD9="Y")*($E$2:E9="N")*($K$2:K9="Y")*(($C$2:C9="12:15 PM")+($C$2:C9="2:00 PM"))), "") | AO9: =IF(AND(AD9="Y",C9="12:15 PM",E9="N",L9="Y"),COUNTIFS($AD$2:AD9,"Y",$C$2:C9,"12:15 PM",$E$2:E9,"N",$L$2:L9,"Y"),"") | AP9: =IF(AND(AD9="Y",C9="2:00 PM",E9="N",L9="Y"),COUNTIFS($AD$2:AD9,"Y",$C$2:C9,"2:00 PM",$E$2:E9,"N",$L$2:L9,"Y"),"")
A10: EMP-0009 | B10: Aleah Mckinnon | C10: 5:45 AM | D10: Thu, Fri | E10: N | F10: N | G10: Y | H10: None | I10: N | J10: N | K10: N | L10: Y | M10: Standard | P10: N | T10: N | U10: =IF($B10="","",IF(AND($G10="Y",ISERROR(SEARCH(TEXT('Control Center'!$B$3,"ddd"),TRIM($D10)))),"Y","N")) | V10: =IF($B10="","",IF(AND($U10="Y",OR($C10="3:45 AM",$C10="5:45 AM"),OR('Control Center'!$B$4="N",$K10<>"Y")),"Y","N")) | W10: =IF($B10="","",IF(AND($U10="Y",OR($C10="12:15 PM",$C10="2:00 PM"),OR('Control Center'!$B$5="N",$K10<>"Y")),"Y","N")) | AB10: =IF($B10="","",IF($P10="Y",IF($Y10="Y","Completed","In Progress"),"")) | AC10: =IF($B10="","",IF(COUNTIFS('Approved Absences'!$A$2:$A$200,$B10,'Approved Absences'!$B$2:$B$200,"<="&INT('Control Center'!$B$3),'Approved Absences'!$C$2:$C$200,">="&INT('Control Center'!$B$3))>0,"Y","N")) | AD10: =IF($B10="","",IF(AND($G10="Y",$AC10<>"Y",ISERROR(SEARCH(TEXT('Control Center'!$B$3,"ddd"),TRIM($D10)))),"Y","N")) | AE10: =IF(AND(AD10="Y",C10="3:45 AM",E10="N",K10<>"Y"),COUNTIFS($AD$2:AD10,"Y",$C$2:C10,"3:45 AM",$E$2:E10,"N",$K$2:K10,"<>Y"),"") | AF10: =IF(AND(AD10="Y",C10="5:45 AM",E10="N",K10<>"Y"),COUNTIFS($AD$2:AD10,"Y",$C$2:C10,"5:45 AM",$E$2:E10,"N",$K$2:K10,"<>Y"),"") | AG10: =IF(AND(AD10="Y",C10="3:45 AM",E10="N",L10="Y",K10<>"Y"),COUNTIFS($AD$2:AD10,"Y",$C$2:C10,"3:45 AM",$E$2:E10,"N",$L$2:L10,"Y",$K$2:K10,"<>Y"),"") | AH10: =IF(AND(AD10="Y",C10="5:45 AM",E10="N",L10="Y",K10<>"Y"),COUNTIFS($AD$2:AD10,"Y",$C$2:C10,"5:45 AM",$E$2:E10,"N",$L$2:L10,"Y",$K$2:K10,"<>Y"),"") | AI10: =IF(AND(AD10="Y",E10="N",K10="Y",OR(C10="3:45 AM",C10="5:45 AM")),SUMPRODUCT(($AD$2:AD10="Y")*($E$2:E10="N")*($K$2:K10="Y")*(($C$2:C10="3:45 AM")+($C$2:C10="5:45 AM"))), "") | AJ10: =IF(AND(AD10="Y",C10="3:45 AM",E10="N",J10="Y"),COUNTIFS($AD$2:AD10,"Y",$C$2:C10,"3:45 AM",$E$2:E10,"N",$J$2:J10,"Y"),"") | AK10: =IF(AND(AD10="Y",E10="N",I10="Y",OR(C10="3:45 AM",C10="5:45 AM")),SUMPRODUCT(($AD$2:AD10="Y")*($E$2:E10="N")*($I$2:I10="Y")*(($C$2:C10="3:45 AM")+($C$2:C10="5:45 AM"))), "") | AL10: =IF(AND(AD10="Y",C10="12:15 PM",E10="N",K10<>"Y"),COUNTIFS($AD$2:AD10,"Y",$C$2:C10,"12:15 PM",$E$2:E10,"N",$K$2:K10,"<>Y"),"") | AM10: =IF(AND(AD10="Y",C10="2:00 PM",E10="N",K10<>"Y"),COUNTIFS($AD$2:AD10,"Y",$C$2:C10,"2:00 PM",$E$2:E10,"N",$K$2:K10,"<>Y"),"") | AN10: =IF(AND(AD10="Y",E10="N",K10="Y",OR(C10="12:15 PM",C10="2:00 PM")),SUMPRODUCT(($AD$2:AD10="Y")*($E$2:E10="N")*($K$2:K10="Y")*(($C$2:C10="12:15 PM")+($C$2:C10="2:00 PM"))), "") | AO10: =IF(AND(AD10="Y",C10="12:15 PM",E10="N",L10="Y"),COUNTIFS($AD$2:AD10,"Y",$C$2:C10,"12:15 PM",$E$2:E10,"N",$L$2:L10,"Y"),"") | AP10: =IF(AND(AD10="Y",C10="2:00 PM",E10="N",L10="Y"),COUNTIFS($AD$2:AD10,"Y",$C$2:C10,"2:00 PM",$E$2:E10,"N",$L$2:L10,"Y"),"")
A11: EMP-0010 | B11: Allen Suggs | C11: 3:45 AM | D11: Fri, Sat | E11: N | F11: Y | G11: Y | H11: None | I11: N | J11: Y | K11: N | L11: Y | M11: Standard | P11: N | T11: N | U11: =IF($B11="","",IF(AND($G11="Y",ISERROR(SEARCH(TEXT('Control Center'!$B$3,"ddd"),TRIM($D11)))),"Y","N")) | V11: =IF($B11="","",IF(AND($U11="Y",OR($C11="3:45 AM",$C11="5:45 AM"),OR('Control Center'!$B$4="N",$K11<>"Y")),"Y","N")) | W11: =IF($B11="","",IF(AND($U11="Y",OR($C11="12:15 PM",$C11="2:00 PM"),OR('Control Center'!$B$5="N",$K11<>"Y")),"Y","N")) | AB11: =IF($B11="","",IF($P11="Y",IF($Y11="Y","Completed","In Progress"),"")) | AC11: =IF($B11="","",IF(COUNTIFS('Approved Absences'!$A$2:$A$200,$B11,'Approved Absences'!$B$2:$B$200,"<="&INT('Control Center'!$B$3),'Approved Absences'!$C$2:$C$200,">="&INT('Control Center'!$B$3))>0,"Y","N")) | AD11: =IF($B11="","",IF(AND($G11="Y",$AC11<>"Y",ISERROR(SEARCH(TEXT('Control Center'!$B$3,"ddd"),TRIM($D11)))),"Y","N")) | AE11: =IF(AND(AD11="Y",C11="3:45 AM",E11="N",K11<>"Y"),COUNTIFS($AD$2:AD11,"Y",$C$2:C11,"3:45 AM",$E$2:E11,"N",$K$2:K11,"<>Y"),"") | AF11: =IF(AND(AD11="Y",C11="5:45 AM",E11="N",K11<>"Y"),COUNTIFS($AD$2:AD11,"Y",$C$2:C11,"5:45 AM",$E$2:E11,"N",$K$2:K11,"<>Y"),"") | AG11: =IF(AND(AD11="Y",C11="3:45 AM",E11="N",L11="Y",K11<>"Y"),COUNTIFS($AD$2:AD11,"Y",$C$2:C11,"3:45 AM",$E$2:E11,"N",$L$2:L11,"Y",$K$2:K11,"<>Y"),"") | AH11: =IF(AND(AD11="Y",C11="5:45 AM",E11="N",L11="Y",K11<>"Y"),COUNTIFS($AD$2:AD11,"Y",$C$2:C11,"5:45 AM",$E$2:E11,"N",$L$2:L11,"Y",$K$2:K11,"<>Y"),"") | AI11: =IF(AND(AD11="Y",E11="N",K11="Y",OR(C11="3:45 AM",C11="5:45 AM")),SUMPRODUCT(($AD$2:AD11="Y")*($E$2:E11="N")*($K$2:K11="Y")*(($C$2:C11="3:45 AM")+($C$2:C11="5:45 AM"))), "") | AJ11: =IF(AND(AD11="Y",C11="3:45 AM",E11="N",J11="Y"),COUNTIFS($AD$2:AD11,"Y",$C$2:C11,"3:45 AM",$E$2:E11,"N",$J$2:J11,"Y"),"") | AK11: =IF(AND(AD11="Y",E11="N",I11="Y",OR(C11="3:45 AM",C11="5:45 AM")),SUMPRODUCT(($AD$2:AD11="Y")*($E$2:E11="N")*($I$2:I11="Y")*(($C$2:C11="3:45 AM")+($C$2:C11="5:45 AM"))), "") | AL11: =IF(AND(AD11="Y",C11="12:15 PM",E11="N",K11<>"Y"),COUNTIFS($AD$2:AD11,"Y",$C$2:C11,"12:15 PM",$E$2:E11,"N",$K$2:K11,"<>Y"),"") | AM11: =IF(AND(AD11="Y",C11="2:00 PM",E11="N",K11<>"Y"),COUNTIFS($AD$2:AD11,"Y",$C$2:C11,"2:00 PM",$E$2:E11,"N",$K$2:K11,"<>Y"),"") | AN11: =IF(AND(AD11="Y",E11="N",K11="Y",OR(C11="12:15 PM",C11="2:00 PM")),SUMPRODUCT(($AD$2:AD11="Y")*($E$2:E11="N")*($K$2:K11="Y")*(($C$2:C11="12:15 PM")+($C$2:C11="2:00 PM"))), "") | AO11: =IF(AND(AD11="Y",C11="12:15 PM",E11="N",L11="Y"),COUNTIFS($AD$2:AD11,"Y",$C$2:C11,"12:15 PM",$E$2:E11,"N",$L$2:L11,"Y"),"") | AP11: =IF(AND(AD11="Y",C11="2:00 PM",E11="N",L11="Y"),COUNTIFS($AD$2:AD11,"Y",$C$2:C11,"2:00 PM",$E$2:E11,"N",$L$2:L11,"Y"),"")
A12: EMP-0011 | B12: Alyssa Prince | C12: 12:15 PM | D12: Wed, Thu | E12: N | F12: N | G12: Y | H12: None | I12: N | J12: N | K12: N | L12: Y | M12: Standard | P12: N | T12: N | U12: =IF($B12="","",IF(AND($G12="Y",ISERROR(SEARCH(TEXT('Control Center'!$B$3,"ddd"),TRIM($D12)))),"Y","N")) | V12: =IF($B12="","",IF(AND($U12="Y",OR($C12="3:45 AM",$C12="5:45 AM"),OR('Control Center'!$B$4="N",$K12<>"Y")),"Y","N")) | W12: =IF($B12="","",IF(AND($U12="Y",OR($C12="12:15 PM",$C12="2:00 PM"),OR('Control Center'!$B$5="N",$K12<>"Y")),"Y","N")) | AB12: =IF($B12="","",IF($P12="Y",IF($Y12="Y","Completed","In Progress"),"")) | AC12: =IF($B12="","",IF(COUNTIFS('Approved Absences'!$A$2:$A$200,$B12,'Approved Absences'!$B$2:$B$200,"<="&INT('Control Center'!$B$3),'Approved Absences'!$C$2:$C$200,">="&INT('Control Center'!$B$3))>0,"Y","N")) | AD12: =IF($B12="","",IF(AND($G12="Y",$AC12<>"Y",ISERROR(SEARCH(TEXT('Control Center'!$B$3,"ddd"),TRIM($D12)))),"Y","N")) | AE12: =IF(AND(AD12="Y",C12="3:45 AM",E12="N",K12<>"Y"),COUNTIFS($AD$2:AD12,"Y",$C$2:C12,"3:45 AM",$E$2:E12,"N",$K$2:K12,"<>Y"),"") | AF12: =IF(AND(AD12="Y",C12="5:45 AM",E12="N",K12<>"Y"),COUNTIFS($AD$2:AD12,"Y",$C$2:C12,"5:45 AM",$E$2:E12,"N",$K$2:K12,"<>Y"),"") | AG12: =IF(AND(AD12="Y",C12="3:45 AM",E12="N",L12="Y",K12<>"Y"),COUNTIFS($AD$2:AD12,"Y",$C$2:C12,"3:45 AM",$E$2:E12,"N",$L$2:L12,"Y",$K$2:K12,"<>Y"),"") | AH12: =IF(AND(AD12="Y",C12="5:45 AM",E12="N",L12="Y",K12<>"Y"),COUNTIFS($AD$2:AD12,"Y",$C$2:C12,"5:45 AM",$E$2:E12,"N",$L$2:L12,"Y",$K$2:K12,"<>Y"),"") | AI12: =IF(AND(AD12="Y",E12="N",K12="Y",OR(C12="3:45 AM",C12="5:45 AM")),SUMPRODUCT(($AD$2:AD12="Y")*($E$2:E12="N")*($K$2:K12="Y")*(($C$2:C12="3:45 AM")+($C$2:C12="5:45 AM"))), "") | AJ12: =IF(AND(AD12="Y",C12="3:45 AM",E12="N",J12="Y"),COUNTIFS($AD$2:AD12,"Y",$C$2:C12,"3:45 AM",$E$2:E12,"N",$J$2:J12,"Y"),"") | AK12: =IF(AND(AD12="Y",E12="N",I12="Y",OR(C12="3:45 AM",C12="5:45 AM")),SUMPRODUCT(($AD$2:AD12="Y")*($E$2:E12="N")*($I$2:I12="Y")*(($C$2:C12="3:45 AM")+($C$2:C12="5:45 AM"))), "") | AL12: =IF(AND(AD12="Y",C12="12:15 PM",E12="N",K12<>"Y"),COUNTIFS($AD$2:AD12,"Y",$C$2:C12,"12:15 PM",$E$2:E12,"N",$K$2:K12,"<>Y"),"") | AM12: =IF(AND(AD12="Y",C12="2:00 PM",E12="N",K12<>"Y"),COUNTIFS($AD$2:AD12,"Y",$C$2:C12,"2:00 PM",$E$2:E12,"N",$K$2:K12,"<>Y"),"") | AN12: =IF(AND(AD12="Y",E12="N",K12="Y",OR(C12="12:15 PM",C12="2:00 PM")),SUMPRODUCT(($AD$2:AD12="Y")*($E$2:E12="N")*($K$2:K12="Y")*(($C$2:C12="12:15 PM")+($C$2:C12="2:00 PM"))), "") | AO12: =IF(AND(AD12="Y",C12="12:15 PM",E12="N",L12="Y"),COUNTIFS($AD$2:AD12,"Y",$C$2:C12,"12:15 PM",$E$2:E12,"N",$L$2:L12,"Y"),"") | AP12: =IF(AND(AD12="Y",C12="2:00 PM",E12="N",L12="Y"),COUNTIFS($AD$2:AD12,"Y",$C$2:C12,"2:00 PM",$E$2:E12,"N",$L$2:L12,"Y"),"")
A13: EMP-0012 | B13: Amadou Diallo | C13: 12:15 PM | D13: Thu, Fri | E13: N | F13: N | G13: Y | H13: 5:00 PM | I13: N | J13: N | K13: N | L13: Y | M13: Standard | P13: N | T13: N | U13: =IF($B13="","",IF(AND($G13="Y",ISERROR(SEARCH(TEXT('Control Center'!$B$3,"ddd"),TRIM($D13)))),"Y","N")) | V13: =IF($B13="","",IF(AND($U13="Y",OR($C13="3:45 AM",$C13="5:45 AM"),OR('Control Center'!$B$4="N",$K13<>"Y")),"Y","N")) | W13: =IF($B13="","",IF(AND($U13="Y",OR($C13="12:15 PM",$C13="2:00 PM"),OR('Control Center'!$B$5="N",$K13<>"Y")),"Y","N")) | AB13: =IF($B13="","",IF($P13="Y",IF($Y13="Y","Completed","In Progress"),"")) | AC13: =IF($B13="","",IF(COUNTIFS('Approved Absences'!$A$2:$A$200,$B13,'Approved Absences'!$B$2:$B$200,"<="&INT('Control Center'!$B$3),'Approved Absences'!$C$2:$C$200,">="&INT('Control Center'!$B$3))>0,"Y","N")) | AD13: =IF($B13="","",IF(AND($G13="Y",$AC13<>"Y",ISERROR(SEARCH(TEXT('Control Center'!$B$3,"ddd"),TRIM($D13)))),"Y","N")) | AE13: =IF(AND(AD13="Y",C13="3:45 AM",E13="N",K13<>"Y"),COUNTIFS($AD$2:AD13,"Y",$C$2:C13,"3:45 AM",$E$2:E13,"N",$K$2:K13,"<>Y"),"") | AF13: =IF(AND(AD13="Y",C13="5:45 AM",E13="N",K13<>"Y"),COUNTIFS($AD$2:AD13,"Y",$C$2:C13,"5:45 AM",$E$2:E13,"N",$K$2:K13,"<>Y"),"") | AG13: =IF(AND(AD13="Y",C13="3:45 AM",E13="N",L13="Y",K13<>"Y"),COUNTIFS($AD$2:AD13,"Y",$C$2:C13,"3:45 AM",$E$2:E13,"N",$L$2:L13,"Y",$K$2:K13,"<>Y"),"") | AH13: =IF(AND(AD13="Y",C13="5:45 AM",E13="N",L13="Y",K13<>"Y"),COUNTIFS($AD$2:AD13,"Y",$C$2:C13,"5:45 AM",$E$2:E13,"N",$L$2:L13,"Y",$K$2:K13,"<>Y"),"") | AI13: =IF(AND(AD13="Y",E13="N",K13="Y",OR(C13="3:45 AM",C13="5:45 AM")),SUMPRODUCT(($AD$2:AD13="Y")*($E$2:E13="N")*($K$2:K13="Y")*(($C$2:C13="3:45 AM")+($C$2:C13="5:45 AM"))), "") | AJ13: =IF(AND(AD13="Y",C13="3:45 AM",E13="N",J13="Y"),COUNTIFS($AD$2:AD13,"Y",$C$2:C13,"3:45 AM",$E$2:E13,"N",$J$2:J13,"Y"),"") | AK13: =IF(AND(AD13="Y",E13="N",I13="Y",OR(C13="3:45 AM",C13="5:45 AM")),SUMPRODUCT(($AD$2:AD13="Y")*($E$2:E13="N")*($I$2:I13="Y")*(($C$2:C13="3:45 AM")+($C$2:C13="5:45 AM"))), "") | AL13: =IF(AND(AD13="Y",C13="12:15 PM",E13="N",K13<>"Y"),COUNTIFS($AD$2:AD13,"Y",$C$2:C13,"12:15 PM",$E$2:E13,"N",$K$2:K13,"<>Y"),"") | AM13: =IF(AND(AD13="Y",C13="2:00 PM",E13="N",K13<>"Y"),COUNTIFS($AD$2:AD13,"Y",$C$2:C13,"2:00 PM",$E$2:E13,"N",$K$2:K13,"<>Y"),"") | AN13: =IF(AND(AD13="Y",E13="N",K13="Y",OR(C13="12:15 PM",C13="2:00 PM")),SUMPRODUCT(($AD$2:AD13="Y")*($E$2:E13="N")*($K$2:K13="Y")*(($C$2:C13="12:15 PM")+($C$2:C13="2:00 PM"))), "") | AO13: =IF(AND(AD13="Y",C13="12:15 PM",E13="N",L13="Y"),COUNTIFS($AD$2:AD13,"Y",$C$2:C13,"12:15 PM",$E$2:E13,"N",$L$2:L13,"Y"),"") | AP13: =IF(AND(AD13="Y",C13="2:00 PM",E13="N",L13="Y"),COUNTIFS($AD$2:AD13,"Y",$C$2:C13,"2:00 PM",$E$2:E13,"N",$L$2:L13,"Y"),"")
A14: EMP-0013 | B14: Amanda Scott | C14: 2:00 PM | D14: Mon, Tue | E14: N | F14: N | G14: Y | H14: 6:00 PM | I14: N | J14: N | K14: N | L14: Y | M14: Standard | P14: N | T14: N | U14: =IF($B14="","",IF(AND($G14="Y",ISERROR(SEARCH(TEXT('Control Center'!$B$3,"ddd"),TRIM($D14)))),"Y","N")) | V14: =IF($B14="","",IF(AND($U14="Y",OR($C14="3:45 AM",$C14="5:45 AM"),OR('Control Center'!$B$4="N",$K14<>"Y")),"Y","N")) | W14: =IF($B14="","",IF(AND($U14="Y",OR($C14="12:15 PM",$C14="2:00 PM"),OR('Control Center'!$B$5="N",$K14<>"Y")),"Y","N")) | AB14: =IF($B14="","",IF($P14="Y",IF($Y14="Y","Completed","In Progress"),"")) | AC14: =IF($B14="","",IF(COUNTIFS('Approved Absences'!$A$2:$A$200,$B14,'Approved Absences'!$B$2:$B$200,"<="&INT('Control Center'!$B$3),'Approved Absences'!$C$2:$C$200,">="&INT('Control Center'!$B$3))>0,"Y","N")) | AD14: =IF($B14="","",IF(AND($G14="Y",$AC14<>"Y",ISERROR(SEARCH(TEXT('Control Center'!$B$3,"ddd"),TRIM($D14)))),"Y","N")) | AE14: =IF(AND(AD14="Y",C14="3:45 AM",E14="N",K14<>"Y"),COUNTIFS($AD$2:AD14,"Y",$C$2:C14,"3:45 AM",$E$2:E14,"N",$K$2:K14,"<>Y"),"") | AF14: =IF(AND(AD14="Y",C14="5:45 AM",E14="N",K14<>"Y"),COUNTIFS($AD$2:AD14,"Y",$C$2:C14,"5:45 AM",$E$2:E14,"N",$K$2:K14,"<>Y"),"") | AG14: =IF(AND(AD14="Y",C14="3:45 AM",E14="N",L14="Y",K14<>"Y"),COUNTIFS($AD$2:AD14,"Y",$C$2:C14,"3:45 AM",$E$2:E14,"N",$L$2:L14,"Y",$K$2:K14,"<>Y"),"") | AH14: =IF(AND(AD14="Y",C14="5:45 AM",E14="N",L14="Y",K14<>"Y"),COUNTIFS($AD$2:AD14,"Y",$C$2:C14,"5:45 AM",$E$2:E14,"N",$L$2:L14,"Y",$K$2:K14,"<>Y"),"") | AI14: =IF(AND(AD14="Y",E14="N",K14="Y",OR(C14="3:45 AM",C14="5:45 AM")),SUMPRODUCT(($AD$2:AD14="Y")*($E$2:E14="N")*($K$2:K14="Y")*(($C$2:C14="3:45 AM")+($C$2:C14="5:45 AM"))), "") | AJ14: =IF(AND(AD14="Y",C14="3:45 AM",E14="N",J14="Y"),COUNTIFS($AD$2:AD14,"Y",$C$2:C14,"3:45 AM",$E$2:E14,"N",$J$2:J14,"Y"),"") | AK14: =IF(AND(AD14="Y",E14="N",I14="Y",OR(C14="3:45 AM",C14="5:45 AM")),SUMPRODUCT(($AD$2:AD14="Y")*($E$2:E14="N")*($I$2:I14="Y")*(($C$2:C14="3:45 AM")+($C$2:C14="5:45 AM"))), "") | AL14: =IF(AND(AD14="Y",C14="12:15 PM",E14="N",K14<>"Y"),COUNTIFS($AD$2:AD14,"Y",$C$2:C14,"12:15 PM",$E$2:E14,"N",$K$2:K14,"<>Y"),"") | AM14: =IF(AND(AD14="Y",C14="2:00 PM",E14="N",K14<>"Y"),COUNTIFS($AD$2:AD14,"Y",$C$2:C14,"2:00 PM",$E$2:E14,"N",$K$2:K14,"<>Y"),"") | AN14: =IF(AND(AD14="Y",E14="N",K14="Y",OR(C14="12:15 PM",C14="2:00 PM")),SUMPRODUCT(($AD$2:AD14="Y")*($E$2:E14="N")*($K$2:K14="Y")*(($C$2:C14="12:15 PM")+($C$2:C14="2:00 PM"))), "") | AO14: =IF(AND(AD14="Y",C14="12:15 PM",E14="N",L14="Y"),COUNTIFS($AD$2:AD14,"Y",$C$2:C14,"12:15 PM",$E$2:E14,"N",$L$2:L14,"Y"),"") | AP14: =IF(AND(AD14="Y",C14="2:00 PM",E14="N",L14="Y"),COUNTIFS($AD$2:AD14,"Y",$C$2:C14,"2:00 PM",$E$2:E14,"N",$L$2:L14,"Y"),"")
A15: EMP-0014 | B15: Anariah Daniel | C15: 5:45 AM | D15: Wed, Thu | E15: N | F15: Y | G15: Y | H15: None | I15: N | J15: N | K15: N | L15: Y | M15: Standard | P15: N | T15: N | U15: =IF($B15="","",IF(AND($G15="Y",ISERROR(SEARCH(TEXT('Control Center'!$B$3,"ddd"),TRIM($D15)))),"Y","N")) | V15: =IF($B15="","",IF(AND($U15="Y",OR($C15="3:45 AM",$C15="5:45 AM"),OR('Control Center'!$B$4="N",$K15<>"Y")),"Y","N")) | W15: =IF($B15="","",IF(AND($U15="Y",OR($C15="12:15 PM",$C15="2:00 PM"),OR('Control Center'!$B$5="N",$K15<>"Y")),"Y","N")) | AB15: =IF($B15="","",IF($P15="Y",IF($Y15="Y","Completed","In Progress"),"")) | AC15: =IF($B15="","",IF(COUNTIFS('Approved Absences'!$A$2:$A$200,$B15,'Approved Absences'!$B$2:$B$200,"<="&INT('Control Center'!$B$3),'Approved Absences'!$C$2:$C$200,">="&INT('Control Center'!$B$3))>0,"Y","N")) | AD15: =IF($B15="","",IF(AND($G15="Y",$AC15<>"Y",ISERROR(SEARCH(TEXT('Control Center'!$B$3,"ddd"),TRIM($D15)))),"Y","N")) | AE15: =IF(AND(AD15="Y",C15="3:45 AM",E15="N",K15<>"Y"),COUNTIFS($AD$2:AD15,"Y",$C$2:C15,"3:45 AM",$E$2:E15,"N",$K$2:K15,"<>Y"),"") | AF15: =IF(AND(AD15="Y",C15="5:45 AM",E15="N",K15<>"Y"),COUNTIFS($AD$2:AD15,"Y",$C$2:C15,"5:45 AM",$E$2:E15,"N",$K$2:K15,"<>Y"),"") | AG15: =IF(AND(AD15="Y",C15="3:45 AM",E15="N",L15="Y",K15<>"Y"),COUNTIFS($AD$2:AD15,"Y",$C$2:C15,"3:45 AM",$E$2:E15,"N",$L$2:L15,"Y",$K$2:K15,"<>Y"),"") | AH15: =IF(AND(AD15="Y",C15="5:45 AM",E15="N",L15="Y",K15<>"Y"),COUNTIFS($AD$2:AD15,"Y",$C$2:C15,"5:45 AM",$E$2:E15,"N",$L$2:L15,"Y",$K$2:K15,"<>Y"),"") | AI15: =IF(AND(AD15="Y",E15="N",K15="Y",OR(C15="3:45 AM",C15="5:45 AM")),SUMPRODUCT(($AD$2:AD15="Y")*($E$2:E15="N")*($K$2:K15="Y")*(($C$2:C15="3:45 AM")+($C$2:C15="5:45 AM"))), "") | AJ15: =IF(AND(AD15="Y",C15="3:45 AM",E15="N",J15="Y"),COUNTIFS($AD$2:AD15,"Y",$C$2:C15,"3:45 AM",$E$2:E15,"N",$J$2:J15,"Y"),"") | AK15: =IF(AND(AD15="Y",E15="N",I15="Y",OR(C15="3:45 AM",C15="5:45 AM")),SUMPRODUCT(($AD$2:AD15="Y")*($E$2:E15="N")*($I$2:I15="Y")*(($C$2:C15="3:45 AM")+($C$2:C15="5:45 AM"))), "") | AL15: =IF(AND(AD15="Y",C15="12:15 PM",E15="N",K15<>"Y"),COUNTIFS($AD$2:AD15,"Y",$C$2:C15,"12:15 PM",$E$2:E15,"N",$K$2:K15,"<>Y"),"") | AM15: =IF(AND(AD15="Y",C15="2:00 PM",E15="N",K15<>"Y"),COUNTIFS($AD$2:AD15,"Y",$C$2:C15,"2:00 PM",$E$2:E15,"N",$K$2:K15,"<>Y"),"") | AN15: =IF(AND(AD15="Y",E15="N",K15="Y",OR(C15="12:15 PM",C15="2:00 PM")),SUMPRODUCT(($AD$2:AD15="Y")*($E$2:E15="N")*($K$2:K15="Y")*(($C$2:C15="12:15 PM")+($C$2:C15="2:00 PM"))), "") | AO15: =IF(AND(AD15="Y",C15="12:15 PM",E15="N",L15="Y"),COUNTIFS($AD$2:AD15,"Y",$C$2:C15,"12:15 PM",$E$2:E15,"N",$L$2:L15,"Y"),"") | AP15: =IF(AND(AD15="Y",C15="2:00 PM",E15="N",L15="Y"),COUNTIFS($AD$2:AD15,"Y",$C$2:C15,"2:00 PM",$E$2:E15,"N",$L$2:L15,"Y"),"")
... A43: EMP-0043 | B43: Curtis Raiford | C43: 3:45 AM | D43: Tue, Wed | E43: Y | F43: N | G43: Y | H43: None | I43: N | J43: Y | K43: N | L43: Y | M43: Standard | P43: N | T43: N | U43: =IF($B43="","",IF(AND($G43="Y",ISERROR(SEARCH(TEXT('Control Center'!$B$3,"ddd"),TRIM($D43)))),"Y","N")) | V43: =IF($B43="","",IF(AND($U43="Y",OR($C43="3:45 AM",$C43="5:45 AM"),OR('Control Center'!$B$4="N",$K43<>"Y")),"Y","N")) | W43: =IF($B43="","",IF(AND($U43="Y",OR($C43="12:15 PM",$C43="2:00 PM"),OR('Control Center'!$B$5="N",$K43<>"Y")),"Y","N")) | AB43: =IF($B43="","",IF($P43="Y",IF($Y43="Y","Completed","In Progress"),"")) | AC43: =IF($B43="","",IF(COUNTIFS('Approved Absences'!$A$2:$A$200,$B43,'Approved Absences'!$B$2:$B$200,"<="&INT('Control Center'!$B$3),'Approved Absences'!$C$2:$C$200,">="&INT('Control Center'!$B$3))>0,"Y","N")) | AD43: =IF($B43="","",IF(AND($G43="Y",$AC43<>"Y",ISERROR(SEARCH(TEXT('Control Center'!$B$3,"ddd"),TRIM($D43)))),"Y","N")) | AE43: =IF(AND(AD43="Y",C43="3:45 AM",E43="N",K43<>"Y"),COUNTIFS($AD$2:AD43,"Y",$C$2:C43,"3:45 AM",$E$2:E43,"N",$K$2:K43,"<>Y"),"") | AF43: =IF(AND(AD43="Y",C43="5:45 AM",E43="N",K43<>"Y"),COUNTIFS($AD$2:AD43,"Y",$C$2:C43,"5:45 AM",$E$2:E43,"N",$K$2:K43,"<>Y"),"") | AG43: =IF(AND(AD43="Y",C43="3:45 AM",E43="N",L43="Y",K43<>"Y"),COUNTIFS($AD$2:AD43,"Y",$C$2:C43,"3:45 AM",$E$2:E43,"N",$L$2:L43,"Y",$K$2:K43,"<>Y"),"") | AH43: =IF(AND(AD43="Y",C43="5:45 AM",E43="N",L43="Y",K43<>"Y"),COUNTIFS($AD$2:AD43,"Y",$C$2:C43,"5:45 AM",$E$2:E43,"N",$L$2:L43,"Y",$K$2:K43,"<>Y"),"") | AI43: =IF(AND(AD43="Y",E43="N",K43="Y",OR(C43="3:45 AM",C43="5:45 AM")),SUMPRODUCT(($AD$2:AD43="Y")*($E$2:E43="N")*($K$2:K43="Y")*(($C$2:C43="3:45 AM")+($C$2:C43="5:45 AM"))), "") | AJ43: =IF(AND(AD43="Y",C43="3:45 AM",E43="N",J43="Y"),COUNTIFS($AD$2:AD43,"Y",$C$2:C43,"3:45 AM",$E$2:E43,"N",$J$2:J43,"Y"),"") | AK43: =IF(AND(AD43="Y",E43="N",I43="Y",OR(C43="3:45 AM",C43="5:45 AM")),SUMPRODUCT(($AD$2:AD43="Y")*($E$2:E43="N")*($I$2:I43="Y")*(($C$2:C43="3:45 AM")+($C$2:C43="5:45 AM"))), "") | AL43: =IF(AND(AD43="Y",C43="12:15 PM",E43="N",K43<>"Y"),COUNTIFS($AD$2:AD43,"Y",$C$2:C43,"12:15 PM",$E$2:E43,"N",$K$2:K43,"<>Y"),"") | AM43: =IF(AND(AD43="Y",C43="2:00 PM",E43="N",K43<>"Y"),COUNTIFS($AD$2:AD43,"Y",$C$2:C43,"2:00 PM",$E$2:E43,"N",$K$2:K43,"<>Y"),"") | AN43: =IF(AND(AD43="Y",E43="N",K43="Y",OR(C43="12:15 PM",C43="2:00 PM")),SUMPRODUCT(($AD$2:AD43="Y")*($E$2:E43="N")*($K$2:K43="Y")*(($C$2:C43="12:15 PM")+($C$2:C43="2:00 PM"))), "") | AO43: =IF(AND(AD43="Y",C43="12:15 PM",E43="N",L43="Y"),COUNTIFS($AD$2:AD43,"Y",$C$2:C43,"12:15 PM",$E$2:E43,"N",$L$2:L43,"Y"),"") | AP43: =IF(AND(AD43="Y",C43="2:00 PM",E43="N",L43="Y"),COUNTIFS($AD$2:AD43,"Y",$C$2:C43,"2:00 PM",$E$2:E43,"N",$L$2:L43,"Y"),"")
A44: EMP-0044 | B44: Danielle Holmes | C44: 3:45 AM | D44: Sun, Mon | E44: N | F44: N | G44: Y | H44: None | I44: Y | J44: N | K44: N | L44: N | M44: Fixed All Shift | N44: 45 | Information Desk Personnel | O44: Tue, Wed, Thu, Fri, Sat | P44: N | T44: N | U44: =IF($B44="","",IF(AND($G44="Y",ISERROR(SEARCH(TEXT('Control Center'!$B$3,"ddd"),TRIM($D44)))),"Y","N")) | V44: =IF($B44="","",IF(AND($U44="Y",OR($C44="3:45 AM",$C44="5:45 AM"),OR('Control Center'!$B$4="N",$K44<>"Y")),"Y","N")) | W44: =IF($B44="","",IF(AND($U44="Y",OR($C44="12:15 PM",$C44="2:00 PM"),OR('Control Center'!$B$5="N",$K44<>"Y")),"Y","N")) | AB44: =IF($B44="","",IF($P44="Y",IF($Y44="Y","Completed","In Progress"),"")) | AC44: =IF($B44="","",IF(COUNTIFS('Approved Absences'!$A$2:$A$200,$B44,'Approved Absences'!$B$2:$B$200,"<="&INT('Control Center'!$B$3),'Approved Absences'!$C$2:$C$200,">="&INT('Control Center'!$B$3))>0,"Y","N")) | AD44: =IF($B44="","",IF(AND($G44="Y",$AC44<>"Y",ISERROR(SEARCH(TEXT('Control Center'!$B$3,"ddd"),TRIM($D44)))),"Y","N")) | AE44: =IF(AND(AD44="Y",C44="3:45 AM",E44="N",K44<>"Y"),COUNTIFS($AD$2:AD44,"Y",$C$2:C44,"3:45 AM",$E$2:E44,"N",$K$2:K44,"<>Y"),"") | AF44: =IF(AND(AD44="Y",C44="5:45 AM",E44="N",K44<>"Y"),COUNTIFS($AD$2:AD44,"Y",$C$2:C44,"5:45 AM",$E$2:E44,"N",$K$2:K44,"<>Y"),"") | AG44: =IF(AND(AD44="Y",C44="3:45 AM",E44="N",L44="Y",K44<>"Y"),COUNTIFS($AD$2:AD44,"Y",$C$2:C44,"3:45 AM",$E$2:E44,"N",$L$2:L44,"Y",$K$2:K44,"<>Y"),"") | AH44: =IF(AND(AD44="Y",C44="5:45 AM",E44="N",L44="Y",K44<>"Y"),COUNTIFS($AD$2:AD44,"Y",$C$2:C44,"5:45 AM",$E$2:E44,"N",$L$2:L44,"Y",$K$2:K44,"<>Y"),"") | AI44: =IF(AND(AD44="Y",E44="N",K44="Y",OR(C44="3:45 AM",C44="5:45 AM")),SUMPRODUCT(($AD$2:AD44="Y")*($E$2:E44="N")*($K$2:K44="Y")*(($C$2:C44="3:45 AM")+($C$2:C44="5:45 AM"))), "") | AJ44: =IF(AND(AD44="Y",C44="3:45 AM",E44="N",J44="Y"),COUNTIFS($AD$2:AD44,"Y",$C$2:C44,"3:45 AM",$E$2:E44,"N",$J$2:J44,"Y"),"") | AK44: =IF(AND(AD44="Y",E44="N",I44="Y",OR(C44="3:45 AM",C44="5:45 AM")),SUMPRODUCT(($AD$2:AD44="Y")*($E$2:E44="N")*($I$2:I44="Y")*(($C$2:C44="3:45 AM")+($C$2:C44="5:45 AM"))), "") | AL44: =IF(AND(AD44="Y",C44="12:15 PM",E44="N",K44<>"Y"),COUNTIFS($AD$2:AD44,"Y",$C$2:C44,"12:15 PM",$E$2:E44,"N",$K$2:K44,"<>Y"),"") | AM44: =IF(AND(AD44="Y",C44="2:00 PM",E44="N",K44<>"Y"),COUNTIFS($AD$2:AD44,"Y",$C$2:C44,"2:00 PM",$E$2:E44,"N",$K$2:K44,"<>Y"),"") | AN44: =IF(AND(AD44="Y",E44="N",K44="Y",OR(C44="12:15 PM",C44="2:00 PM")),SUMPRODUCT(($AD$2:AD44="Y")*($E$2:E44="N")*($K$2:K44="Y")*(($C$2:C44="12:15 PM")+($C$2:C44="2:00 PM"))), "") | AO44: =IF(AND(AD44="Y",C44="12:15 PM",E44="N",L44="Y"),COUNTIFS($AD$2:AD44,"Y",$C$2:C44,"12:15 PM",$E$2:E44,"N",$L$2:L44,"Y"),"") | AP44: =IF(AND(AD44="Y",C44="2:00 PM",E44="N",L44="Y"),COUNTIFS($AD$2:AD44,"Y",$C$2:C44,"2:00 PM",$E$2:E44,"N",$L$2:L44,"Y"),"")
A45: EMP-0045 | B45: Darrius Dunlap | C45: 12:15 PM | D45: Fri, Sat | E45: N | F45: Y | G45: Y | H45: None | I45: Y | J45: Y | K45: N | L45: Y | M45: Standard | P45: N | T45: N | U45: =IF($B45="","",IF(AND($G45="Y",ISERROR(SEARCH(TEXT('Control Center'!$B$3,"ddd"),TRIM($D45)))),"Y","N")) | V45: =IF($B45="","",IF(AND($U45="Y",OR($C45="3:45 AM",$C45="5:45 AM"),OR('Control Center'!$B$4="N",$K45<>"Y")),"Y","N")) | W45: =IF($B45="","",IF(AND($U45="Y",OR($C45="12:15 PM",$C45="2:00 PM"),OR('Control Center'!$B$5="N",$K45<>"Y")),"Y","N")) | AB45: =IF($B45="","",IF($P45="Y",IF($Y45="Y","Completed","In Progress"),"")) | AC45: =IF($B45="","",IF(COUNTIFS('Approved Absences'!$A$2:$A$200,$B45,'Approved Absences'!$B$2:$B$200,"<="&INT('Control Center'!$B$3),'Approved Absences'!$C$2:$C$200,">="&INT('Control Center'!$B$3))>0,"Y","N")) | AD45: =IF($B45="","",IF(AND($G45="Y",$AC45<>"Y",ISERROR(SEARCH(TEXT('Control Center'!$B$3,"ddd"),TRIM($D45)))),"Y","N")) | AE45: =IF(AND(AD45="Y",C45="3:45 AM",E45="N",K45<>"Y"),COUNTIFS($AD$2:AD45,"Y",$C$2:C45,"3:45 AM",$E$2:E45,"N",$K$2:K45,"<>Y"),"") | AF45: =IF(AND(AD45="Y",C45="5:45 AM",E45="N",K45<>"Y"),COUNTIFS($AD$2:AD45,"Y",$C$2:C45,"5:45 AM",$E$2:E45,"N",$K$2:K45,"<>Y"),"") | AG45: =IF(AND(AD45="Y",C45="3:45 AM",E45="N",L45="Y",K45<>"Y"),COUNTIFS($AD$2:AD45,"Y",$C$2:C45,"3:45 AM",$E$2:E45,"N",$L$2:L45,"Y",$K$2:K45,"<>Y"),"") | AH45: =IF(AND(AD45="Y",C45="5:45 AM",E45="N",L45="Y",K45<>"Y"),COUNTIFS($AD$2:AD45,"Y",$C$2:C45,"5:45 AM",$E$2:E45,"N",$L$2:L45,"Y",$K$2:K45,"<>Y"),"") | AI45: =IF(AND(AD45="Y",E45="N",K45="Y",OR(C45="3:45 AM",C45="5:45 AM")),SUMPRODUCT(($AD$2:AD45="Y")*($E$2:E45="N")*($K$2:K45="Y")*(($C$2:C45="3:45 AM")+($C$2:C45="5:45 AM"))), "") | AJ45: =IF(AND(AD45="Y",C45="3:45 AM",E45="N",J45="Y"),COUNTIFS($AD$2:AD45,"Y",$C$2:C45,"3:45 AM",$E$2:E45,"N",$J$2:J45,"Y"),"") | AK45: =IF(AND(AD45="Y",E45="N",I45="Y",OR(C45="3:45 AM",C45="5:45 AM")),SUMPRODUCT(($AD$2:AD45="Y")*($E$2:E45="N")*($I$2:I45="Y")*(($C$2:C45="3:45 AM")+($C$2:C45="5:45 AM"))), "") | AL45: =IF(AND(AD45="Y",C45="12:15 PM",E45="N",K45<>"Y"),COUNTIFS($AD$2:AD45,"Y",$C$2:C45,"12:15 PM",$E$2:E45,"N",$K$2:K45,"<>Y"),"") | AM45: =IF(AND(AD45="Y",C45="2:00 PM",E45="N",K45<>"Y"),COUNTIFS($AD$2:AD45,"Y",$C$2:C45,"2:00 PM",$E$2:E45,"N",$K$2:K45,"<>Y"),"") | AN45: =IF(AND(AD45="Y",E45="N",K45="Y",OR(C45="12:15 PM",C45="2:00 PM")),SUMPRODUCT(($AD$2:AD45="Y")*($E$2:E45="N")*($K$2:K45="Y")*(($C$2:C45="12:15 PM")+($C$2:C45="2:00 PM"))), "") | AO45: =IF(AND(AD45="Y",C45="12:15 PM",E45="N",L45="Y"),COUNTIFS($AD$2:AD45,"Y",$C$2:C45,"12:15 PM",$E$2:E45,"N",$L$2:L45,"Y"),"") | AP45: =IF(AND(AD45="Y",C45="2:00 PM",E45="N",L45="Y"),COUNTIFS($AD$2:AD45,"Y",$C$2:C45,"2:00 PM",$E$2:E45,"N",$L$2:L45,"Y"),"")
A46: EMP-0046 | B46: David Holloman | C46: 12:15 PM | D46: Thu, Fri | E46: N | F46: N | G46: Y | H46: None | I46: N | J46: Y | K46: N | L46: Y | M46: Standard | P46: N | T46: N | U46: =IF($B46="","",IF(AND($G46="Y",ISERROR(SEARCH(TEXT('Control Center'!$B$3,"ddd"),TRIM($D46)))),"Y","N")) | V46: =IF($B46="","",IF(AND($U46="Y",OR($C46="3:45 AM",$C46="5:45 AM"),OR('Control Center'!$B$4="N",$K46<>"Y")),"Y","N")) | W46: =IF($B46="","",IF(AND($U46="Y",OR($C46="12:15 PM",$C46="2:00 PM"),OR('Control Center'!$B$5="N",$K46<>"Y")),"Y","N")) | AB46: =IF($B46="","",IF($P46="Y",IF($Y46="Y","Completed","In Progress"),"")) | AC46: =IF($B46="","",IF(COUNTIFS('Approved Absences'!$A$2:$A$200,$B46,'Approved Absences'!$B$2:$B$200,"<="&INT('Control Center'!$B$3),'Approved Absences'!$C$2:$C$200,">="&INT('Control Center'!$B$3))>0,"Y","N")) | AD46: =IF($B46="","",IF(AND($G46="Y",$AC46<>"Y",ISERROR(SEARCH(TEXT('Control Center'!$B$3,"ddd"),TRIM($D46)))),"Y","N")) | AE46: =IF(AND(AD46="Y",C46="3:45 AM",E46="N",K46<>"Y"),COUNTIFS($AD$2:AD46,"Y",$C$2:C46,"3:45 AM",$E$2:E46,"N",$K$2:K46,"<>Y"),"") | AF46: =IF(AND(AD46="Y",C46="5:45 AM",E46="N",K46<>"Y"),COUNTIFS($AD$2:AD46,"Y",$C$2:C46,"5:45 AM",$E$2:E46,"N",$K$2:K46,"<>Y"),"") | AG46: =IF(AND(AD46="Y",C46="3:45 AM",E46="N",L46="Y",K46<>"Y"),COUNTIFS($AD$2:AD46,"Y",$C$2:C46,"3:45 AM",$E$2:E46,"N",$L$2:L46,"Y",$K$2:K46,"<>Y"),"") | AH46: =IF(AND(AD46="Y",C46="5:45 AM",E46="N",L46="Y",K46<>"Y"),COUNTIFS($AD$2:AD46,"Y",$C$2:C46,"5:45 AM",$E$2:E46,"N",$L$2:L46,"Y",$K$2:K46,"<>Y"),"") | AI46: =IF(AND(AD46="Y",E46="N",K46="Y",OR(C46="3:45 AM",C46="5:45 AM")),SUMPRODUCT(($AD$2:AD46="Y")*($E$2:E46="N")*($K$2:K46="Y")*(($C$2:C46="3:45 AM")+($C$2:C46="5:45 AM"))), "") | AJ46: =IF(AND(AD46="Y",C46="3:45 AM",E46="N",J46="Y"),COUNTIFS($AD$2:AD46,"Y",$C$2:C46,"3:45 AM",$E$2:E46,"N",$J$2:J46,"Y"),"") | AK46: =IF(AND(AD46="Y",E46="N",I46="Y",OR(C46="3:45 AM",C46="5:45 AM")),SUMPRODUCT(($AD$2:AD46="Y")*($E$2:E46="N")*($I$2:I46="Y")*(($C$2:C46="3:45 AM")+($C$2:C46="5:45 AM"))), "") | AL46: =IF(AND(AD46="Y",C46="12:15 PM",E46="N",K46<>"Y"),COUNTIFS($AD$2:AD46,"Y",$C$2:C46,"12:15 PM",$E$2:E46,"N",$K$2:K46,"<>Y"),"") | AM46: =IF(AND(AD46="Y",C46="2:00 PM",E46="N",K46<>"Y"),COUNTIFS($AD$2:AD46,"Y",$C$2:C46,"2:00 PM",$E$2:E46,"N",$K$2:K46,"<>Y"),"") | AN46: =IF(AND(AD46="Y",E46="N",K46="Y",OR(C46="12:15 PM",C46="2:00 PM")),SUMPRODUCT(($AD$2:AD46="Y")*($E$2:E46="N")*($K$2:K46="Y")*(($C$2:C46="12:15 PM")+($C$2:C46="2:00 PM"))), "") | AO46: =IF(AND(AD46="Y",C46="12:15 PM",E46="N",L46="Y"),COUNTIFS($AD$2:AD46,"Y",$C$2:C46,"12:15 PM",$E$2:E46,"N",$L$2:L46,"Y"),"") | AP46: =IF(AND(AD46="Y",C46="2:00 PM",E46="N",L46="Y"),COUNTIFS($AD$2:AD46,"Y",$C$2:C46,"2:00 PM",$E$2:E46,"N",$L$2:L46,"Y"),"")
A47: EMP-0047 | B47: David Scoggin | C47: 5:45 AM | D47: Mon, Tue | E47: N | F47: N | G47: Y | H47: None | I47: N | J47: N | K47: N | L47: Y | M47: Standard | P47: N | T47: N | U47: =IF($B47="","",IF(AND($G47="Y",ISERROR(SEARCH(TEXT('Control Center'!$B$3,"ddd"),TRIM($D47)))),"Y","N")) | V47: =IF($B47="","",IF(AND($U47="Y",OR($C47="3:45 AM",$C47="5:45 AM"),OR('Control Center'!$B$4="N",$K47<>"Y")),"Y","N")) | W47: =IF($B47="","",IF(AND($U47="Y",OR($C47="12:15 PM",$C47="2:00 PM"),OR('Control Center'!$B$5="N",$K47<>"Y")),"Y","N")) | AB47: =IF($B47="","",IF($P47="Y",IF($Y47="Y","Completed","In Progress"),"")) | AC47: =IF($B47="","",IF(COUNTIFS('Approved Absences'!$A$2:$A$200,$B47,'Approved Absences'!$B$2:$B$200,"<="&INT('Control Center'!$B$3),'Approved Absences'!$C$2:$C$200,">="&INT('Control Center'!$B$3))>0,"Y","N")) | AD47: =IF($B47="","",IF(AND($G47="Y",$AC47<>"Y",ISERROR(SEARCH(TEXT('Control Center'!$B$3,"ddd"),TRIM($D47)))),"Y","N")) | AE47: =IF(AND(AD47="Y",C47="3:45 AM",E47="N",K47<>"Y"),COUNTIFS($AD$2:AD47,"Y",$C$2:C47,"3:45 AM",$E$2:E47,"N",$K$2:K47,"<>Y"),"") | AF47: =IF(AND(AD47="Y",C47="5:45 AM",E47="N",K47<>"Y"),COUNTIFS($AD$2:AD47,"Y",$C$2:C47,"5:45 AM",$E$2:E47,"N",$K$2:K47,"<>Y"),"") | AG47: =IF(AND(AD47="Y",C47="3:45 AM",E47="N",L47="Y",K47<>"Y"),COUNTIFS($AD$2:AD47,"Y",$C$2:C47,"3:45 AM",$E$2:E47,"N",$L$2:L47,"Y",$K$2:K47,"<>Y"),"") | AH47: =IF(AND(AD47="Y",C47="5:45 AM",E47="N",L47="Y",K47<>"Y"),COUNTIFS($AD$2:AD47,"Y",$C$2:C47,"5:45 AM",$E$2:E47,"N",$L$2:L47,"Y",$K$2:K47,"<>Y"),"") | AI47: =IF(AND(AD47="Y",E47="N",K47="Y",OR(C47="3:45 AM",C47="5:45 AM")),SUMPRODUCT(($AD$2:AD47="Y")*($E$2:E47="N")*($K$2:K47="Y")*(($C$2:C47="3:45 AM")+($C$2:C47="5:45 AM"))), "") | AJ47: =IF(AND(AD47="Y",C47="3:45 AM",E47="N",J47="Y"),COUNTIFS($AD$2:AD47,"Y",$C$2:C47,"3:45 AM",$E$2:E47,"N",$J$2:J47,"Y"),"") | AK47: =IF(AND(AD47="Y",E47="N",I47="Y",OR(C47="3:45 AM",C47="5:45 AM")),SUMPRODUCT(($AD$2:AD47="Y")*($E$2:E47="N")*($I$2:I47="Y")*(($C$2:C47="3:45 AM")+($C$2:C47="5:45 AM"))), "") | AL47: =IF(AND(AD47="Y",C47="12:15 PM",E47="N",K47<>"Y"),COUNTIFS($AD$2:AD47,"Y",$C$2:C47,"12:15 PM",$E$2:E47,"N",$K$2:K47,"<>Y"),"") | AM47: =IF(AND(AD47="Y",C47="2:00 PM",E47="N",K47<>"Y"),COUNTIFS($AD$2:AD47,"Y",$C$2:C47,"2:00 PM",$E$2:E47,"N",$K$2:K47,"<>Y"),"") | AN47: =IF(AND(AD47="Y",E47="N",K47="Y",OR(C47="12:15 PM",C47="2:00 PM")),SUMPRODUCT(($AD$2:AD47="Y")*($E$2:E47="N")*($K$2:K47="Y")*(($C$2:C47="12:15 PM")+($C$2:C47="2:00 PM"))), "") | AO47: =IF(AND(AD47="Y",C47="12:15 PM",E47="N",L47="Y"),COUNTIFS($AD$2:AD47,"Y",$C$2:C47,"12:15 PM",$E$2:E47,"N",$L$2:L47,"Y"),"") | AP47: =IF(AND(AD47="Y",C47="2:00 PM",E47="N",L47="Y"),COUNTIFS($AD$2:AD47,"Y",$C$2:C47,"2:00 PM",$E$2:E47,"N",$L$2:L47,"Y"),"")
A48: EMP-0048 | B48: De'Anna Reese | C48: 12:15 PM | D48: Wed, Thu | E48: N | F48: N | G48: Y | H48: None | I48: Y | J48: Y | K48: N | L48: Y | M48: Standard | P48: N | T48: N | U48: =IF($B48="","",IF(AND($G48="Y",ISERROR(SEARCH(TEXT('Control Center'!$B$3,"ddd"),TRIM($D48)))),"Y","N")) | V48: =IF($B48="","",IF(AND($U48="Y",OR($C48="3:45 AM",$C48="5:45 AM"),OR('Control Center'!$B$4="N",$K48<>"Y")),"Y","N")) | W48: =IF($B48="","",IF(AND($U48="Y",OR($C48="12:15 PM",$C48="2:00 PM"),OR('Control Center'!$B$5="N",$K48<>"Y")),"Y","N")) | AB48: =IF($B48="","",IF($P48="Y",IF($Y48="Y","Completed","In Progress"),"")) | AC48: =IF($B48="","",IF(COUNTIFS('Approved Absences'!$A$2:$A$200,$B48,'Approved Absences'!$B$2:$B$200,"<="&INT('Control Center'!$B$3),'Approved Absences'!$C$2:$C$200,">="&INT('Control Center'!$B$3))>0,"Y","N")) | AD48: =IF($B48="","",IF(AND($G48="Y",$AC48<>"Y",ISERROR(SEARCH(TEXT('Control Center'!$B$3,"ddd"),TRIM($D48)))),"Y","N")) | AE48: =IF(AND(AD48="Y",C48="3:45 AM",E48="N",K48<>"Y"),COUNTIFS($AD$2:AD48,"Y",$C$2:C48,"3:45 AM",$E$2:E48,"N",$K$2:K48,"<>Y"),"") | AF48: =IF(AND(AD48="Y",C48="5:45 AM",E48="N",K48<>"Y"),COUNTIFS($AD$2:AD48,"Y",$C$2:C48,"5:45 AM",$E$2:E48,"N",$K$2:K48,"<>Y"),"") | AG48: =IF(AND(AD48="Y",C48="3:45 AM",E48="N",L48="Y",K48<>"Y"),COUNTIFS($AD$2:AD48,"Y",$C$2:C48,"3:45 AM",$E$2:E48,"N",$L$2:L48,"Y",$K$2:K48,"<>Y"),"") | AH48: =IF(AND(AD48="Y",C48="5:45 AM",E48="N",L48="Y",K48<>"Y"),COUNTIFS($AD$2:AD48,"Y",$C$2:C48,"5:45 AM",$E$2:E48,"N",$L$2:L48,"Y",$K$2:K48,"<>Y"),"") | AI48: =IF(AND(AD48="Y",E48="N",K48="Y",OR(C48="3:45 AM",C48="5:45 AM")),SUMPRODUCT(($AD$2:AD48="Y")*($E$2:E48="N")*($K$2:K48="Y")*(($C$2:C48="3:45 AM")+($C$2:C48="5:45 AM"))), "") | AJ48: =IF(AND(AD48="Y",C48="3:45 AM",E48="N",J48="Y"),COUNTIFS($AD$2:AD48,"Y",$C$2:C48,"3:45 AM",$E$2:E48,"N",$J$2:J48,"Y"),"") | AK48: =IF(AND(AD48="Y",E48="N",I48="Y",OR(C48="3:45 AM",C48="5:45 AM")),SUMPRODUCT(($AD$2:AD48="Y")*($E$2:E48="N")*($I$2:I48="Y")*(($C$2:C48="3:45 AM")+($C$2:C48="5:45 AM"))), "") | AL48: =IF(AND(AD48="Y",C48="12:15 PM",E48="N",K48<>"Y"),COUNTIFS($AD$2:AD48,"Y",$C$2:C48,"12:15 PM",$E$2:E48,"N",$K$2:K48,"<>Y"),"") | AM48: =IF(AND(AD48="Y",C48="2:00 PM",E48="N",K48<>"Y"),COUNTIFS($AD$2:AD48,"Y",$C$2:C48,"2:00 PM",$E$2:E48,"N",$K$2:K48,"<>Y"),"") | AN48: =IF(AND(AD48="Y",E48="N",K48="Y",OR(C48="12:15 PM",C48="2:00 PM")),SUMPRODUCT(($AD$2:AD48="Y")*($E$2:E48="N")*($K$2:K48="Y")*(($C$2:C48="12:15 PM")+($C$2:C48="2:00 PM"))), "") | AO48: =IF(AND(AD48="Y",C48="12:15 PM",E48="N",L48="Y"),COUNTIFS($AD$2:AD48,"Y",$C$2:C48,"12:15 PM",$E$2:E48,"N",$L$2:L48,"Y"),"") | AP48: =IF(AND(AD48="Y",C48="2:00 PM",E48="N",L48="Y"),COUNTIFS($AD$2:AD48,"Y",$C$2:C48,"2:00 PM",$E$2:E48,"N",$L$2:L48,"Y"),"")
A49: EMP-0049 | B49: Demetrius Thomas | C49: 3:45 AM | D49: Fri, Sat | E49: N | F49: N | G49: Y | H49: None | I49: N | J49: Y | K49: N | L49: Y | M49: Standard | P49: N | T49: N | U49: =IF($B49="","",IF(AND($G49="Y",ISERROR(SEARCH(TEXT('Control Center'!$B$3,"ddd"),TRIM($D49)))),"Y","N")) | V49: =IF($B49="","",IF(AND($U49="Y",OR($C49="3:45 AM",$C49="5:45 AM"),OR('Control Center'!$B$4="N",$K49<>"Y")),"Y","N")) | W49: =IF($B49="","",IF(AND($U49="Y",OR($C49="12:15 PM",$C49="2:00 PM"),OR('Control Center'!$B$5="N",$K49<>"Y")),"Y","N")) | AB49: =IF($B49="","",IF($P49="Y",IF($Y49="Y","Completed","In Progress"),"")) | AC49: =IF($B49="","",IF(COUNTIFS('Approved Absences'!$A$2:$A$200,$B49,'Approved Absences'!$B$2:$B$200,"<="&INT('Control Center'!$B$3),'Approved Absences'!$C$2:$C$200,">="&INT('Control Center'!$B$3))>0,"Y","N")) | AD49: =IF($B49="","",IF(AND($G49="Y",$AC49<>"Y",ISERROR(SEARCH(TEXT('Control Center'!$B$3,"ddd"),TRIM($D49)))),"Y","N")) | AE49: =IF(AND(AD49="Y",C49="3:45 AM",E49="N",K49<>"Y"),COUNTIFS($AD$2:AD49,"Y",$C$2:C49,"3:45 AM",$E$2:E49,"N",$K$2:K49,"<>Y"),"") | AF49: =IF(AND(AD49="Y",C49="5:45 AM",E49="N",K49<>"Y"),COUNTIFS($AD$2:AD49,"Y",$C$2:C49,"5:45 AM",$E$2:E49,"N",$K$2:K49,"<>Y"),"") | AG49: =IF(AND(AD49="Y",C49="3:45 AM",E49="N",L49="Y",K49<>"Y"),COUNTIFS($AD$2:AD49,"Y",$C$2:C49,"3:45 AM",$E$2:E49,"N",$L$2:L49,"Y",$K$2:K49,"<>Y"),"") | AH49: =IF(AND(AD49="Y",C49="5:45 AM",E49="N",L49="Y",K49<>"Y"),COUNTIFS($AD$2:AD49,"Y",$C$2:C49,"5:45 AM",$E$2:E49,"N",$L$2:L49,"Y",$K$2:K49,"<>Y"),"") | AI49: =IF(AND(AD49="Y",E49="N",K49="Y",OR(C49="3:45 AM",C49="5:45 AM")),SUMPRODUCT(($AD$2:AD49="Y")*($E$2:E49="N")*($K$2:K49="Y")*(($C$2:C49="3:45 AM")+($C$2:C49="5:45 AM"))), "") | AJ49: =IF(AND(AD49="Y",C49="3:45 AM",E49="N",J49="Y"),COUNTIFS($AD$2:AD49,"Y",$C$2:C49,"3:45 AM",$E$2:E49,"N",$J$2:J49,"Y"),"") | AK49: =IF(AND(AD49="Y",E49="N",I49="Y",OR(C49="3:45 AM",C49="5:45 AM")),SUMPRODUCT(($AD$2:AD49="Y")*($E$2:E49="N")*($I$2:I49="Y")*(($C$2:C49="3:45 AM")+($C$2:C49="5:45 AM"))), "") | AL49: =IF(AND(AD49="Y",C49="12:15 PM",E49="N",K49<>"Y"),COUNTIFS($AD$2:AD49,"Y",$C$2:C49,"12:15 PM",$E$2:E49,"N",$K$2:K49,"<>Y"),"") | AM49: =IF(AND(AD49="Y",C49="2:00 PM",E49="N",K49<>"Y"),COUNTIFS($AD$2:AD49,"Y",$C$2:C49,"2:00 PM",$E$2:E49,"N",$K$2:K49,"<>Y"),"") | AN49: =IF(AND(AD49="Y",E49="N",K49="Y",OR(C49="12:15 PM",C49="2:00 PM")),SUMPRODUCT(($AD$2:AD49="Y")*($E$2:E49="N")*($K$2:K49="Y")*(($C$2:C49="12:15 PM")+($C$2:C49="2:00 PM"))), "") | AO49: =IF(AND(AD49="Y",C49="12:15 PM",E49="N",L49="Y"),COUNTIFS($AD$2:AD49,"Y",$C$2:C49,"12:15 PM",$E$2:E49,"N",$L$2:L49,"Y"),"") | AP49: =IF(AND(AD49="Y",C49="2:00 PM",E49="N",L49="Y"),COUNTIFS($AD$2:AD49,"Y",$C$2:C49,"2:00 PM",$E$2:E49,"N",$L$2:L49,"Y"),"")
A50: EMP-0051 | B50: Dequavius Parker | C50: 5:45 AM | D50: Fri, Sat | E50: N | F50: N | G50: Y | H50: None | I50: N | J50: N | K50: N | L50: Y | M50: Standard | P50: N | T50: N | U50: =IF($B50="","",IF(AND($G50="Y",ISERROR(SEARCH(TEXT('Control Center'!$B$3,"ddd"),TRIM($D50)))),"Y","N")) | V50: =IF($B50="","",IF(AND($U50="Y",OR($C50="3:45 AM",$C50="5:45 AM"),OR('Control Center'!$B$4="N",$K50<>"Y")),"Y","N")) | W50: =IF($B50="","",IF(AND($U50="Y",OR($C50="12:15 PM",$C50="2:00 PM"),OR('Control Center'!$B$5="N",$K50<>"Y")),"Y","N")) | AB50: =IF($B50="","",IF($P50="Y",IF($Y50="Y","Completed","In Progress"),"")) | AC50: =IF($B50="","",IF(COUNTIFS('Approved Absences'!$A$2:$A$200,$B50,'Approved Absences'!$B$2:$B$200,"<="&INT('Control Center'!$B$3),'Approved Absences'!$C$2:$C$200,">="&INT('Control Center'!$B$3))>0,"Y","N")) | AD50: =IF($B50="","",IF(AND($G50="Y",$AC50<>"Y",ISERROR(SEARCH(TEXT('Control Center'!$B$3,"ddd"),TRIM($D50)))),"Y","N")) | AE50: =IF(AND(AD50="Y",C50="3:45 AM",E50="N",K50<>"Y"),COUNTIFS($AD$2:AD50,"Y",$C$2:C50,"3:45 AM",$E$2:E50,"N",$K$2:K50,"<>Y"),"") | AF50: =IF(AND(AD50="Y",C50="5:45 AM",E50="N",K50<>"Y"),COUNTIFS($AD$2:AD50,"Y",$C$2:C50,"5:45 AM",$E$2:E50,"N",$K$2:K50,"<>Y"),"") | AG50: =IF(AND(AD50="Y",C50="3:45 AM",E50="N",L50="Y",K50<>"Y"),COUNTIFS($AD$2:AD50,"Y",$C$2:C50,"3:45 AM",$E$2:E50,"N",$L$2:L50,"Y",$K$2:K50,"<>Y"),"") | AH50: =IF(AND(AD50="Y",C50="5:45 AM",E50="N",L50="Y",K50<>"Y"),COUNTIFS($AD$2:AD50,"Y",$C$2:C50,"5:45 AM",$E$2:E50,"N",$L$2:L50,"Y",$K$2:K50,"<>Y"),"") | AI50: =IF(AND(AD50="Y",E50="N",K50="Y",OR(C50="3:45 AM",C50="5:45 AM")),SUMPRODUCT(($AD$2:AD50="Y")*($E$2:E50="N")*($K$2:K50="Y")*(($C$2:C50="3:45 AM")+($C$2:C50="5:45 AM"))), "") | AJ50: =IF(AND(AD50="Y",C50="3:45 AM",E50="N",J50="Y"),COUNTIFS($AD$2:AD50,"Y",$C$2:C50,"3:45 AM",$E$2:E50,"N",$J$2:J50,"Y"),"") | AK50: =IF(AND(AD50="Y",E50="N",I50="Y",OR(C50="3:45 AM",C50="5:45 AM")),SUMPRODUCT(($AD$2:AD50="Y")*($E$2:E50="N")*($I$2:I50="Y")*(($C$2:C50="3:45 AM")+($C$2:C50="5:45 AM"))), "") | AL50: =IF(AND(AD50="Y",C50="12:15 PM",E50="N",K50<>"Y"),COUNTIFS($AD$2:AD50,"Y",$C$2:C50,"12:15 PM",$E$2:E50,"N",$K$2:K50,"<>Y"),"") | AM50: =IF(AND(AD50="Y",C50="2:00 PM",E50="N",K50<>"Y"),COUNTIFS($AD$2:AD50,"Y",$C$2:C50,"2:00 PM",$E$2:E50,"N",$K$2:K50,"<>Y"),"") | AN50: =IF(AND(AD50="Y",E50="N",K50="Y",OR(C50="12:15 PM",C50="2:00 PM")),SUMPRODUCT(($AD$2:AD50="Y")*($E$2:E50="N")*($K$2:K50="Y")*(($C$2:C50="12:15 PM")+($C$2:C50="2:00 PM"))), "") | AO50: =IF(AND(AD50="Y",C50="12:15 PM",E50="N",L50="Y"),COUNTIFS($AD$2:AD50,"Y",$C$2:C50,"12:15 PM",$E$2:E50,"N",$L$2:L50,"Y"),"") | AP50: =IF(AND(AD50="Y",C50="2:00 PM",E50="N",L50="Y"),COUNTIFS($AD$2:AD50,"Y",$C$2:C50,"2:00 PM",$E$2:E50,"N",$L$2:L50,"Y"),"")
A51: EMP-0052 | B51: Derika Phipps | C51: 5:45 AM | D51: Mon, Tue | E51: N | F51: N | G51: Y | H51: None | I51: N | J51: N | K51: N | L51: Y | M51: Standard | P51: N | T51: N | U51: =IF($B51="","",IF(AND($G51="Y",ISERROR(SEARCH(TEXT('Control Center'!$B$3,"ddd"),TRIM($D51)))),"Y","N")) | V51: =IF($B51="","",IF(AND($U51="Y",OR($C51="3:45 AM",$C51="5:45 AM"),OR('Control Center'!$B$4="N",$K51<>"Y")),"Y","N")) | W51: =IF($B51="","",IF(AND($U51="Y",OR($C51="12:15 PM",$C51="2:00 PM"),OR('Control Center'!$B$5="N",$K51<>"Y")),"Y","N")) | AB51: =IF($B51="","",IF($P51="Y",IF($Y51="Y","Completed","In Progress"),"")) | AC51: =IF($B51="","",IF(COUNTIFS('Approved Absences'!$A$2:$A$200,$B51,'Approved Absences'!$B$2:$B$200,"<="&INT('Control Center'!$B$3),'Approved Absences'!$C$2:$C$200,">="&INT('Control Center'!$B$3))>0,"Y","N")) | AD51: =IF($B51="","",IF(AND($G51="Y",$AC51<>"Y",ISERROR(SEARCH(TEXT('Control Center'!$B$3,"ddd"),TRIM($D51)))),"Y","N")) | AE51: =IF(AND(AD51="Y",C51="3:45 AM",E51="N",K51<>"Y"),COUNTIFS($AD$2:AD51,"Y",$C$2:C51,"3:45 AM",$E$2:E51,"N",$K$2:K51,"<>Y"),"") | AF51: =IF(AND(AD51="Y",C51="5:45 AM",E51="N",K51<>"Y"),COUNTIFS($AD$2:AD51,"Y",$C$2:C51,"5:45 AM",$E$2:E51,"N",$K$2:K51,"<>Y"),"") | AG51: =IF(AND(AD51="Y",C51="3:45 AM",E51="N",L51="Y",K51<>"Y"),COUNTIFS($AD$2:AD51,"Y",$C$2:C51,"3:45 AM",$E$2:E51,"N",$L$2:L51,"Y",$K$2:K51,"<>Y"),"") | AH51: =IF(AND(AD51="Y",C51="5:45 AM",E51="N",L51="Y",K51<>"Y"),COUNTIFS($AD$2:AD51,"Y",$C$2:C51,"5:45 AM",$E$2:E51,"N",$L$2:L51,"Y",$K$2:K51,"<>Y"),"") | AI51: =IF(AND(AD51="Y",E51="N",K51="Y",OR(C51="3:45 AM",C51="5:45 AM")),SUMPRODUCT(($AD$2:AD51="Y")*($E$2:E51="N")*($K$2:K51="Y")*(($C$2:C51="3:45 AM")+($C$2:C51="5:45 AM"))), "") | AJ51: =IF(AND(AD51="Y",C51="3:45 AM",E51="N",J51="Y"),COUNTIFS($AD$2:AD51,"Y",$C$2:C51,"3:45 AM",$E$2:E51,"N",$J$2:J51,"Y"),"") | AK51: =IF(AND(AD51="Y",E51="N",I51="Y",OR(C51="3:45 AM",C51="5:45 AM")),SUMPRODUCT(($AD$2:AD51="Y")*($E$2:E51="N")*($I$2:I51="Y")*(($C$2:C51="3:45 AM")+($C$2:C51="5:45 AM"))), "") | AL51: =IF(AND(AD51="Y",C51="12:15 PM",E51="N",K51<>"Y"),COUNTIFS($AD$2:AD51,"Y",$C$2:C51,"12:15 PM",$E$2:E51,"N",$K$2:K51,"<>Y"),"") | AM51: =IF(AND(AD51="Y",C51="2:00 PM",E51="N",K51<>"Y"),COUNTIFS($AD$2:AD51,"Y",$C$2:C51,"2:00 PM",$E$2:E51,"N",$K$2:K51,"<>Y"),"") | AN51: =IF(AND(AD51="Y",E51="N",K51="Y",OR(C51="12:15 PM",C51="2:00 PM")),SUMPRODUCT(($AD$2:AD51="Y")*($E$2:E51="N")*($K$2:K51="Y")*(($C$2:C51="12:15 PM")+($C$2:C51="2:00 PM"))), "") | AO51: =IF(AND(AD51="Y",C51="12:15 PM",E51="N",L51="Y"),COUNTIFS($AD$2:AD51,"Y",$C$2:C51,"12:15 PM",$E$2:E51,"N",$L$2:L51,"Y"),"") | AP51: =IF(AND(AD51="Y",C51="2:00 PM",E51="N",L51="Y"),COUNTIFS($AD$2:AD51,"Y",$C$2:C51,"2:00 PM",$E$2:E51,"N",$L$2:L51,"Y"),"")
A52: EMP-0053 | B52: Dezeraye Fedrick | C52: 2:00 PM | D52: Mon, Tue | E52: N | F52: N | G52: Y | H52: None | I52: Y | J52: Y | K52: N | L52: Y | M52: Standard | P52: N | T52: N | U52: =IF($B52="","",IF(AND($G52="Y",ISERROR(SEARCH(TEXT('Control Center'!$B$3,"ddd"),TRIM($D52)))),"Y","N")) | V52: =IF($B52="","",IF(AND($U52="Y",OR($C52="3:45 AM",$C52="5:45 AM"),OR('Control Center'!$B$4="N",$K52<>"Y")),"Y","N")) | W52: =IF($B52="","",IF(AND($U52="Y",OR($C52="12:15 PM",$C52="2:00 PM"),OR('Control Center'!$B$5="N",$K52<>"Y")),"Y","N")) | AB52: =IF($B52="","",IF($P52="Y",IF($Y52="Y","Completed","In Progress"),"")) | AC52: =IF($B52="","",IF(COUNTIFS('Approved Absences'!$A$2:$A$200,$B52,'Approved Absences'!$B$2:$B$200,"<="&INT('Control Center'!$B$3),'Approved Absences'!$C$2:$C$200,">="&INT('Control Center'!$B$3))>0,"Y","N")) | AD52: =IF($B52="","",IF(AND($G52="Y",$AC52<>"Y",ISERROR(SEARCH(TEXT('Control Center'!$B$3,"ddd"),TRIM($D52)))),"Y","N")) | AE52: =IF(AND(AD52="Y",C52="3:45 AM",E52="N",K52<>"Y"),COUNTIFS($AD$2:AD52,"Y",$C$2:C52,"3:45 AM",$E$2:E52,"N",$K$2:K52,"<>Y"),"") | AF52: =IF(AND(AD52="Y",C52="5:45 AM",E52="N",K52<>"Y"),COUNTIFS($AD$2:AD52,"Y",$C$2:C52,"5:45 AM",$E$2:E52,"N",$K$2:K52,"<>Y"),"") | AG52: =IF(AND(AD52="Y",C52="3:45 AM",E52="N",L52="Y",K52<>"Y"),COUNTIFS($AD$2:AD52,"Y",$C$2:C52,"3:45 AM",$E$2:E52,"N",$L$2:L52,"Y",$K$2:K52,"<>Y"),"") | AH52: =IF(AND(AD52="Y",C52="5:45 AM",E52="N",L52="Y",K52<>"Y"),COUNTIFS($AD$2:AD52,"Y",$C$2:C52,"5:45 AM",$E$2:E52,"N",$L$2:L52,"Y",$K$2:K52,"<>Y"),"") | AI52: =IF(AND(AD52="Y",E52="N",K52="Y",OR(C52="3:45 AM",C52="5:45 AM")),SUMPRODUCT(($AD$2:AD52="Y")*($E$2:E52="N")*($K$2:K52="Y")*(($C$2:C52="3:45 AM")+($C$2:C52="5:45 AM"))), "") | AJ52: =IF(AND(AD52="Y",C52="3:45 AM",E52="N",J52="Y"),COUNTIFS($AD$2:AD52,"Y",$C$2:C52,"3:45 AM",$E$2:E52,"N",$J$2:J52,"Y"),"") | AK52: =IF(AND(AD52="Y",E52="N",I52="Y",OR(C52="3:45 AM",C52="5:45 AM")),SUMPRODUCT(($AD$2:AD52="Y")*($E$2:E52="N")*($I$2:I52="Y")*(($C$2:C52="3:45 AM")+($C$2:C52="5:45 AM"))), "") | AL52: =IF(AND(AD52="Y",C52="12:15 PM",E52="N",K52<>"Y"),COUNTIFS($AD$2:AD52,"Y",$C$2:C52,"12:15 PM",$E$2:E52,"N",$K$2:K52,"<>Y"),"") | AM52: =IF(AND(AD52="Y",C52="2:00 PM",E52="N",K52<>"Y"),COUNTIFS($AD$2:AD52,"Y",$C$2:C52,"2:00 PM",$E$2:E52,"N",$K$2:K52,"<>Y"),"") | AN52: =IF(AND(AD52="Y",E52="N",K52="Y",OR(C52="12:15 PM",C52="2:00 PM")),SUMPRODUCT(($AD$2:AD52="Y")*($E$2:E52="N")*($K$2:K52="Y")*(($C$2:C52="12:15 PM")+($C$2:C52="2:00 PM"))), "") | AO52: =IF(AND(AD52="Y",C52="12:15 PM",E52="N",L52="Y"),COUNTIFS($AD$2:AD52,"Y",$C$2:C52,"12:15 PM",$E$2:E52,"N",$L$2:L52,"Y"),"") | AP52: =IF(AND(AD52="Y",C52="2:00 PM",E52="N",L52="Y"),COUNTIFS($AD$2:AD52,"Y",$C$2:C52,"2:00 PM",$E$2:E52,"N",$L$2:L52,"Y"),"")
A53: EMP-0055 | B53: Duntavia Sensley | C53: 9:15 PM | D53: Sun, Mon | E53: N | F53: N | G53: Y | H53: None | I53: N | J53: N | K53: N | L53: Y | M53: Standard | P53: N | T53: N | U53: =IF($B53="","",IF(AND($G53="Y",ISERROR(SEARCH(TEXT('Control Center'!$B$3,"ddd"),TRIM($D53)))),"Y","N")) | V53: =IF($B53="","",IF(AND($U53="Y",OR($C53="3:45 AM",$C53="5:45 AM"),OR('Control Center'!$B$4="N",$K53<>"Y")),"Y","N")) | W53: =IF($B53="","",IF(AND($U53="Y",OR($C53="12:15 PM",$C53="2:00 PM"),OR('Control Center'!$B$5="N",$K53<>"Y")),"Y","N")) | AB53: =IF($B53="","",IF($P53="Y",IF($Y53="Y","Completed","In Progress"),"")) | AC53: =IF($B53="","",IF(COUNTIFS('Approved Absences'!$A$2:$A$200,$B53,'Approved Absences'!$B$2:$B$200,"<="&INT('Control Center'!$B$3),'Approved Absences'!$C$2:$C$200,">="&INT('Control Center'!$B$3))>0,"Y","N")) | AD53: =IF($B53="","",IF(AND($G53="Y",$AC53<>"Y",ISERROR(SEARCH(TEXT('Control Center'!$B$3,"ddd"),TRIM($D53)))),"Y","N")) | AE53: =IF(AND(AD53="Y",C53="3:45 AM",E53="N",K53<>"Y"),COUNTIFS($AD$2:AD53,"Y",$C$2:C53,"3:45 AM",$E$2:E53,"N",$K$2:K53,"<>Y"),"") | AF53: =IF(AND(AD53="Y",C53="5:45 AM",E53="N",K53<>"Y"),COUNTIFS($AD$2:AD53,"Y",$C$2:C53,"5:45 AM",$E$2:E53,"N",$K$2:K53,"<>Y"),"") | AG53: =IF(AND(AD53="Y",C53="3:45 AM",E53="N",L53="Y",K53<>"Y"),COUNTIFS($AD$2:AD53,"Y",$C$2:C53,"3:45 AM",$E$2:E53,"N",$L$2:L53,"Y",$K$2:K53,"<>Y"),"") | AH53: =IF(AND(AD53="Y",C53="5:45 AM",E53="N",L53="Y",K53<>"Y"),COUNTIFS($AD$2:AD53,"Y",$C$2:C53,"5:45 AM",$E$2:E53,"N",$L$2:L53,"Y",$K$2:K53,"<>Y"),"") | AI53: =IF(AND(AD53="Y",E53="N",K53="Y",OR(C53="3:45 AM",C53="5:45 AM")),SUMPRODUCT(($AD$2:AD53="Y")*($E$2:E53="N")*($K$2:K53="Y")*(($C$2:C53="3:45 AM")+($C$2:C53="5:45 AM"))), "") | AJ53: =IF(AND(AD53="Y",C53="3:45 AM",E53="N",J53="Y"),COUNTIFS($AD$2:AD53,"Y",$C$2:C53,"3:45 AM",$E$2:E53,"N",$J$2:J53,"Y"),"") | AK53: =IF(AND(AD53="Y",E53="N",I53="Y",OR(C53="3:45 AM",C53="5:45 AM")),SUMPRODUCT(($AD$2:AD53="Y")*($E$2:E53="N")*($I$2:I53="Y")*(($C$2:C53="3:45 AM")+($C$2:C53="5:45 AM"))), "") | AL53: =IF(AND(AD53="Y",C53="12:15 PM",E53="N",K53<>"Y"),COUNTIFS($AD$2:AD53,"Y",$C$2:C53,"12:15 PM",$E$2:E53,"N",$K$2:K53,"<>Y"),"") | AM53: =IF(AND(AD53="Y",C53="2:00 PM",E53="N",K53<>"Y"),COUNTIFS($AD$2:AD53,"Y",$C$2:C53,"2:00 PM",$E$2:E53,"N",$K$2:K53,"<>Y"),"") | AN53: =IF(AND(AD53="Y",E53="N",K53="Y",OR(C53="12:15 PM",C53="2:00 PM")),SUMPRODUCT(($AD$2:AD53="Y")*($E$2:E53="N")*($K$2:K53="Y")*(($C$2:C53="12:15 PM")+($C$2:C53="2:00 PM"))), "") | AO53: =IF(AND(AD53="Y",C53="12:15 PM",E53="N",L53="Y"),COUNTIFS($AD$2:AD53,"Y",$C$2:C53,"12:15 PM",$E$2:E53,"N",$L$2:L53,"Y"),"") | AP53: =IF(AND(AD53="Y",C53="2:00 PM",E53="N",L53="Y"),COUNTIFS($AD$2:AD53,"Y",$C$2:C53,"2:00 PM",$E$2:E53,"N",$L$2:L53,"Y"),"")
A54: EMP-0056 | B54: Elena Thomas | C54: 12:15 PM | D54: Sat, Sun | E54: N | F54: N | G54: Y | H54: None | I54: Y | J54: N | K54: N | L54: Y | M54: Standard | P54: N | T54: N | U54: =IF($B54="","",IF(AND($G54="Y",ISERROR(SEARCH(TEXT('Control Center'!$B$3,"ddd"),TRIM($D54)))),"Y","N")) | V54: =IF($B54="","",IF(AND($U54="Y",OR($C54="3:45 AM",$C54="5:45 AM"),OR('Control Center'!$B$4="N",$K54<>"Y")),"Y","N")) | W54: =IF($B54="","",IF(AND($U54="Y",OR($C54="12:15 PM",$C54="2:00 PM"),OR('Control Center'!$B$5="N",$K54<>"Y")),"Y","N")) | AB54: =IF($B54="","",IF($P54="Y",IF($Y54="Y","Completed","In Progress"),"")) | AC54: =IF($B54="","",IF(COUNTIFS('Approved Absences'!$A$2:$A$200,$B54,'Approved Absences'!$B$2:$B$200,"<="&INT('Control Center'!$B$3),'Approved Absences'!$C$2:$C$200,">="&INT('Control Center'!$B$3))>0,"Y","N")) | AD54: =IF($B54="","",IF(AND($G54="Y",$AC54<>"Y",ISERROR(SEARCH(TEXT('Control Center'!$B$3,"ddd"),TRIM($D54)))),"Y","N")) | AE54: =IF(AND(AD54="Y",C54="3:45 AM",E54="N",K54<>"Y"),COUNTIFS($AD$2:AD54,"Y",$C$2:C54,"3:45 AM",$E$2:E54,"N",$K$2:K54,"<>Y"),"") | AF54: =IF(AND(AD54="Y",C54="5:45 AM",E54="N",K54<>"Y"),COUNTIFS($AD$2:AD54,"Y",$C$2:C54,"5:45 AM",$E$2:E54,"N",$K$2:K54,"<>Y"),"") | AG54: =IF(AND(AD54="Y",C54="3:45 AM",E54="N",L54="Y",K54<>"Y"),COUNTIFS($AD$2:AD54,"Y",$C$2:C54,"3:45 AM",$E$2:E54,"N",$L$2:L54,"Y",$K$2:K54,"<>Y"),"") | AH54: =IF(AND(AD54="Y",C54="5:45 AM",E54="N",L54="Y",K54<>"Y"),COUNTIFS($AD$2:AD54,"Y",$C$2:C54,"5:45 AM",$E$2:E54,"N",$L$2:L54,"Y",$K$2:K54,"<>Y"),"") | AI54: =IF(AND(AD54="Y",E54="N",K54="Y",OR(C54="3:45 AM",C54="5:45 AM")),SUMPRODUCT(($AD$2:AD54="Y")*($E$2:E54="N")*($K$2:K54="Y")*(($C$2:C54="3:45 AM")+($C$2:C54="5:45 AM"))), "") | AJ54: =IF(AND(AD54="Y",C54="3:45 AM",E54="N",J54="Y"),COUNTIFS($AD$2:AD54,"Y",$C$2:C54,"3:45 AM",$E$2:E54,"N",$J$2:J54,"Y"),"") | AK54: =IF(AND(AD54="Y",E54="N",I54="Y",OR(C54="3:45 AM",C54="5:45 AM")),SUMPRODUCT(($AD$2:AD54="Y")*($E$2:E54="N")*($I$2:I54="Y")*(($C$2:C54="3:45 AM")+($C$2:C54="5:45 AM"))), "") | AL54: =IF(AND(AD54="Y",C54="12:15 PM",E54="N",K54<>"Y"),COUNTIFS($AD$2:AD54,"Y",$C$2:C54,"12:15 PM",$E$2:E54,"N",$K$2:K54,"<>Y"),"") | AM54: =IF(AND(AD54="Y",C54="2:00 PM",E54="N",K54<>"Y"),COUNTIFS($AD$2:AD54,"Y",$C$2:C54,"2:00 PM",$E$2:E54,"N",$K$2:K54,"<>Y"),"") | AN54: =IF(AND(AD54="Y",E54="N",K54="Y",OR(C54="12:15 PM",C54="2:00 PM")),SUMPRODUCT(($AD$2:AD54="Y")*($E$2:E54="N")*($K$2:K54="Y")*(($C$2:C54="12:15 PM")+($C$2:C54="2:00 PM"))), "") | AO54: =IF(AND(AD54="Y",C54="12:15 PM",E54="N",L54="Y"),COUNTIFS($AD$2:AD54,"Y",$C$2:C54,"12:15 PM",$E$2:E54,"N",$L$2:L54,"Y"),"") | AP54: =IF(AND(AD54="Y",C54="2:00 PM",E54="N",L54="Y"),COUNTIFS($AD$2:AD54,"Y",$C$2:C54,"2:00 PM",$E$2:E54,"N",$L$2:L54,"Y"),"")
A55: EMP-0057 | B55: Elizabeth Harlee | C55: 2:00 PM | D55: Tue, Wed | E55: N | F55: N | G55: Y | H55: None | I55: Y | J55: N | K55: N | L55: Y | M55: Standard | P55: N | T55: N | U55: =IF($B55="","",IF(AND($G55="Y",ISERROR(SEARCH(TEXT('Control Center'!$B$3,"ddd"),TRIM($D55)))),"Y","N")) | V55: =IF($B55="","",IF(AND($U55="Y",OR($C55="3:45 AM",$C55="5:45 AM"),OR('Control Center'!$B$4="N",$K55<>"Y")),"Y","N")) | W55: =IF($B55="","",IF(AND($U55="Y",OR($C55="12:15 PM",$C55="2:00 PM"),OR('Control Center'!$B$5="N",$K55<>"Y")),"Y","N")) | AB55: =IF($B55="","",IF($P55="Y",IF($Y55="Y","Completed","In Progress"),"")) | AC55: =IF($B55="","",IF(COUNTIFS('Approved Absences'!$A$2:$A$200,$B55,'Approved Absences'!$B$2:$B$200,"<="&INT('Control Center'!$B$3),'Approved Absences'!$C$2:$C$200,">="&INT('Control Center'!$B$3))>0,"Y","N")) | AD55: =IF($B55="","",IF(AND($G55="Y",$AC55<>"Y",ISERROR(SEARCH(TEXT('Control Center'!$B$3,"ddd"),TRIM($D55)))),"Y","N")) | AE55: =IF(AND(AD55="Y",C55="3:45 AM",E55="N",K55<>"Y"),COUNTIFS($AD$2:AD55,"Y",$C$2:C55,"3:45 AM",$E$2:E55,"N",$K$2:K55,"<>Y"),"") | AF55: =IF(AND(AD55="Y",C55="5:45 AM",E55="N",K55<>"Y"),COUNTIFS($AD$2:AD55,"Y",$C$2:C55,"5:45 AM",$E$2:E55,"N",$K$2:K55,"<>Y"),"") | AG55: =IF(AND(AD55="Y",C55="3:45 AM",E55="N",L55="Y",K55<>"Y"),COUNTIFS($AD$2:AD55,"Y",$C$2:C55,"3:45 AM",$E$2:E55,"N",$L$2:L55,"Y",$K$2:K55,"<>Y"),"") | AH55: =IF(AND(AD55="Y",C55="5:45 AM",E55="N",L55="Y",K55<>"Y"),COUNTIFS($AD$2:AD55,"Y",$C$2:C55,"5:45 AM",$E$2:E55,"N",$L$2:L55,"Y",$K$2:K55,"<>Y"),"") | AI55: =IF(AND(AD55="Y",E55="N",K55="Y",OR(C55="3:45 AM",C55="5:45 AM")),SUMPRODUCT(($AD$2:AD55="Y")*($E$2:E55="N")*($K$2:K55="Y")*(($C$2:C55="3:45 AM")+($C$2:C55="5:45 AM"))), "") | AJ55: =IF(AND(AD55="Y",C55="3:45 AM",E55="N",J55="Y"),COUNTIFS($AD$2:AD55,"Y",$C$2:C55,"3:45 AM",$E$2:E55,"N",$J$2:J55,"Y"),"") | AK55: =IF(AND(AD55="Y",E55="N",I55="Y",OR(C55="3:45 AM",C55="5:45 AM")),SUMPRODUCT(($AD$2:AD55="Y")*($E$2:E55="N")*($I$2:I55="Y")*(($C$2:C55="3:45 AM")+($C$2:C55="5:45 AM"))), "") | AL55: =IF(AND(AD55="Y",C55="12:15 PM",E55="N",K55<>"Y"),COUNTIFS($AD$2:AD55,"Y",$C$2:C55,"12:15 PM",$E$2:E55,"N",$K$2:K55,"<>Y"),"") | AM55: =IF(AND(AD55="Y",C55="2:00 PM",E55="N",K55<>"Y"),COUNTIFS($AD$2:AD55,"Y",$C$2:C55,"2:00 PM",$E$2:E55,"N",$K$2:K55,"<>Y"),"") | AN55: =IF(AND(AD55="Y",E55="N",K55="Y",OR(C55="12:15 PM",C55="2:00 PM")),SUMPRODUCT(($AD$2:AD55="Y")*($E$2:E55="N")*($K$2:K55="Y")*(($C$2:C55="12:15 PM")+($C$2:C55="2:00 PM"))), "") | AO55: =IF(AND(AD55="Y",C55="12:15 PM",E55="N",L55="Y"),COUNTIFS($AD$2:AD55,"Y",$C$2:C55,"12:15 PM",$E$2:E55,"N",$L$2:L55,"Y"),"") | AP55: =IF(AND(AD55="Y",C55="2:00 PM",E55="N",L55="Y"),COUNTIFS($AD$2:AD55,"Y",$C$2:C55,"2:00 PM",$E$2:E55,"N",$L$2:L55,"Y"),"")
A56: EMP-0058 | B56: Emmett Smith | C56: 9:15 PM | D56: Tue, Wed | E56: N | F56: N | G56: Y | H56: None | I56: N | J56: N | K56: N | L56: Y | M56: Standard | P56: N | T56: N | U56: =IF($B56="","",IF(AND($G56="Y",ISERROR(SEARCH(TEXT('Control Center'!$B$3,"ddd"),TRIM($D56)))),"Y","N")) | V56: =IF($B56="","",IF(AND($U56="Y",OR($C56="3:45 AM",$C56="5:45 AM"),OR('Control Center'!$B$4="N",$K56<>"Y")),"Y","N")) | W56: =IF($B56="","",IF(AND($U56="Y",OR($C56="12:15 PM",$C56="2:00 PM"),OR('Control Center'!$B$5="N",$K56<>"Y")),"Y","N")) | AB56: =IF($B56="","",IF($P56="Y",IF($Y56="Y","Completed","In Progress"),"")) | AC56: =IF($B56="","",IF(COUNTIFS('Approved Absences'!$A$2:$A$200,$B56,'Approved Absences'!$B$2:$B$200,"<="&INT('Control Center'!$B$3),'Approved Absences'!$C$2:$C$200,">="&INT('Control Center'!$B$3))>0,"Y","N")) | AD56: =IF($B56="","",IF(AND($G56="Y",$AC56<>"Y",ISERROR(SEARCH(TEXT('Control Center'!$B$3,"ddd"),TRIM($D56)))),"Y","N")) | AE56: =IF(AND(AD56="Y",C56="3:45 AM",E56="N",K56<>"Y"),COUNTIFS($AD$2:AD56,"Y",$C$2:C56,"3:45 AM",$E$2:E56,"N",$K$2:K56,"<>Y"),"") | AF56: =IF(AND(AD56="Y",C56="5:45 AM",E56="N",K56<>"Y"),COUNTIFS($AD$2:AD56,"Y",$C$2:C56,"5:45 AM",$E$2:E56,"N",$K$2:K56,"<>Y"),"") | AG56: =IF(AND(AD56="Y",C56="3:45 AM",E56="N",L56="Y",K56<>"Y"),COUNTIFS($AD$2:AD56,"Y",$C$2:C56,"3:45 AM",$E$2:E56,"N",$L$2:L56,"Y",$K$2:K56,"<>Y"),"") | AH56: =IF(AND(AD56="Y",C56="5:45 AM",E56="N",L56="Y",K56<>"Y"),COUNTIFS($AD$2:AD56,"Y",$C$2:C56,"5:45 AM",$E$2:E56,"N",$L$2:L56,"Y",$K$2:K56,"<>Y"),"") | AI56: =IF(AND(AD56="Y",E56="N",K56="Y",OR(C56="3:45 AM",C56="5:45 AM")),SUMPRODUCT(($AD$2:AD56="Y")*($E$2:E56="N")*($K$2:K56="Y")*(($C$2:C56="3:45 AM")+($C$2:C56="5:45 AM"))), "") | AJ56: =IF(AND(AD56="Y",C56="3:45 AM",E56="N",J56="Y"),COUNTIFS($AD$2:AD56,"Y",$C$2:C56,"3:45 AM",$E$2:E56,"N",$J$2:J56,"Y"),"") | AK56: =IF(AND(AD56="Y",E56="N",I56="Y",OR(C56="3:45 AM",C56="5:45 AM")),SUMPRODUCT(($AD$2:AD56="Y")*($E$2:E56="N")*($I$2:I56="Y")*(($C$2:C56="3:45 AM")+($C$2:C56="5:45 AM"))), "") | AL56: =IF(AND(AD56="Y",C56="12:15 PM",E56="N",K56<>"Y"),COUNTIFS($AD$2:AD56,"Y",$C$2:C56,"12:15 PM",$E$2:E56,"N",$K$2:K56,"<>Y"),"") | AM56: =IF(AND(AD56="Y",C56="2:00 PM",E56="N",K56<>"Y"),COUNTIFS($AD$2:AD56,"Y",$C$2:C56,"2:00 PM",$E$2:E56,"N",$K$2:K56,"<>Y"),"") | AN56: =IF(AND(AD56="Y",E56="N",K56="Y",OR(C56="12:15 PM",C56="2:00 PM")),SUMPRODUCT(($AD$2:AD56="Y")*($E$2:E56="N")*($K$2:K56="Y")*(($C$2:C56="12:15 PM")+($C$2:C56="2:00 PM"))), "") | AO56: =IF(AND(AD56="Y",C56="12:15 PM",E56="N",L56="Y"),COUNTIFS($AD$2:AD56,"Y",$C$2:C56,"12:15 PM",$E$2:E56,"N",$L$2:L56,"Y"),"") | AP56: =IF(AND(AD56="Y",C56="2:00 PM",E56="N",L56="Y"),COUNTIFS($AD$2:AD56,"Y",$C$2:C56,"2:00 PM",$E$2:E56,"N",$L$2:L56,"Y"),"")
... A92: EMP-0095 | B92: Linton Brereton | C92: 5:45 AM | D92: Sun, Mon | E92: N | F92: N | G92: Y | H92: None | I92: N | J92: Y | K92: N | L92: Y | M92: Standard | P92: N | T92: N | U92: =IF($B92="","",IF(AND($G92="Y",ISERROR(SEARCH(TEXT('Control Center'!$B$3,"ddd"),TRIM($D92)))),"Y","N")) | V92: =IF($B92="","",IF(AND($U92="Y",OR($C92="3:45 AM",$C92="5:45 AM"),OR('Control Center'!$B$4="N",$K92<>"Y")),"Y","N")) | W92: =IF($B92="","",IF(AND($U92="Y",OR($C92="12:15 PM",$C92="2:00 PM"),OR('Control Center'!$B$5="N",$K92<>"Y")),"Y","N")) | AB92: =IF($B92="","",IF($P92="Y",IF($Y92="Y","Completed","In Progress"),"")) | AC92: =IF($B92="","",IF(COUNTIFS('Approved Absences'!$A$2:$A$200,$B92,'Approved Absences'!$B$2:$B$200,"<="&INT('Control Center'!$B$3),'Approved Absences'!$C$2:$C$200,">="&INT('Control Center'!$B$3))>0,"Y","N")) | AD92: =IF($B92="","",IF(AND($G92="Y",$AC92<>"Y",ISERROR(SEARCH(TEXT('Control Center'!$B$3,"ddd"),TRIM($D92)))),"Y","N")) | AE92: =IF(AND(AD92="Y",C92="3:45 AM",E92="N",K92<>"Y"),COUNTIFS($AD$2:AD92,"Y",$C$2:C92,"3:45 AM",$E$2:E92,"N",$K$2:K92,"<>Y"),"") | AF92: =IF(AND(AD92="Y",C92="5:45 AM",E92="N",K92<>"Y"),COUNTIFS($AD$2:AD92,"Y",$C$2:C92,"5:45 AM",$E$2:E92,"N",$K$2:K92,"<>Y"),"") | AG92: =IF(AND(AD92="Y",C92="3:45 AM",E92="N",L92="Y",K92<>"Y"),COUNTIFS($AD$2:AD92,"Y",$C$2:C92,"3:45 AM",$E$2:E92,"N",$L$2:L92,"Y",$K$2:K92,"<>Y"),"") | AH92: =IF(AND(AD92="Y",C92="5:45 AM",E92="N",L92="Y",K92<>"Y"),COUNTIFS($AD$2:AD92,"Y",$C$2:C92,"5:45 AM",$E$2:E92,"N",$L$2:L92,"Y",$K$2:K92,"<>Y"),"") | AI92: =IF(AND(AD92="Y",E92="N",K92="Y",OR(C92="3:45 AM",C92="5:45 AM")),SUMPRODUCT(($AD$2:AD92="Y")*($E$2:E92="N")*($K$2:K92="Y")*(($C$2:C92="3:45 AM")+($C$2:C92="5:45 AM"))), "") | AJ92: =IF(AND(AD92="Y",C92="3:45 AM",E92="N",J92="Y"),COUNTIFS($AD$2:AD92,"Y",$C$2:C92,"3:45 AM",$E$2:E92,"N",$J$2:J92,"Y"),"") | AK92: =IF(AND(AD92="Y",E92="N",I92="Y",OR(C92="3:45 AM",C92="5:45 AM")),SUMPRODUCT(($AD$2:AD92="Y")*($E$2:E92="N")*($I$2:I92="Y")*(($C$2:C92="3:45 AM")+($C$2:C92="5:45 AM"))), "") | AL92: =IF(AND(AD92="Y",C92="12:15 PM",E92="N",K92<>"Y"),COUNTIFS($AD$2:AD92,"Y",$C$2:C92,"12:15 PM",$E$2:E92,"N",$K$2:K92,"<>Y"),"") | AM92: =IF(AND(AD92="Y",C92="2:00 PM",E92="N",K92<>"Y"),COUNTIFS($AD$2:AD92,"Y",$C$2:C92,"2:00 PM",$E$2:E92,"N",$K$2:K92,"<>Y"),"") | AN92: =IF(AND(AD92="Y",E92="N",K92="Y",OR(C92="12:15 PM",C92="2:00 PM")),SUMPRODUCT(($AD$2:AD92="Y")*($E$2:E92="N")*($K$2:K92="Y")*(($C$2:C92="12:15 PM")+($C$2:C92="2:00 PM"))), "") | AO92: =IF(AND(AD92="Y",C92="12:15 PM",E92="N",L92="Y"),COUNTIFS($AD$2:AD92,"Y",$C$2:C92,"12:15 PM",$E$2:E92,"N",$L$2:L92,"Y"),"") | AP92: =IF(AND(AD92="Y",C92="2:00 PM",E92="N",L92="Y"),COUNTIFS($AD$2:AD92,"Y",$C$2:C92,"2:00 PM",$E$2:E92,"N",$L$2:L92,"Y"),"")
A93: EMP-0096 | B93: Lynn Yi-Smith | C93: 5:45 AM | D93: Tue, Wed, Thu, Fri | E93: N | F93: N | G93: Y | H93: None | I93: N | J93: N | K93: N | L93: Y | M93: Fixed by Snapshot | P93: N | R93: 17 | Checkpoint – Front Entrance | S93: 39 | T Bridge Landing | T93: N | U93: =IF($B93="","",IF(AND($G93="Y",ISERROR(SEARCH(TEXT('Control Center'!$B$3,"ddd"),TRIM($D93)))),"Y","N")) | V93: =IF($B93="","",IF(AND($U93="Y",OR($C93="3:45 AM",$C93="5:45 AM"),OR('Control Center'!$B$4="N",$K93<>"Y")),"Y","N")) | W93: =IF($B93="","",IF(AND($U93="Y",OR($C93="12:15 PM",$C93="2:00 PM"),OR('Control Center'!$B$5="N",$K93<>"Y")),"Y","N")) | AB93: =IF($B93="","",IF($P93="Y",IF($Y93="Y","Completed","In Progress"),"")) | AC93: =IF($B93="","",IF(COUNTIFS('Approved Absences'!$A$2:$A$200,$B93,'Approved Absences'!$B$2:$B$200,"<="&INT('Control Center'!$B$3),'Approved Absences'!$C$2:$C$200,">="&INT('Control Center'!$B$3))>0,"Y","N")) | AD93: =IF($B93="","",IF(AND($G93="Y",$AC93<>"Y",ISERROR(SEARCH(TEXT('Control Center'!$B$3,"ddd"),TRIM($D93)))),"Y","N")) | AE93: =IF(AND(AD93="Y",C93="3:45 AM",E93="N",K93<>"Y"),COUNTIFS($AD$2:AD93,"Y",$C$2:C93,"3:45 AM",$E$2:E93,"N",$K$2:K93,"<>Y"),"") | AF93: =IF(AND(AD93="Y",C93="5:45 AM",E93="N",K93<>"Y"),COUNTIFS($AD$2:AD93,"Y",$C$2:C93,"5:45 AM",$E$2:E93,"N",$K$2:K93,"<>Y"),"") | AG93: =IF(AND(AD93="Y",C93="3:45 AM",E93="N",L93="Y",K93<>"Y"),COUNTIFS($AD$2:AD93,"Y",$C$2:C93,"3:45 AM",$E$2:E93,"N",$L$2:L93,"Y",$K$2:K93,"<>Y"),"") | AH93: =IF(AND(AD93="Y",C93="5:45 AM",E93="N",L93="Y",K93<>"Y"),COUNTIFS($AD$2:AD93,"Y",$C$2:C93,"5:45 AM",$E$2:E93,"N",$L$2:L93,"Y",$K$2:K93,"<>Y"),"") | AI93: =IF(AND(AD93="Y",E93="N",K93="Y",OR(C93="3:45 AM",C93="5:45 AM")),SUMPRODUCT(($AD$2:AD93="Y")*($E$2:E93="N")*($K$2:K93="Y")*(($C$2:C93="3:45 AM")+($C$2:C93="5:45 AM"))), "") | AJ93: =IF(AND(AD93="Y",C93="3:45 AM",E93="N",J93="Y"),COUNTIFS($AD$2:AD93,"Y",$C$2:C93,"3:45 AM",$E$2:E93,"N",$J$2:J93,"Y"),"") | AK93: =IF(AND(AD93="Y",E93="N",I93="Y",OR(C93="3:45 AM",C93="5:45 AM")),SUMPRODUCT(($AD$2:AD93="Y")*($E$2:E93="N")*($I$2:I93="Y")*(($C$2:C93="3:45 AM")+($C$2:C93="5:45 AM"))), "") | AL93: =IF(AND(AD93="Y",C93="12:15 PM",E93="N",K93<>"Y"),COUNTIFS($AD$2:AD93,"Y",$C$2:C93,"12:15 PM",$E$2:E93,"N",$K$2:K93,"<>Y"),"") | AM93: =IF(AND(AD93="Y",C93="2:00 PM",E93="N",K93<>"Y"),COUNTIFS($AD$2:AD93,"Y",$C$2:C93,"2:00 PM",$E$2:E93,"N",$K$2:K93,"<>Y"),"") | AN93: =IF(AND(AD93="Y",E93="N",K93="Y",OR(C93="12:15 PM",C93="2:00 PM")),SUMPRODUCT(($AD$2:AD93="Y")*($E$2:E93="N")*($K$2:K93="Y")*(($C$2:C93="12:15 PM")+($C$2:C93="2:00 PM"))), "") | AO93: =IF(AND(AD93="Y",C93="12:15 PM",E93="N",L93="Y"),COUNTIFS($AD$2:AD93,"Y",$C$2:C93,"12:15 PM",$E$2:E93,"N",$L$2:L93,"Y"),"") | AP93: =IF(AND(AD93="Y",C93="2:00 PM",E93="N",L93="Y"),COUNTIFS($AD$2:AD93,"Y",$C$2:C93,"2:00 PM",$E$2:E93,"N",$L$2:L93,"Y"),"")
A94: EMP-0097 | B94: Maglorie Jean | C94: 12:15 PM | D94: Sun, Mon | E94: N | F94: N | G94: Y | H94: 5:00 PM | I94: Y | J94: Y | K94: N | L94: N | M94: Standard | P94: N | T94: N | U94: =IF($B94="","",IF(AND($G94="Y",ISERROR(SEARCH(TEXT('Control Center'!$B$3,"ddd"),TRIM($D94)))),"Y","N")) | V94: =IF($B94="","",IF(AND($U94="Y",OR($C94="3:45 AM",$C94="5:45 AM"),OR('Control Center'!$B$4="N",$K94<>"Y")),"Y","N")) | W94: =IF($B94="","",IF(AND($U94="Y",OR($C94="12:15 PM",$C94="2:00 PM"),OR('Control Center'!$B$5="N",$K94<>"Y")),"Y","N")) | AB94: =IF($B94="","",IF($P94="Y",IF($Y94="Y","Completed","In Progress"),"")) | AC94: =IF($B94="","",IF(COUNTIFS('Approved Absences'!$A$2:$A$200,$B94,'Approved Absences'!$B$2:$B$200,"<="&INT('Control Center'!$B$3),'Approved Absences'!$C$2:$C$200,">="&INT('Control Center'!$B$3))>0,"Y","N")) | AD94: =IF($B94="","",IF(AND($G94="Y",$AC94<>"Y",ISERROR(SEARCH(TEXT('Control Center'!$B$3,"ddd"),TRIM($D94)))),"Y","N")) | AE94: =IF(AND(AD94="Y",C94="3:45 AM",E94="N",K94<>"Y"),COUNTIFS($AD$2:AD94,"Y",$C$2:C94,"3:45 AM",$E$2:E94,"N",$K$2:K94,"<>Y"),"") | AF94: =IF(AND(AD94="Y",C94="5:45 AM",E94="N",K94<>"Y"),COUNTIFS($AD$2:AD94,"Y",$C$2:C94,"5:45 AM",$E$2:E94,"N",$K$2:K94,"<>Y"),"") | AG94: =IF(AND(AD94="Y",C94="3:45 AM",E94="N",L94="Y",K94<>"Y"),COUNTIFS($AD$2:AD94,"Y",$C$2:C94,"3:45 AM",$E$2:E94,"N",$L$2:L94,"Y",$K$2:K94,"<>Y"),"") | AH94: =IF(AND(AD94="Y",C94="5:45 AM",E94="N",L94="Y",K94<>"Y"),COUNTIFS($AD$2:AD94,"Y",$C$2:C94,"5:45 AM",$E$2:E94,"N",$L$2:L94,"Y",$K$2:K94,"<>Y"),"") | AI94: =IF(AND(AD94="Y",E94="N",K94="Y",OR(C94="3:45 AM",C94="5:45 AM")),SUMPRODUCT(($AD$2:AD94="Y")*($E$2:E94="N")*($K$2:K94="Y")*(($C$2:C94="3:45 AM")+($C$2:C94="5:45 AM"))), "") | AJ94: =IF(AND(AD94="Y",C94="3:45 AM",E94="N",J94="Y"),COUNTIFS($AD$2:AD94,"Y",$C$2:C94,"3:45 AM",$E$2:E94,"N",$J$2:J94,"Y"),"") | AK94: =IF(AND(AD94="Y",E94="N",I94="Y",OR(C94="3:45 AM",C94="5:45 AM")),SUMPRODUCT(($AD$2:AD94="Y")*($E$2:E94="N")*($I$2:I94="Y")*(($C$2:C94="3:45 AM")+($C$2:C94="5:45 AM"))), "") | AL94: =IF(AND(AD94="Y",C94="12:15 PM",E94="N",K94<>"Y"),COUNTIFS($AD$2:AD94,"Y",$C$2:C94,"12:15 PM",$E$2:E94,"N",$K$2:K94,"<>Y"),"") | AM94: =IF(AND(AD94="Y",C94="2:00 PM",E94="N",K94<>"Y"),COUNTIFS($AD$2:AD94,"Y",$C$2:C94,"2:00 PM",$E$2:E94,"N",$K$2:K94,"<>Y"),"") | AN94: =IF(AND(AD94="Y",E94="N",K94="Y",OR(C94="12:15 PM",C94="2:00 PM")),SUMPRODUCT(($AD$2:AD94="Y")*($E$2:E94="N")*($K$2:K94="Y")*(($C$2:C94="12:15 PM")+($C$2:C94="2:00 PM"))), "") | AO94: =IF(AND(AD94="Y",C94="12:15 PM",E94="N",L94="Y"),COUNTIFS($AD$2:AD94,"Y",$C$2:C94,"12:15 PM",$E$2:E94,"N",$L$2:L94,"Y"),"") | AP94: =IF(AND(AD94="Y",C94="2:00 PM",E94="N",L94="Y"),COUNTIFS($AD$2:AD94,"Y",$C$2:C94,"2:00 PM",$E$2:E94,"N",$L$2:L94,"Y"),"")
A95: EMP-0098 | B95: Mamadou Seck | C95: 5:45 AM | D95: Thu, Fri | E95: N | F95: N | G95: Y | H95: None | I95: N | J95: N | K95: N | L95: Y | M95: Standard | P95: N | T95: N | U95: =IF($B95="","",IF(AND($G95="Y",ISERROR(SEARCH(TEXT('Control Center'!$B$3,"ddd"),TRIM($D95)))),"Y","N")) | V95: =IF($B95="","",IF(AND($U95="Y",OR($C95="3:45 AM",$C95="5:45 AM"),OR('Control Center'!$B$4="N",$K95<>"Y")),"Y","N")) | W95: =IF($B95="","",IF(AND($U95="Y",OR($C95="12:15 PM",$C95="2:00 PM"),OR('Control Center'!$B$5="N",$K95<>"Y")),"Y","N")) | AB95: =IF($B95="","",IF($P95="Y",IF($Y95="Y","Completed","In Progress"),"")) | AC95: =IF($B95="","",IF(COUNTIFS('Approved Absences'!$A$2:$A$200,$B95,'Approved Absences'!$B$2:$B$200,"<="&INT('Control Center'!$B$3),'Approved Absences'!$C$2:$C$200,">="&INT('Control Center'!$B$3))>0,"Y","N")) | AD95: =IF($B95="","",IF(AND($G95="Y",$AC95<>"Y",ISERROR(SEARCH(TEXT('Control Center'!$B$3,"ddd"),TRIM($D95)))),"Y","N")) | AE95: =IF(AND(AD95="Y",C95="3:45 AM",E95="N",K95<>"Y"),COUNTIFS($AD$2:AD95,"Y",$C$2:C95,"3:45 AM",$E$2:E95,"N",$K$2:K95,"<>Y"),"") | AF95: =IF(AND(AD95="Y",C95="5:45 AM",E95="N",K95<>"Y"),COUNTIFS($AD$2:AD95,"Y",$C$2:C95,"5:45 AM",$E$2:E95,"N",$K$2:K95,"<>Y"),"") | AG95: =IF(AND(AD95="Y",C95="3:45 AM",E95="N",L95="Y",K95<>"Y"),COUNTIFS($AD$2:AD95,"Y",$C$2:C95,"3:45 AM",$E$2:E95,"N",$L$2:L95,"Y",$K$2:K95,"<>Y"),"") | AH95: =IF(AND(AD95="Y",C95="5:45 AM",E95="N",L95="Y",K95<>"Y"),COUNTIFS($AD$2:AD95,"Y",$C$2:C95,"5:45 AM",$E$2:E95,"N",$L$2:L95,"Y",$K$2:K95,"<>Y"),"") | AI95: =IF(AND(AD95="Y",E95="N",K95="Y",OR(C95="3:45 AM",C95="5:45 AM")),SUMPRODUCT(($AD$2:AD95="Y")*($E$2:E95="N")*($K$2:K95="Y")*(($C$2:C95="3:45 AM")+($C$2:C95="5:45 AM"))), "") | AJ95: =IF(AND(AD95="Y",C95="3:45 AM",E95="N",J95="Y"),COUNTIFS($AD$2:AD95,"Y",$C$2:C95,"3:45 AM",$E$2:E95,"N",$J$2:J95,"Y"),"") | AK95: =IF(AND(AD95="Y",E95="N",I95="Y",OR(C95="3:45 AM",C95="5:45 AM")),SUMPRODUCT(($AD$2:AD95="Y")*($E$2:E95="N")*($I$2:I95="Y")*(($C$2:C95="3:45 AM")+($C$2:C95="5:45 AM"))), "") | AL95: =IF(AND(AD95="Y",C95="12:15 PM",E95="N",K95<>"Y"),COUNTIFS($AD$2:AD95,"Y",$C$2:C95,"12:15 PM",$E$2:E95,"N",$K$2:K95,"<>Y"),"") | AM95: =IF(AND(AD95="Y",C95="2:00 PM",E95="N",K95<>"Y"),COUNTIFS($AD$2:AD95,"Y",$C$2:C95,"2:00 PM",$E$2:E95,"N",$K$2:K95,"<>Y"),"") | AN95: =IF(AND(AD95="Y",E95="N",K95="Y",OR(C95="12:15 PM",C95="2:00 PM")),SUMPRODUCT(($AD$2:AD95="Y")*($E$2:E95="N")*($K$2:K95="Y")*(($C$2:C95="12:15 PM")+($C$2:C95="2:00 PM"))), "") | AO95: =IF(AND(AD95="Y",C95="12:15 PM",E95="N",L95="Y"),COUNTIFS($AD$2:AD95,"Y",$C$2:C95,"12:15 PM",$E$2:E95,"N",$L$2:L95,"Y"),"") | AP95: =IF(AND(AD95="Y",C95="2:00 PM",E95="N",L95="Y"),COUNTIFS($AD$2:AD95,"Y",$C$2:C95,"2:00 PM",$E$2:E95,"N",$L$2:L95,"Y"),"")
A96: EMP-0099 | B96: Mariana Garduno | C96: 5:45 AM | D96: Sun, Mon | E96: Y | F96: N | G96: Y | H96: None | I96: N | J96: Y | K96: N | L96: Y | M96: Standard | P96: N | T96: N | U96: =IF($B96="","",IF(AND($G96="Y",ISERROR(SEARCH(TEXT('Control Center'!$B$3,"ddd"),TRIM($D96)))),"Y","N")) | V96: =IF($B96="","",IF(AND($U96="Y",OR($C96="3:45 AM",$C96="5:45 AM"),OR('Control Center'!$B$4="N",$K96<>"Y")),"Y","N")) | W96: =IF($B96="","",IF(AND($U96="Y",OR($C96="12:15 PM",$C96="2:00 PM"),OR('Control Center'!$B$5="N",$K96<>"Y")),"Y","N")) | AB96: =IF($B96="","",IF($P96="Y",IF($Y96="Y","Completed","In Progress"),"")) | AC96: =IF($B96="","",IF(COUNTIFS('Approved Absences'!$A$2:$A$200,$B96,'Approved Absences'!$B$2:$B$200,"<="&INT('Control Center'!$B$3),'Approved Absences'!$C$2:$C$200,">="&INT('Control Center'!$B$3))>0,"Y","N")) | AD96: =IF($B96="","",IF(AND($G96="Y",$AC96<>"Y",ISERROR(SEARCH(TEXT('Control Center'!$B$3,"ddd"),TRIM($D96)))),"Y","N")) | AE96: =IF(AND(AD96="Y",C96="3:45 AM",E96="N",K96<>"Y"),COUNTIFS($AD$2:AD96,"Y",$C$2:C96,"3:45 AM",$E$2:E96,"N",$K$2:K96,"<>Y"),"") | AF96: =IF(AND(AD96="Y",C96="5:45 AM",E96="N",K96<>"Y"),COUNTIFS($AD$2:AD96,"Y",$C$2:C96,"5:45 AM",$E$2:E96,"N",$K$2:K96,"<>Y"),"") | AG96: =IF(AND(AD96="Y",C96="3:45 AM",E96="N",L96="Y",K96<>"Y"),COUNTIFS($AD$2:AD96,"Y",$C$2:C96,"3:45 AM",$E$2:E96,"N",$L$2:L96,"Y",$K$2:K96,"<>Y"),"") | AH96: =IF(AND(AD96="Y",C96="5:45 AM",E96="N",L96="Y",K96<>"Y"),COUNTIFS($AD$2:AD96,"Y",$C$2:C96,"5:45 AM",$E$2:E96,"N",$L$2:L96,"Y",$K$2:K96,"<>Y"),"") | AI96: =IF(AND(AD96="Y",E96="N",K96="Y",OR(C96="3:45 AM",C96="5:45 AM")),SUMPRODUCT(($AD$2:AD96="Y")*($E$2:E96="N")*($K$2:K96="Y")*(($C$2:C96="3:45 AM")+($C$2:C96="5:45 AM"))), "") | AJ96: =IF(AND(AD96="Y",C96="3:45 AM",E96="N",J96="Y"),COUNTIFS($AD$2:AD96,"Y",$C$2:C96,"3:45 AM",$E$2:E96,"N",$J$2:J96,"Y"),"") | AK96: =IF(AND(AD96="Y",E96="N",I96="Y",OR(C96="3:45 AM",C96="5:45 AM")),SUMPRODUCT(($AD$2:AD96="Y")*($E$2:E96="N")*($I$2:I96="Y")*(($C$2:C96="3:45 AM")+($C$2:C96="5:45 AM"))), "") | AL96: =IF(AND(AD96="Y",C96="12:15 PM",E96="N",K96<>"Y"),COUNTIFS($AD$2:AD96,"Y",$C$2:C96,"12:15 PM",$E$2:E96,"N",$K$2:K96,"<>Y"),"") | AM96: =IF(AND(AD96="Y",C96="2:00 PM",E96="N",K96<>"Y"),COUNTIFS($AD$2:AD96,"Y",$C$2:C96,"2:00 PM",$E$2:E96,"N",$K$2:K96,"<>Y"),"") | AN96: =IF(AND(AD96="Y",E96="N",K96="Y",OR(C96="12:15 PM",C96="2:00 PM")),SUMPRODUCT(($AD$2:AD96="Y")*($E$2:E96="N")*($K$2:K96="Y")*(($C$2:C96="12:15 PM")+($C$2:C96="2:00 PM"))), "") | AO96: =IF(AND(AD96="Y",C96="12:15 PM",E96="N",L96="Y"),COUNTIFS($AD$2:AD96,"Y",$C$2:C96,"12:15 PM",$E$2:E96,"N",$L$2:L96,"Y"),"") | AP96: =IF(AND(AD96="Y",C96="2:00 PM",E96="N",L96="Y"),COUNTIFS($AD$2:AD96,"Y",$C$2:C96,"2:00 PM",$E$2:E96,"N",$L$2:L96,"Y"),"")
A97: EMP-0100 | B97: Marquise Jackson | C97: 5:45 AM | D97: Sat, Sun | E97: N | F97: N | G97: Y | H97: None | I97: N | J97: N | K97: N | L97: Y | M97: Standard | P97: N | T97: N | U97: =IF($B97="","",IF(AND($G97="Y",ISERROR(SEARCH(TEXT('Control Center'!$B$3,"ddd"),TRIM($D97)))),"Y","N")) | V97: =IF($B97="","",IF(AND($U97="Y",OR($C97="3:45 AM",$C97="5:45 AM"),OR('Control Center'!$B$4="N",$K97<>"Y")),"Y","N")) | W97: =IF($B97="","",IF(AND($U97="Y",OR($C97="12:15 PM",$C97="2:00 PM"),OR('Control Center'!$B$5="N",$K97<>"Y")),"Y","N")) | AB97: =IF($B97="","",IF($P97="Y",IF($Y97="Y","Completed","In Progress"),"")) | AC97: =IF($B97="","",IF(COUNTIFS('Approved Absences'!$A$2:$A$200,$B97,'Approved Absences'!$B$2:$B$200,"<="&INT('Control Center'!$B$3),'Approved Absences'!$C$2:$C$200,">="&INT('Control Center'!$B$3))>0,"Y","N")) | AD97: =IF($B97="","",IF(AND($G97="Y",$AC97<>"Y",ISERROR(SEARCH(TEXT('Control Center'!$B$3,"ddd"),TRIM($D97)))),"Y","N")) | AE97: =IF(AND(AD97="Y",C97="3:45 AM",E97="N",K97<>"Y"),COUNTIFS($AD$2:AD97,"Y",$C$2:C97,"3:45 AM",$E$2:E97,"N",$K$2:K97,"<>Y"),"") | AF97: =IF(AND(AD97="Y",C97="5:45 AM",E97="N",K97<>"Y"),COUNTIFS($AD$2:AD97,"Y",$C$2:C97,"5:45 AM",$E$2:E97,"N",$K$2:K97,"<>Y"),"") | AG97: =IF(AND(AD97="Y",C97="3:45 AM",E97="N",L97="Y",K97<>"Y"),COUNTIFS($AD$2:AD97,"Y",$C$2:C97,"3:45 AM",$E$2:E97,"N",$L$2:L97,"Y",$K$2:K97,"<>Y"),"") | AH97: =IF(AND(AD97="Y",C97="5:45 AM",E97="N",L97="Y",K97<>"Y"),COUNTIFS($AD$2:AD97,"Y",$C$2:C97,"5:45 AM",$E$2:E97,"N",$L$2:L97,"Y",$K$2:K97,"<>Y"),"") | AI97: =IF(AND(AD97="Y",E97="N",K97="Y",OR(C97="3:45 AM",C97="5:45 AM")),SUMPRODUCT(($AD$2:AD97="Y")*($E$2:E97="N")*($K$2:K97="Y")*(($C$2:C97="3:45 AM")+($C$2:C97="5:45 AM"))), "") | AJ97: =IF(AND(AD97="Y",C97="3:45 AM",E97="N",J97="Y"),COUNTIFS($AD$2:AD97,"Y",$C$2:C97,"3:45 AM",$E$2:E97,"N",$J$2:J97,"Y"),"") | AK97: =IF(AND(AD97="Y",E97="N",I97="Y",OR(C97="3:45 AM",C97="5:45 AM")),SUMPRODUCT(($AD$2:AD97="Y")*($E$2:E97="N")*($I$2:I97="Y")*(($C$2:C97="3:45 AM")+($C$2:C97="5:45 AM"))), "") | AL97: =IF(AND(AD97="Y",C97="12:15 PM",E97="N",K97<>"Y"),COUNTIFS($AD$2:AD97,"Y",$C$2:C97,"12:15 PM",$E$2:E97,"N",$K$2:K97,"<>Y"),"") | AM97: =IF(AND(AD97="Y",C97="2:00 PM",E97="N",K97<>"Y"),COUNTIFS($AD$2:AD97,"Y",$C$2:C97,"2:00 PM",$E$2:E97,"N",$K$2:K97,"<>Y"),"") | AN97: =IF(AND(AD97="Y",E97="N",K97="Y",OR(C97="12:15 PM",C97="2:00 PM")),SUMPRODUCT(($AD$2:AD97="Y")*($E$2:E97="N")*($K$2:K97="Y")*(($C$2:C97="12:15 PM")+($C$2:C97="2:00 PM"))), "") | AO97: =IF(AND(AD97="Y",C97="12:15 PM",E97="N",L97="Y"),COUNTIFS($AD$2:AD97,"Y",$C$2:C97,"12:15 PM",$E$2:E97,"N",$L$2:L97,"Y"),"") | AP97: =IF(AND(AD97="Y",C97="2:00 PM",E97="N",L97="Y"),COUNTIFS($AD$2:AD97,"Y",$C$2:C97,"2:00 PM",$E$2:E97,"N",$L$2:L97,"Y"),"")
A98: EMP-0102 | B98: Maryse Camille | C98: 3:45 AM | D98: Fri, Sat | E98: N | F98: N | G98: Y | H98: None | I98: N | J98: N | K98: N | L98: Y | M98: Standard | P98: N | T98: N | U98: =IF($B98="","",IF(AND($G98="Y",ISERROR(SEARCH(TEXT('Control Center'!$B$3,"ddd"),TRIM($D98)))),"Y","N")) | V98: =IF($B98="","",IF(AND($U98="Y",OR($C98="3:45 AM",$C98="5:45 AM"),OR('Control Center'!$B$4="N",$K98<>"Y")),"Y","N")) | W98: =IF($B98="","",IF(AND($U98="Y",OR($C98="12:15 PM",$C98="2:00 PM"),OR('Control Center'!$B$5="N",$K98<>"Y")),"Y","N")) | AB98: =IF($B98="","",IF($P98="Y",IF($Y98="Y","Completed","In Progress"),"")) | AC98: =IF($B98="","",IF(COUNTIFS('Approved Absences'!$A$2:$A$200,$B98,'Approved Absences'!$B$2:$B$200,"<="&INT('Control Center'!$B$3),'Approved Absences'!$C$2:$C$200,">="&INT('Control Center'!$B$3))>0,"Y","N")) | AD98: =IF($B98="","",IF(AND($G98="Y",$AC98<>"Y",ISERROR(SEARCH(TEXT('Control Center'!$B$3,"ddd"),TRIM($D98)))),"Y","N")) | AE98: =IF(AND(AD98="Y",C98="3:45 AM",E98="N",K98<>"Y"),COUNTIFS($AD$2:AD98,"Y",$C$2:C98,"3:45 AM",$E$2:E98,"N",$K$2:K98,"<>Y"),"") | AF98: =IF(AND(AD98="Y",C98="5:45 AM",E98="N",K98<>"Y"),COUNTIFS($AD$2:AD98,"Y",$C$2:C98,"5:45 AM",$E$2:E98,"N",$K$2:K98,"<>Y"),"") | AG98: =IF(AND(AD98="Y",C98="3:45 AM",E98="N",L98="Y",K98<>"Y"),COUNTIFS($AD$2:AD98,"Y",$C$2:C98,"3:45 AM",$E$2:E98,"N",$L$2:L98,"Y",$K$2:K98,"<>Y"),"") | AH98: =IF(AND(AD98="Y",C98="5:45 AM",E98="N",L98="Y",K98<>"Y"),COUNTIFS($AD$2:AD98,"Y",$C$2:C98,"5:45 AM",$E$2:E98,"N",$L$2:L98,"Y",$K$2:K98,"<>Y"),"") | AI98: =IF(AND(AD98="Y",E98="N",K98="Y",OR(C98="3:45 AM",C98="5:45 AM")),SUMPRODUCT(($AD$2:AD98="Y")*($E$2:E98="N")*($K$2:K98="Y")*(($C$2:C98="3:45 AM")+($C$2:C98="5:45 AM"))), "") | AJ98: =IF(AND(AD98="Y",C98="3:45 AM",E98="N",J98="Y"),COUNTIFS($AD$2:AD98,"Y",$C$2:C98,"3:45 AM",$E$2:E98,"N",$J$2:J98,"Y"),"") | AK98: =IF(AND(AD98="Y",E98="N",I98="Y",OR(C98="3:45 AM",C98="5:45 AM")),SUMPRODUCT(($AD$2:AD98="Y")*($E$2:E98="N")*($I$2:I98="Y")*(($C$2:C98="3:45 AM")+($C$2:C98="5:45 AM"))), "") | AL98: =IF(AND(AD98="Y",C98="12:15 PM",E98="N",K98<>"Y"),COUNTIFS($AD$2:AD98,"Y",$C$2:C98,"12:15 PM",$E$2:E98,"N",$K$2:K98,"<>Y"),"") | AM98: =IF(AND(AD98="Y",C98="2:00 PM",E98="N",K98<>"Y"),COUNTIFS($AD$2:AD98,"Y",$C$2:C98,"2:00 PM",$E$2:E98,"N",$K$2:K98,"<>Y"),"") | AN98: =IF(AND(AD98="Y",E98="N",K98="Y",OR(C98="12:15 PM",C98="2:00 PM")),SUMPRODUCT(($AD$2:AD98="Y")*($E$2:E98="N")*($K$2:K98="Y")*(($C$2:C98="12:15 PM")+($C$2:C98="2:00 PM"))), "") | AO98: =IF(AND(AD98="Y",C98="12:15 PM",E98="N",L98="Y"),COUNTIFS($AD$2:AD98,"Y",$C$2:C98,"12:15 PM",$E$2:E98,"N",$L$2:L98,"Y"),"") | AP98: =IF(AND(AD98="Y",C98="2:00 PM",E98="N",L98="Y"),COUNTIFS($AD$2:AD98,"Y",$C$2:C98,"2:00 PM",$E$2:E98,"N",$L$2:L98,"Y"),"")
A99: EMP-0103 | B99: Micheal Manning | C99: 5:45 AM | D99: Tue, Wed | E99: N | F99: N | G99: Y | H99: None | I99: N | J99: Y | K99: N | L99: Y | M99: Standard | P99: N | T99: N | U99: =IF($B99="","",IF(AND($G99="Y",ISERROR(SEARCH(TEXT('Control Center'!$B$3,"ddd"),TRIM($D99)))),"Y","N")) | V99: =IF($B99="","",IF(AND($U99="Y",OR($C99="3:45 AM",$C99="5:45 AM"),OR('Control Center'!$B$4="N",$K99<>"Y")),"Y","N")) | W99: =IF($B99="","",IF(AND($U99="Y",OR($C99="12:15 PM",$C99="2:00 PM"),OR('Control Center'!$B$5="N",$K99<>"Y")),"Y","N")) | AB99: =IF($B99="","",IF($P99="Y",IF($Y99="Y","Completed","In Progress"),"")) | AC99: =IF($B99="","",IF(COUNTIFS('Approved Absences'!$A$2:$A$200,$B99,'Approved Absences'!$B$2:$B$200,"<="&INT('Control Center'!$B$3),'Approved Absences'!$C$2:$C$200,">="&INT('Control Center'!$B$3))>0,"Y","N")) | AD99: =IF($B99="","",IF(AND($G99="Y",$AC99<>"Y",ISERROR(SEARCH(TEXT('Control Center'!$B$3,"ddd"),TRIM($D99)))),"Y","N")) | AE99: =IF(AND(AD99="Y",C99="3:45 AM",E99="N",K99<>"Y"),COUNTIFS($AD$2:AD99,"Y",$C$2:C99,"3:45 AM",$E$2:E99,"N",$K$2:K99,"<>Y"),"") | AF99: =IF(AND(AD99="Y",C99="5:45 AM",E99="N",K99<>"Y"),COUNTIFS($AD$2:AD99,"Y",$C$2:C99,"5:45 AM",$E$2:E99,"N",$K$2:K99,"<>Y"),"") | AG99: =IF(AND(AD99="Y",C99="3:45 AM",E99="N",L99="Y",K99<>"Y"),COUNTIFS($AD$2:AD99,"Y",$C$2:C99,"3:45 AM",$E$2:E99,"N",$L$2:L99,"Y",$K$2:K99,"<>Y"),"") | AH99: =IF(AND(AD99="Y",C99="5:45 AM",E99="N",L99="Y",K99<>"Y"),COUNTIFS($AD$2:AD99,"Y",$C$2:C99,"5:45 AM",$E$2:E99,"N",$L$2:L99,"Y",$K$2:K99,"<>Y"),"") | AI99: =IF(AND(AD99="Y",E99="N",K99="Y",OR(C99="3:45 AM",C99="5:45 AM")),SUMPRODUCT(($AD$2:AD99="Y")*($E$2:E99="N")*($K$2:K99="Y")*(($C$2:C99="3:45 AM")+($C$2:C99="5:45 AM"))), "") | AJ99: =IF(AND(AD99="Y",C99="3:45 AM",E99="N",J99="Y"),COUNTIFS($AD$2:AD99,"Y",$C$2:C99,"3:45 AM",$E$2:E99,"N",$J$2:J99,"Y"),"") | AK99: =IF(AND(AD99="Y",E99="N",I99="Y",OR(C99="3:45 AM",C99="5:45 AM")),SUMPRODUCT(($AD$2:AD99="Y")*($E$2:E99="N")*($I$2:I99="Y")*(($C$2:C99="3:45 AM")+($C$2:C99="5:45 AM"))), "") | AL99: =IF(AND(AD99="Y",C99="12:15 PM",E99="N",K99<>"Y"),COUNTIFS($AD$2:AD99,"Y",$C$2:C99,"12:15 PM",$E$2:E99,"N",$K$2:K99,"<>Y"),"") | AM99: =IF(AND(AD99="Y",C99="2:00 PM",E99="N",K99<>"Y"),COUNTIFS($AD$2:AD99,"Y",$C$2:C99,"2:00 PM",$E$2:E99,"N",$K$2:K99,"<>Y"),"") | AN99: =IF(AND(AD99="Y",E99="N",K99="Y",OR(C99="12:15 PM",C99="2:00 PM")),SUMPRODUCT(($AD$2:AD99="Y")*($E$2:E99="N")*($K$2:K99="Y")*(($C$2:C99="12:15 PM")+($C$2:C99="2:00 PM"))), "") | AO99: =IF(AND(AD99="Y",C99="12:15 PM",E99="N",L99="Y"),COUNTIFS($AD$2:AD99,"Y",$C$2:C99,"12:15 PM",$E$2:E99,"N",$L$2:L99,"Y"),"") | AP99: =IF(AND(AD99="Y",C99="2:00 PM",E99="N",L99="Y"),COUNTIFS($AD$2:AD99,"Y",$C$2:C99,"2:00 PM",$E$2:E99,"N",$L$2:L99,"Y"),"")
A100: EMP-0105 | B100: Mildred Torres | C100: 5:45 AM | D100: Wed, Thu | E100: N | F100: N | G100: Y | H100: None | I100: N | J100: N | K100: N | L100: Y | M100: Standard | P100: N | T100: N | U100: =IF($B100="","",IF(AND($G100="Y",ISERROR(SEARCH(TEXT('Control Center'!$B$3,"ddd"),TRIM($D100)))),"Y","N")) | V100: =IF($B100="","",IF(AND($U100="Y",OR($C100="3:45 AM",$C100="5:45 AM"),OR('Control Center'!$B$4="N",$K100<>"Y")),"Y","N")) | W100: =IF($B100="","",IF(AND($U100="Y",OR($C100="12:15 PM",$C100="2:00 PM"),OR('Control Center'!$B$5="N",$K100<>"Y")),"Y","N")) | AB100: =IF($B100="","",IF($P100="Y",IF($Y100="Y","Completed","In Progress"),"")) | AC100: =IF($B100="","",IF(COUNTIFS('Approved Absences'!$A$2:$A$200,$B100,'Approved Absences'!$B$2:$B$200,"<="&INT('Control Center'!$B$3),'Approved Absences'!$C$2:$C$200,">="&INT('Control Center'!$B$3))>0,"Y","N")) | AD100: =IF($B100="","",IF(AND($G100="Y",$AC100<>"Y",ISERROR(SEARCH(TEXT('Control Center'!$B$3,"ddd"),TRIM($D100)))),"Y","N")) | AE100: =IF(AND(AD100="Y",C100="3:45 AM",E100="N",K100<>"Y"),COUNTIFS($AD$2:AD100,"Y",$C$2:C100,"3:45 AM",$E$2:E100,"N",$K$2:K100,"<>Y"),"") | AF100: =IF(AND(AD100="Y",C100="5:45 AM",E100="N",K100<>"Y"),COUNTIFS($AD$2:AD100,"Y",$C$2:C100,"5:45 AM",$E$2:E100,"N",$K$2:K100,"<>Y"),"") | AG100: =IF(AND(AD100="Y",C100="3:45 AM",E100="N",L100="Y",K100<>"Y"),COUNTIFS($AD$2:AD100,"Y",$C$2:C100,"3:45 AM",$E$2:E100,"N",$L$2:L100,"Y",$K$2:K100,"<>Y"),"") | AH100: =IF(AND(AD100="Y",C100="5:45 AM",E100="N",L100="Y",K100<>"Y"),COUNTIFS($AD$2:AD100,"Y",$C$2:C100,"5:45 AM",$E$2:E100,"N",$L$2:L100,"Y",$K$2:K100,"<>Y"),"") | AI100: =IF(AND(AD100="Y",E100="N",K100="Y",OR(C100="3:45 AM",C100="5:45 AM")),SUMPRODUCT(($AD$2:AD100="Y")*($E$2:E100="N")*($K$2:K100="Y")*(($C$2:C100="3:45 AM")+($C$2:C100="5:45 AM"))), "") | AJ100: =IF(AND(AD100="Y",C100="3:45 AM",E100="N",J100="Y"),COUNTIFS($AD$2:AD100,"Y",$C$2:C100,"3:45 AM",$E$2:E100,"N",$J$2:J100,"Y"),"") | AK100: =IF(AND(AD100="Y",E100="N",I100="Y",OR(C100="3:45 AM",C100="5:45 AM")),SUMPRODUCT(($AD$2:AD100="Y")*($E$2:E100="N")*($I$2:I100="Y")*(($C$2:C100="3:45 AM")+($C$2:C100="5:45 AM"))), "") | AL100: =IF(AND(AD100="Y",C100="12:15 PM",E100="N",K100<>"Y"),COUNTIFS($AD$2:AD100,"Y",$C$2:C100,"12:15 PM",$E$2:E100,"N",$K$2:K100,"<>Y"),"") | AM100: =IF(AND(AD100="Y",C100="2:00 PM",E100="N",K100<>"Y"),COUNTIFS($AD$2:AD100,"Y",$C$2:C100,"2:00 PM",$E$2:E100,"N",$K$2:K100,"<>Y"),"") | AN100: =IF(AND(AD100="Y",E100="N",K100="Y",OR(C100="12:15 PM",C100="2:00 PM")),SUMPRODUCT(($AD$2:AD100="Y")*($E$2:E100="N")*($K$2:K100="Y")*(($C$2:C100="12:15 PM")+($C$2:C100="2:00 PM"))), "") | AO100: =IF(AND(AD100="Y",C100="12:15 PM",E100="N",L100="Y"),COUNTIFS($AD$2:AD100,"Y",$C$2:C100,"12:15 PM",$E$2:E100,"N",$L$2:L100,"Y"),"") | AP100: =IF(AND(AD100="Y",C100="2:00 PM",E100="N",L100="Y"),COUNTIFS($AD$2:AD100,"Y",$C$2:C100,"2:00 PM",$E$2:E100,"N",$L$2:L100,"Y"),"")
A101: EMP-0107 | B101: Moneshia Echols | C101: 3:45 AM | D101: Thu, Fri | E101: N | F101: N | G101: Y | H101: None | I101: N | J101: N | K101: N | L101: Y | M101: Standard | P101: N | T101: N | U101: =IF($B101="","",IF(AND($G101="Y",ISERROR(SEARCH(TEXT('Control Center'!$B$3,"ddd"),TRIM($D101)))),"Y","N")) | V101: =IF($B101="","",IF(AND($U101="Y",OR($C101="3:45 AM",$C101="5:45 AM"),OR('Control Center'!$B$4="N",$K101<>"Y")),"Y","N")) | W101: =IF($B101="","",IF(AND($U101="Y",OR($C101="12:15 PM",$C101="2:00 PM"),OR('Control Center'!$B$5="N",$K101<>"Y")),"Y","N")) | AB101: =IF($B101="","",IF($P101="Y",IF($Y101="Y","Completed","In Progress"),"")) | AC101: =IF($B101="","",IF(COUNTIFS('Approved Absences'!$A$2:$A$200,$B101,'Approved Absences'!$B$2:$B$200,"<="&INT('Control Center'!$B$3),'Approved Absences'!$C$2:$C$200,">="&INT('Control Center'!$B$3))>0,"Y","N")) | AD101: =IF($B101="","",IF(AND($G101="Y",$AC101<>"Y",ISERROR(SEARCH(TEXT('Control Center'!$B$3,"ddd"),TRIM($D101)))),"Y","N")) | AE101: =IF(AND(AD101="Y",C101="3:45 AM",E101="N",K101<>"Y"),COUNTIFS($AD$2:AD101,"Y",$C$2:C101,"3:45 AM",$E$2:E101,"N",$K$2:K101,"<>Y"),"") | AF101: =IF(AND(AD101="Y",C101="5:45 AM",E101="N",K101<>"Y"),COUNTIFS($AD$2:AD101,"Y",$C$2:C101,"5:45 AM",$E$2:E101,"N",$K$2:K101,"<>Y"),"") | AG101: =IF(AND(AD101="Y",C101="3:45 AM",E101="N",L101="Y",K101<>"Y"),COUNTIFS($AD$2:AD101,"Y",$C$2:C101,"3:45 AM",$E$2:E101,"N",$L$2:L101,"Y",$K$2:K101,"<>Y"),"") | AH101: =IF(AND(AD101="Y",C101="5:45 AM",E101="N",L101="Y",K101<>"Y"),COUNTIFS($AD$2:AD101,"Y",$C$2:C101,"5:45 AM",$E$2:E101,"N",$L$2:L101,"Y",$K$2:K101,"<>Y"),"") | AI101: =IF(AND(AD101="Y",E101="N",K101="Y",OR(C101="3:45 AM",C101="5:45 AM")),SUMPRODUCT(($AD$2:AD101="Y")*($E$2:E101="N")*($K$2:K101="Y")*(($C$2:C101="3:45 AM")+($C$2:C101="5:45 AM"))), "") | AJ101: =IF(AND(AD101="Y",C101="3:45 AM",E101="N",J101="Y"),COUNTIFS($AD$2:AD101,"Y",$C$2:C101,"3:45 AM",$E$2:E101,"N",$J$2:J101,"Y"),"") | AK101: =IF(AND(AD101="Y",E101="N",I101="Y",OR(C101="3:45 AM",C101="5:45 AM")),SUMPRODUCT(($AD$2:AD101="Y")*($E$2:E101="N")*($I$2:I101="Y")*(($C$2:C101="3:45 AM")+($C$2:C101="5:45 AM"))), "") | AL101: =IF(AND(AD101="Y",C101="12:15 PM",E101="N",K101<>"Y"),COUNTIFS($AD$2:AD101,"Y",$C$2:C101,"12:15 PM",$E$2:E101,"N",$K$2:K101,"<>Y"),"") | AM101: =IF(AND(AD101="Y",C101="2:00 PM",E101="N",K101<>"Y"),COUNTIFS($AD$2:AD101,"Y",$C$2:C101,"2:00 PM",$E$2:E101,"N",$K$2:K101,"<>Y"),"") | AN101: =IF(AND(AD101="Y",E101="N",K101="Y",OR(C101="12:15 PM",C101="2:00 PM")),SUMPRODUCT(($AD$2:AD101="Y")*($E$2:E101="N")*($K$2:K101="Y")*(($C$2:C101="12:15 PM")+($C$2:C101="2:00 PM"))), "") | AO101: =IF(AND(AD101="Y",C101="12:15 PM",E101="N",L101="Y"),COUNTIFS($AD$2:AD101,"Y",$C$2:C101,"12:15 PM",$E$2:E101,"N",$L$2:L101,"Y"),"") | AP101: =IF(AND(AD101="Y",C101="2:00 PM",E101="N",L101="Y"),COUNTIFS($AD$2:AD101,"Y",$C$2:C101,"2:00 PM",$E$2:E101,"N",$L$2:L101,"Y"),"")
A102: EMP-0108 | B102: Monica Ortiz | C102: 5:45 AM | D102: Tue, Wed | E102: N | F102: N | G102: Y | H102: None | I102: N | J102: N | K102: N | L102: Y | M102: Standard | P102: N | T102: N | U102: =IF($B102="","",IF(AND($G102="Y",ISERROR(SEARCH(TEXT('Control Center'!$B$3,"ddd"),TRIM($D102)))),"Y","N")) | V102: =IF($B102="","",IF(AND($U102="Y",OR($C102="3:45 AM",$C102="5:45 AM"),OR('Control Center'!$B$4="N",$K102<>"Y")),"Y","N")) | W102: =IF($B102="","",IF(AND($U102="Y",OR($C102="12:15 PM",$C102="2:00 PM"),OR('Control Center'!$B$5="N",$K102<>"Y")),"Y","N")) | AB102: =IF($B102="","",IF($P102="Y",IF($Y102="Y","Completed","In Progress"),"")) | AC102: =IF($B102="","",IF(COUNTIFS('Approved Absences'!$A$2:$A$200,$B102,'Approved Absences'!$B$2:$B$200,"<="&INT('Control Center'!$B$3),'Approved Absences'!$C$2:$C$200,">="&INT('Control Center'!$B$3))>0,"Y","N")) | AD102: =IF($B102="","",IF(AND($G102="Y",$AC102<>"Y",ISERROR(SEARCH(TEXT('Control Center'!$B$3,"ddd"),TRIM($D102)))),"Y","N")) | AE102: =IF(AND(AD102="Y",C102="3:45 AM",E102="N",K102<>"Y"),COUNTIFS($AD$2:AD102,"Y",$C$2:C102,"3:45 AM",$E$2:E102,"N",$K$2:K102,"<>Y"),"") | AF102: =IF(AND(AD102="Y",C102="5:45 AM",E102="N",K102<>"Y"),COUNTIFS($AD$2:AD102,"Y",$C$2:C102,"5:45 AM",$E$2:E102,"N",$K$2:K102,"<>Y"),"") | AG102: =IF(AND(AD102="Y",C102="3:45 AM",E102="N",L102="Y",K102<>"Y"),COUNTIFS($AD$2:AD102,"Y",$C$2:C102,"3:45 AM",$E$2:E102,"N",$L$2:L102,"Y",$K$2:K102,"<>Y"),"") | AH102: =IF(AND(AD102="Y",C102="5:45 AM",E102="N",L102="Y",K102<>"Y"),COUNTIFS($AD$2:AD102,"Y",$C$2:C102,"5:45 AM",$E$2:E102,"N",$L$2:L102,"Y",$K$2:K102,"<>Y"),"") | AI102: =IF(AND(AD102="Y",E102="N",K102="Y",OR(C102="3:45 AM",C102="5:45 AM")),SUMPRODUCT(($AD$2:AD102="Y")*($E$2:E102="N")*($K$2:K102="Y")*(($C$2:C102="3:45 AM")+($C$2:C102="5:45 AM"))), "") | AJ102: =IF(AND(AD102="Y",C102="3:45 AM",E102="N",J102="Y"),COUNTIFS($AD$2:AD102,"Y",$C$2:C102,"3:45 AM",$E$2:E102,"N",$J$2:J102,"Y"),"") | AK102: =IF(AND(AD102="Y",E102="N",I102="Y",OR(C102="3:45 AM",C102="5:45 AM")),SUMPRODUCT(($AD$2:AD102="Y")*($E$2:E102="N")*($I$2:I102="Y")*(($C$2:C102="3:45 AM")+($C$2:C102="5:45 AM"))), "") | AL102: =IF(AND(AD102="Y",C102="12:15 PM",E102="N",K102<>"Y"),COUNTIFS($AD$2:AD102,"Y",$C$2:C102,"12:15 PM",$E$2:E102,"N",$K$2:K102,"<>Y"),"") | AM102: =IF(AND(AD102="Y",C102="2:00 PM",E102="N",K102<>"Y"),COUNTIFS($AD$2:AD102,"Y",$C$2:C102,"2:00 PM",$E$2:E102,"N",$K$2:K102,"<>Y"),"") | AN102: =IF(AND(AD102="Y",E102="N",K102="Y",OR(C102="12:15 PM",C102="2:00 PM")),SUMPRODUCT(($AD$2:AD102="Y")*($E$2:E102="N")*($K$2:K102="Y")*(($C$2:C102="12:15 PM")+($C$2:C102="2:00 PM"))), "") | AO102: =IF(AND(AD102="Y",C102="12:15 PM",E102="N",L102="Y"),COUNTIFS($AD$2:AD102,"Y",$C$2:C102,"12:15 PM",$E$2:E102,"N",$L$2:L102,"Y"),"") | AP102: =IF(AND(AD102="Y",C102="2:00 PM",E102="N",L102="Y"),COUNTIFS($AD$2:AD102,"Y",$C$2:C102,"2:00 PM",$E$2:E102,"N",$L$2:L102,"Y"),"")
A103: EMP-0109 | B103: Monique Hicks | C103: 5:45 AM | D103: Tue, Wed | E103: N | F103: N | G103: Y | H103: None | I103: N | J103: N | K103: N | L103: Y | M103: Standard | P103: N | T103: N | U103: =IF($B103="","",IF(AND($G103="Y",ISERROR(SEARCH(TEXT('Control Center'!$B$3,"ddd"),TRIM($D103)))),"Y","N")) | V103: =IF($B103="","",IF(AND($U103="Y",OR($C103="3:45 AM",$C103="5:45 AM"),OR('Control Center'!$B$4="N",$K103<>"Y")),"Y","N")) | W103: =IF($B103="","",IF(AND($U103="Y",OR($C103="12:15 PM",$C103="2:00 PM"),OR('Control Center'!$B$5="N",$K103<>"Y")),"Y","N")) | AB103: =IF($B103="","",IF($P103="Y",IF($Y103="Y","Completed","In Progress"),"")) | AC103: =IF($B103="","",IF(COUNTIFS('Approved Absences'!$A$2:$A$200,$B103,'Approved Absences'!$B$2:$B$200,"<="&INT('Control Center'!$B$3),'Approved Absences'!$C$2:$C$200,">="&INT('Control Center'!$B$3))>0,"Y","N")) | AD103: =IF($B103="","",IF(AND($G103="Y",$AC103<>"Y",ISERROR(SEARCH(TEXT('Control Center'!$B$3,"ddd"),TRIM($D103)))),"Y","N")) | AE103: =IF(AND(AD103="Y",C103="3:45 AM",E103="N",K103<>"Y"),COUNTIFS($AD$2:AD103,"Y",$C$2:C103,"3:45 AM",$E$2:E103,"N",$K$2:K103,"<>Y"),"") | AF103: =IF(AND(AD103="Y",C103="5:45 AM",E103="N",K103<>"Y"),COUNTIFS($AD$2:AD103,"Y",$C$2:C103,"5:45 AM",$E$2:E103,"N",$K$2:K103,"<>Y"),"") | AG103: =IF(AND(AD103="Y",C103="3:45 AM",E103="N",L103="Y",K103<>"Y"),COUNTIFS($AD$2:AD103,"Y",$C$2:C103,"3:45 AM",$E$2:E103,"N",$L$2:L103,"Y",$K$2:K103,"<>Y"),"") | AH103: =IF(AND(AD103="Y",C103="5:45 AM",E103="N",L103="Y",K103<>"Y"),COUNTIFS($AD$2:AD103,"Y",$C$2:C103,"5:45 AM",$E$2:E103,"N",$L$2:L103,"Y",$K$2:K103,"<>Y"),"") | AI103: =IF(AND(AD103="Y",E103="N",K103="Y",OR(C103="3:45 AM",C103="5:45 AM")),SUMPRODUCT(($AD$2:AD103="Y")*($E$2:E103="N")*($K$2:K103="Y")*(($C$2:C103="3:45 AM")+($C$2:C103="5:45 AM"))), "") | AJ103: =IF(AND(AD103="Y",C103="3:45 AM",E103="N",J103="Y"),COUNTIFS($AD$2:AD103,"Y",$C$2:C103,"3:45 AM",$E$2:E103,"N",$J$2:J103,"Y"),"") | AK103: =IF(AND(AD103="Y",E103="N",I103="Y",OR(C103="3:45 AM",C103="5:45 AM")),SUMPRODUCT(($AD$2:AD103="Y")*($E$2:E103="N")*($I$2:I103="Y")*(($C$2:C103="3:45 AM")+($C$2:C103="5:45 AM"))), "") | AL103: =IF(AND(AD103="Y",C103="12:15 PM",E103="N",K103<>"Y"),COUNTIFS($AD$2:AD103,"Y",$C$2:C103,"12:15 PM",$E$2:E103,"N",$K$2:K103,"<>Y"),"") | AM103: =IF(AND(AD103="Y",C103="2:00 PM",E103="N",K103<>"Y"),COUNTIFS($AD$2:AD103,"Y",$C$2:C103,"2:00 PM",$E$2:E103,"N",$K$2:K103,"<>Y"),"") | AN103: =IF(AND(AD103="Y",E103="N",K103="Y",OR(C103="12:15 PM",C103="2:00 PM")),SUMPRODUCT(($AD$2:AD103="Y")*($E$2:E103="N")*($K$2:K103="Y")*(($C$2:C103="12:15 PM")+($C$2:C103="2:00 PM"))), "") | AO103: =IF(AND(AD103="Y",C103="12:15 PM",E103="N",L103="Y"),COUNTIFS($AD$2:AD103,"Y",$C$2:C103,"12:15 PM",$E$2:E103,"N",$L$2:L103,"Y"),"") | AP103: =IF(AND(AD103="Y",C103="2:00 PM",E103="N",L103="Y"),COUNTIFS($AD$2:AD103,"Y",$C$2:C103,"2:00 PM",$E$2:E103,"N",$L$2:L103,"Y"),"")
A104: EMP-0110 | B104: Mosrur Jafer | C104: 5:45 AM | D104: Mon, Tue | E104: N | F104: N | G104: Y | H104: None | I104: N | J104: Y | K104: N | L104: Y | M104: Standard | P104: N | T104: N | U104: =IF($B104="","",IF(AND($G104="Y",ISERROR(SEARCH(TEXT('Control Center'!$B$3,"ddd"),TRIM($D104)))),"Y","N")) | V104: =IF($B104="","",IF(AND($U104="Y",OR($C104="3:45 AM",$C104="5:45 AM"),OR('Control Center'!$B$4="N",$K104<>"Y")),"Y","N")) | W104: =IF($B104="","",IF(AND($U104="Y",OR($C104="12:15 PM",$C104="2:00 PM"),OR('Control Center'!$B$5="N",$K104<>"Y")),"Y","N")) | AB104: =IF($B104="","",IF($P104="Y",IF($Y104="Y","Completed","In Progress"),"")) | AC104: =IF($B104="","",IF(COUNTIFS('Approved Absences'!$A$2:$A$200,$B104,'Approved Absences'!$B$2:$B$200,"<="&INT('Control Center'!$B$3),'Approved Absences'!$C$2:$C$200,">="&INT('Control Center'!$B$3))>0,"Y","N")) | AD104: =IF($B104="","",IF(AND($G104="Y",$AC104<>"Y",ISERROR(SEARCH(TEXT('Control Center'!$B$3,"ddd"),TRIM($D104)))),"Y","N")) | AE104: =IF(AND(AD104="Y",C104="3:45 AM",E104="N",K104<>"Y"),COUNTIFS($AD$2:AD104,"Y",$C$2:C104,"3:45 AM",$E$2:E104,"N",$K$2:K104,"<>Y"),"") | AF104: =IF(AND(AD104="Y",C104="5:45 AM",E104="N",K104<>"Y"),COUNTIFS($AD$2:AD104,"Y",$C$2:C104,"5:45 AM",$E$2:E104,"N",$K$2:K104,"<>Y"),"") | AG104: =IF(AND(AD104="Y",C104="3:45 AM",E104="N",L104="Y",K104<>"Y"),COUNTIFS($AD$2:AD104,"Y",$C$2:C104,"3:45 AM",$E$2:E104,"N",$L$2:L104,"Y",$K$2:K104,"<>Y"),"") | AH104: =IF(AND(AD104="Y",C104="5:45 AM",E104="N",L104="Y",K104<>"Y"),COUNTIFS($AD$2:AD104,"Y",$C$2:C104,"5:45 AM",$E$2:E104,"N",$L$2:L104,"Y",$K$2:K104,"<>Y"),"") | AI104: =IF(AND(AD104="Y",E104="N",K104="Y",OR(C104="3:45 AM",C104="5:45 AM")),SUMPRODUCT(($AD$2:AD104="Y")*($E$2:E104="N")*($K$2:K104="Y")*(($C$2:C104="3:45 AM")+($C$2:C104="5:45 AM"))), "") | AJ104: =IF(AND(AD104="Y",C104="3:45 AM",E104="N",J104="Y"),COUNTIFS($AD$2:AD104,"Y",$C$2:C104,"3:45 AM",$E$2:E104,"N",$J$2:J104,"Y"),"") | AK104: =IF(AND(AD104="Y",E104="N",I104="Y",OR(C104="3:45 AM",C104="5:45 AM")),SUMPRODUCT(($AD$2:AD104="Y")*($E$2:E104="N")*($I$2:I104="Y")*(($C$2:C104="3:45 AM")+($C$2:C104="5:45 AM"))), "") | AL104: =IF(AND(AD104="Y",C104="12:15 PM",E104="N",K104<>"Y"),COUNTIFS($AD$2:AD104,"Y",$C$2:C104,"12:15 PM",$E$2:E104,"N",$K$2:K104,"<>Y"),"") | AM104: =IF(AND(AD104="Y",C104="2:00 PM",E104="N",K104<>"Y"),COUNTIFS($AD$2:AD104,"Y",$C$2:C104,"2:00 PM",$E$2:E104,"N",$K$2:K104,"<>Y"),"") | AN104: =IF(AND(AD104="Y",E104="N",K104="Y",OR(C104="12:15 PM",C104="2:00 PM")),SUMPRODUCT(($AD$2:AD104="Y")*($E$2:E104="N")*($K$2:K104="Y")*(($C$2:C104="12:15 PM")+($C$2:C104="2:00 PM"))), "") | AO104: =IF(AND(AD104="Y",C104="12:15 PM",E104="N",L104="Y"),COUNTIFS($AD$2:AD104,"Y",$C$2:C104,"12:15 PM",$E$2:E104,"N",$L$2:L104,"Y"),"") | AP104: =IF(AND(AD104="Y",C104="2:00 PM",E104="N",L104="Y"),COUNTIFS($AD$2:AD104,"Y",$C$2:C104,"2:00 PM",$E$2:E104,"N",$L$2:L104,"Y"),"")
A105: EMP-0111 | B105: Mwasiti Sadiki | C105: 5:45 AM | D105: Mon, Tue | E105: N | F105: N | G105: Y | H105: None | I105: N | J105: N | K105: N | L105: Y | M105: Standard | P105: N | T105: N | U105: =IF($B105="","",IF(AND($G105="Y",ISERROR(SEARCH(TEXT('Control Center'!$B$3,"ddd"),TRIM($D105)))),"Y","N")) | V105: =IF($B105="","",IF(AND($U105="Y",OR($C105="3:45 AM",$C105="5:45 AM"),OR('Control Center'!$B$4="N",$K105<>"Y")),"Y","N")) | W105: =IF($B105="","",IF(AND($U105="Y",OR($C105="12:15 PM",$C105="2:00 PM"),OR('Control Center'!$B$5="N",$K105<>"Y")),"Y","N")) | AB105: =IF($B105="","",IF($P105="Y",IF($Y105="Y","Completed","In Progress"),"")) | AC105: =IF($B105="","",IF(COUNTIFS('Approved Absences'!$A$2:$A$200,$B105,'Approved Absences'!$B$2:$B$200,"<="&INT('Control Center'!$B$3),'Approved Absences'!$C$2:$C$200,">="&INT('Control Center'!$B$3))>0,"Y","N")) | AD105: =IF($B105="","",IF(AND($G105="Y",$AC105<>"Y",ISERROR(SEARCH(TEXT('Control Center'!$B$3,"ddd"),TRIM($D105)))),"Y","N")) | AE105: =IF(AND(AD105="Y",C105="3:45 AM",E105="N",K105<>"Y"),COUNTIFS($AD$2:AD105,"Y",$C$2:C105,"3:45 AM",$E$2:E105,"N",$K$2:K105,"<>Y"),"") | AF105: =IF(AND(AD105="Y",C105="5:45 AM",E105="N",K105<>"Y"),COUNTIFS($AD$2:AD105,"Y",$C$2:C105,"5:45 AM",$E$2:E105,"N",$K$2:K105,"<>Y"),"") | AG105: =IF(AND(AD105="Y",C105="3:45 AM",E105="N",L105="Y",K105<>"Y"),COUNTIFS($AD$2:AD105,"Y",$C$2:C105,"3:45 AM",$E$2:E105,"N",$L$2:L105,"Y",$K$2:K105,"<>Y"),"") | AH105: =IF(AND(AD105="Y",C105="5:45 AM",E105="N",L105="Y",K105<>"Y"),COUNTIFS($AD$2:AD105,"Y",$C$2:C105,"5:45 AM",$E$2:E105,"N",$L$2:L105,"Y",$K$2:K105,"<>Y"),"") | AI105: =IF(AND(AD105="Y",E105="N",K105="Y",OR(C105="3:45 AM",C105="5:45 AM")),SUMPRODUCT(($AD$2:AD105="Y")*($E$2:E105="N")*($K$2:K105="Y")*(($C$2:C105="3:45 AM")+($C$2:C105="5:45 AM"))), "") | AJ105: =IF(AND(AD105="Y",C105="3:45 AM",E105="N",J105="Y"),COUNTIFS($AD$2:AD105,"Y",$C$2:C105,"3:45 AM",$E$2:E105,"N",$J$2:J105,"Y"),"") | AK105: =IF(AND(AD105="Y",E105="N",I105="Y",OR(C105="3:45 AM",C105="5:45 AM")),SUMPRODUCT(($AD$2:AD105="Y")*($E$2:E105="N")*($I$2:I105="Y")*(($C$2:C105="3:45 AM")+($C$2:C105="5:45 AM"))), "") | AL105: =IF(AND(AD105="Y",C105="12:15 PM",E105="N",K105<>"Y"),COUNTIFS($AD$2:AD105,"Y",$C$2:C105,"12:15 PM",$E$2:E105,"N",$K$2:K105,"<>Y"),"") | AM105: =IF(AND(AD105="Y",C105="2:00 PM",E105="N",K105<>"Y"),COUNTIFS($AD$2:AD105,"Y",$C$2:C105,"2:00 PM",$E$2:E105,"N",$K$2:K105,"<>Y"),"") | AN105: =IF(AND(AD105="Y",E105="N",K105="Y",OR(C105="12:15 PM",C105="2:00 PM")),SUMPRODUCT(($AD$2:AD105="Y")*($E$2:E105="N")*($K$2:K105="Y")*(($C$2:C105="12:15 PM")+($C$2:C105="2:00 PM"))), "") | AO105: =IF(AND(AD105="Y",C105="12:15 PM",E105="N",L105="Y"),COUNTIFS($AD$2:AD105,"Y",$C$2:C105,"12:15 PM",$E$2:E105,"N",$L$2:L105,"Y"),"") | AP105: =IF(AND(AD105="Y",C105="2:00 PM",E105="N",L105="Y"),COUNTIFS($AD$2:AD105,"Y",$C$2:C105,"2:00 PM",$E$2:E105,"N",$L$2:L105,"Y"),"")
... A154: EMP-0161 | B154: Zekiah Robinson | C154: 2:00 PM | D154: Thu, Fri | E154: N | F154: N | G154: Y | H154: None | I154: N | J154: N | K154: N | L154: Y | M154: Standard | P154: Y | T154: N | U154: =IF($B154="","",IF(AND($G154="Y",ISERROR(SEARCH(TEXT('Control Center'!$B$3,"ddd"),TRIM($D154)))),"Y","N")) | V154: =IF($B154="","",IF(AND($U154="Y",OR($C154="3:45 AM",$C154="5:45 AM"),OR('Control Center'!$B$4="N",$K154<>"Y")),"Y","N")) | W154: =IF($B154="","",IF(AND($U154="Y",OR($C154="12:15 PM",$C154="2:00 PM"),OR('Control Center'!$B$5="N",$K154<>"Y")),"Y","N")) | AB154: =IF($B154="","",IF($P154="Y",IF($Y154="Y","Completed","In Progress"),"")) | AC154: =IF($B154="","",IF(COUNTIFS('Approved Absences'!$A$2:$A$200,$B154,'Approved Absences'!$B$2:$B$200,"<="&INT('Control Center'!$B$3),'Approved Absences'!$C$2:$C$200,">="&INT('Control Center'!$B$3))>0,"Y","N")) | AD154: =IF($B154="","",IF(AND($G154="Y",$AC154<>"Y",ISERROR(SEARCH(TEXT('Control Center'!$B$3,"ddd"),TRIM($D154)))),"Y","N")) | AE154: =IF(AND(AD154="Y",C154="3:45 AM",E154="N",K154<>"Y"),COUNTIFS($AD$2:AD154,"Y",$C$2:C154,"3:45 AM",$E$2:E154,"N",$K$2:K154,"<>Y"),"") | AF154: =IF(AND(AD154="Y",C154="5:45 AM",E154="N",K154<>"Y"),COUNTIFS($AD$2:AD154,"Y",$C$2:C154,"5:45 AM",$E$2:E154,"N",$K$2:K154,"<>Y"),"") | AG154: =IF(AND(AD154="Y",C154="3:45 AM",E154="N",L154="Y",K154<>"Y"),COUNTIFS($AD$2:AD154,"Y",$C$2:C154,"3:45 AM",$E$2:E154,"N",$L$2:L154,"Y",$K$2:K154,"<>Y"),"") | AH154: =IF(AND(AD154="Y",C154="5:45 AM",E154="N",L154="Y",K154<>"Y"),COUNTIFS($AD$2:AD154,"Y",$C$2:C154,"5:45 AM",$E$2:E154,"N",$L$2:L154,"Y",$K$2:K154,"<>Y"),"") | AI154: =IF(AND(AD154="Y",E154="N",K154="Y",OR(C154="3:45 AM",C154="5:45 AM")),SUMPRODUCT(($AD$2:AD154="Y")*($E$2:E154="N")*($K$2:K154="Y")*(($C$2:C154="3:45 AM")+($C$2:C154="5:45 AM"))), "") | AJ154: =IF(AND(AD154="Y",C154="3:45 AM",E154="N",J154="Y"),COUNTIFS($AD$2:AD154,"Y",$C$2:C154,"3:45 AM",$E$2:E154,"N",$J$2:J154,"Y"),"") | AK154: =IF(AND(AD154="Y",E154="N",I154="Y",OR(C154="3:45 AM",C154="5:45 AM")),SUMPRODUCT(($AD$2:AD154="Y")*($E$2:E154="N")*($I$2:I154="Y")*(($C$2:C154="3:45 AM")+($C$2:C154="5:45 AM"))), "") | AL154: =IF(AND(AD154="Y",C154="12:15 PM",E154="N",K154<>"Y"),COUNTIFS($AD$2:AD154,"Y",$C$2:C154,"12:15 PM",$E$2:E154,"N",$K$2:K154,"<>Y"),"") | AM154: =IF(AND(AD154="Y",C154="2:00 PM",E154="N",K154<>"Y"),COUNTIFS($AD$2:AD154,"Y",$C$2:C154,"2:00 PM",$E$2:E154,"N",$K$2:K154,"<>Y"),"") | AN154: =IF(AND(AD154="Y",E154="N",K154="Y",OR(C154="12:15 PM",C154="2:00 PM")),SUMPRODUCT(($AD$2:AD154="Y")*($E$2:E154="N")*($K$2:K154="Y")*(($C$2:C154="12:15 PM")+($C$2:C154="2:00 PM"))), "") | AO154: =IF(AND(AD154="Y",C154="12:15 PM",E154="N",L154="Y"),COUNTIFS($AD$2:AD154,"Y",$C$2:C154,"12:15 PM",$E$2:E154,"N",$L$2:L154,"Y"),"") | AP154: =IF(AND(AD154="Y",C154="2:00 PM",E154="N",L154="Y"),COUNTIFS($AD$2:AD154,"Y",$C$2:C154,"2:00 PM",$E$2:E154,"N",$L$2:L154,"Y"),"")
A155: EMP-0162 | B155: Bousso Dioum | C155: 2:00 PM | D155: Wed, Thu | E155: N | F155: N | G155: Y | H155: None | I155: N | J155: N | K155: N | L155: Y | M155: Standard | P155: N | T155: N | U155: =IF($B155="","",IF(AND($G155="Y",ISERROR(SEARCH(TEXT('Control Center'!$B$3,"ddd"),TRIM($D155)))),"Y","N")) | V155: =IF($B155="","",IF(AND($U155="Y",OR($C155="3:45 AM",$C155="5:45 AM"),OR('Control Center'!$B$4="N",$K155<>"Y")),"Y","N")) | W155: =IF($B155="","",IF(AND($U155="Y",OR($C155="12:15 PM",$C155="2:00 PM"),OR('Control Center'!$B$5="N",$K155<>"Y")),"Y","N")) | X155: 46221 | Y155: Y | AB155: =IF($B155="","",IF($P155="Y",IF($Y155="Y","Completed","In Progress"),"")) | AC155: =IF($B155="","",IF(COUNTIFS('Approved Absences'!$A$2:$A$200,$B155,'Approved Absences'!$B$2:$B$200,"<="&INT('Control Center'!$B$3),'Approved Absences'!$C$2:$C$200,">="&INT('Control Center'!$B$3))>0,"Y","N")) | AD155: =IF($B155="","",IF(AND($G155="Y",$AC155<>"Y",ISERROR(SEARCH(TEXT('Control Center'!$B$3,"ddd"),TRIM($D155)))),"Y","N")) | AE155: =IF(AND(AD155="Y",C155="3:45 AM",E155="N",K155<>"Y"),COUNTIFS($AD$2:AD155,"Y",$C$2:C155,"3:45 AM",$E$2:E155,"N",$K$2:K155,"<>Y"),"") | AF155: =IF(AND(AD155="Y",C155="5:45 AM",E155="N",K155<>"Y"),COUNTIFS($AD$2:AD155,"Y",$C$2:C155,"5:45 AM",$E$2:E155,"N",$K$2:K155,"<>Y"),"") | AG155: =IF(AND(AD155="Y",C155="3:45 AM",E155="N",L155="Y",K155<>"Y"),COUNTIFS($AD$2:AD155,"Y",$C$2:C155,"3:45 AM",$E$2:E155,"N",$L$2:L155,"Y",$K$2:K155,"<>Y"),"") | AH155: =IF(AND(AD155="Y",C155="5:45 AM",E155="N",L155="Y",K155<>"Y"),COUNTIFS($AD$2:AD155,"Y",$C$2:C155,"5:45 AM",$E$2:E155,"N",$L$2:L155,"Y",$K$2:K155,"<>Y"),"") | AI155: =IF(AND(AD155="Y",E155="N",K155="Y",OR(C155="3:45 AM",C155="5:45 AM")),SUMPRODUCT(($AD$2:AD155="Y")*($E$2:E155="N")*($K$2:K155="Y")*(($C$2:C155="3:45 AM")+($C$2:C155="5:45 AM"))), "") | AJ155: =IF(AND(AD155="Y",C155="3:45 AM",E155="N",J155="Y"),COUNTIFS($AD$2:AD155,"Y",$C$2:C155,"3:45 AM",$E$2:E155,"N",$J$2:J155,"Y"),"") | AK155: =IF(AND(AD155="Y",E155="N",I155="Y",OR(C155="3:45 AM",C155="5:45 AM")),SUMPRODUCT(($AD$2:AD155="Y")*($E$2:E155="N")*($I$2:I155="Y")*(($C$2:C155="3:45 AM")+($C$2:C155="5:45 AM"))), "") | AL155: =IF(AND(AD155="Y",C155="12:15 PM",E155="N",K155<>"Y"),COUNTIFS($AD$2:AD155,"Y",$C$2:C155,"12:15 PM",$E$2:E155,"N",$K$2:K155,"<>Y"),"") | AM155: =IF(AND(AD155="Y",C155="2:00 PM",E155="N",K155<>"Y"),COUNTIFS($AD$2:AD155,"Y",$C$2:C155,"2:00 PM",$E$2:E155,"N",$K$2:K155,"<>Y"),"") | AN155: =IF(AND(AD155="Y",E155="N",K155="Y",OR(C155="12:15 PM",C155="2:00 PM")),SUMPRODUCT(($AD$2:AD155="Y")*($E$2:E155="N")*($K$2:K155="Y")*(($C$2:C155="12:15 PM")+($C$2:C155="2:00 PM"))), "") | AO155: =IF(AND(AD155="Y",C155="12:15 PM",E155="N",L155="Y"),COUNTIFS($AD$2:AD155,"Y",$C$2:C155,"12:15 PM",$E$2:E155,"N",$L$2:L155,"Y"),"") | AP155: =IF(AND(AD155="Y",C155="2:00 PM",E155="N",L155="Y"),COUNTIFS($AD$2:AD155,"Y",$C$2:C155,"2:00 PM",$E$2:E155,"N",$L$2:L155,"Y"),"")
A156: EMP-0163 | B156: Malick Sy | C156: 2:00 PM | D156: Sun, Mon | E156: N | F156: N | G156: Y | H156: None | I156: N | J156: N | K156: N | L156: Y | M156: Standard | P156: Y | T156: N | U156: =IF($B156="","",IF(AND($G156="Y",ISERROR(SEARCH(TEXT('Control Center'!$B$3,"ddd"),TRIM($D156)))),"Y","N")) | V156: =IF($B156="","",IF(AND($U156="Y",OR($C156="3:45 AM",$C156="5:45 AM"),OR('Control Center'!$B$4="N",$K156<>"Y")),"Y","N")) | W156: =IF($B156="","",IF(AND($U156="Y",OR($C156="12:15 PM",$C156="2:00 PM"),OR('Control Center'!$B$5="N",$K156<>"Y")),"Y","N")) | AB156: =IF($B156="","",IF($P156="Y",IF($Y156="Y","Completed","In Progress"),"")) | AC156: =IF($B156="","",IF(COUNTIFS('Approved Absences'!$A$2:$A$200,$B156,'Approved Absences'!$B$2:$B$200,"<="&INT('Control Center'!$B$3),'Approved Absences'!$C$2:$C$200,">="&INT('Control Center'!$B$3))>0,"Y","N")) | AD156: =IF($B156="","",IF(AND($G156="Y",$AC156<>"Y",ISERROR(SEARCH(TEXT('Control Center'!$B$3,"ddd"),TRIM($D156)))),"Y","N")) | AE156: =IF(AND(AD156="Y",C156="3:45 AM",E156="N",K156<>"Y"),COUNTIFS($AD$2:AD156,"Y",$C$2:C156,"3:45 AM",$E$2:E156,"N",$K$2:K156,"<>Y"),"") | AF156: =IF(AND(AD156="Y",C156="5:45 AM",E156="N",K156<>"Y"),COUNTIFS($AD$2:AD156,"Y",$C$2:C156,"5:45 AM",$E$2:E156,"N",$K$2:K156,"<>Y"),"") | AG156: =IF(AND(AD156="Y",C156="3:45 AM",E156="N",L156="Y",K156<>"Y"),COUNTIFS($AD$2:AD156,"Y",$C$2:C156,"3:45 AM",$E$2:E156,"N",$L$2:L156,"Y",$K$2:K156,"<>Y"),"") | AH156: =IF(AND(AD156="Y",C156="5:45 AM",E156="N",L156="Y",K156<>"Y"),COUNTIFS($AD$2:AD156,"Y",$C$2:C156,"5:45 AM",$E$2:E156,"N",$L$2:L156,"Y",$K$2:K156,"<>Y"),"") | AI156: =IF(AND(AD156="Y",E156="N",K156="Y",OR(C156="3:45 AM",C156="5:45 AM")),SUMPRODUCT(($AD$2:AD156="Y")*($E$2:E156="N")*($K$2:K156="Y")*(($C$2:C156="3:45 AM")+($C$2:C156="5:45 AM"))), "") | AJ156: =IF(AND(AD156="Y",C156="3:45 AM",E156="N",J156="Y"),COUNTIFS($AD$2:AD156,"Y",$C$2:C156,"3:45 AM",$E$2:E156,"N",$J$2:J156,"Y"),"") | AK156: =IF(AND(AD156="Y",E156="N",I156="Y",OR(C156="3:45 AM",C156="5:45 AM")),SUMPRODUCT(($AD$2:AD156="Y")*($E$2:E156="N")*($I$2:I156="Y")*(($C$2:C156="3:45 AM")+($C$2:C156="5:45 AM"))), "") | AL156: =IF(AND(AD156="Y",C156="12:15 PM",E156="N",K156<>"Y"),COUNTIFS($AD$2:AD156,"Y",$C$2:C156,"12:15 PM",$E$2:E156,"N",$K$2:K156,"<>Y"),"") | AM156: =IF(AND(AD156="Y",C156="2:00 PM",E156="N",K156<>"Y"),COUNTIFS($AD$2:AD156,"Y",$C$2:C156,"2:00 PM",$E$2:E156,"N",$K$2:K156,"<>Y"),"") | AN156: =IF(AND(AD156="Y",E156="N",K156="Y",OR(C156="12:15 PM",C156="2:00 PM")),SUMPRODUCT(($AD$2:AD156="Y")*($E$2:E156="N")*($K$2:K156="Y")*(($C$2:C156="12:15 PM")+($C$2:C156="2:00 PM"))), "") | AO156: =IF(AND(AD156="Y",C156="12:15 PM",E156="N",L156="Y"),COUNTIFS($AD$2:AD156,"Y",$C$2:C156,"12:15 PM",$E$2:E156,"N",$L$2:L156,"Y"),"") | AP156: =IF(AND(AD156="Y",C156="2:00 PM",E156="N",L156="Y"),COUNTIFS($AD$2:AD156,"Y",$C$2:C156,"2:00 PM",$E$2:E156,"N",$L$2:L156,"Y"),"")
A157: EMP-0164 | B157: Jordan Gilley | C157: 2:00 PM | D157: Tue, Wed | E157: N | F157: N | G157: Y | H157: None | I157: N | J157: N | K157: N | L157: Y | M157: Standard | P157: N | T157: N | U157: =IF($B157="","",IF(AND($G157="Y",ISERROR(SEARCH(TEXT('Control Center'!$B$3,"ddd"),TRIM($D157)))),"Y","N")) | V157: =IF($B157="","",IF(AND($U157="Y",OR($C157="3:45 AM",$C157="5:45 AM"),OR('Control Center'!$B$4="N",$K157<>"Y")),"Y","N")) | W157: =IF($B157="","",IF(AND($U157="Y",OR($C157="12:15 PM",$C157="2:00 PM"),OR('Control Center'!$B$5="N",$K157<>"Y")),"Y","N")) | X157: 46221 | Y157: Y | AB157: =IF($B157="","",IF($P157="Y",IF($Y157="Y","Completed","In Progress"),"")) | AC157: =IF($B157="","",IF(COUNTIFS('Approved Absences'!$A$2:$A$200,$B157,'Approved Absences'!$B$2:$B$200,"<="&INT('Control Center'!$B$3),'Approved Absences'!$C$2:$C$200,">="&INT('Control Center'!$B$3))>0,"Y","N")) | AD157: =IF($B157="","",IF(AND($G157="Y",$AC157<>"Y",ISERROR(SEARCH(TEXT('Control Center'!$B$3,"ddd"),TRIM($D157)))),"Y","N")) | AE157: =IF(AND(AD157="Y",C157="3:45 AM",E157="N",K157<>"Y"),COUNTIFS($AD$2:AD157,"Y",$C$2:C157,"3:45 AM",$E$2:E157,"N",$K$2:K157,"<>Y"),"") | AF157: =IF(AND(AD157="Y",C157="5:45 AM",E157="N",K157<>"Y"),COUNTIFS($AD$2:AD157,"Y",$C$2:C157,"5:45 AM",$E$2:E157,"N",$K$2:K157,"<>Y"),"") | AG157: =IF(AND(AD157="Y",C157="3:45 AM",E157="N",L157="Y",K157<>"Y"),COUNTIFS($AD$2:AD157,"Y",$C$2:C157,"3:45 AM",$E$2:E157,"N",$L$2:L157,"Y",$K$2:K157,"<>Y"),"") | AH157: =IF(AND(AD157="Y",C157="5:45 AM",E157="N",L157="Y",K157<>"Y"),COUNTIFS($AD$2:AD157,"Y",$C$2:C157,"5:45 AM",$E$2:E157,"N",$L$2:L157,"Y",$K$2:K157,"<>Y"),"") | AI157: =IF(AND(AD157="Y",E157="N",K157="Y",OR(C157="3:45 AM",C157="5:45 AM")),SUMPRODUCT(($AD$2:AD157="Y")*($E$2:E157="N")*($K$2:K157="Y")*(($C$2:C157="3:45 AM")+($C$2:C157="5:45 AM"))), "") | AJ157: =IF(AND(AD157="Y",C157="3:45 AM",E157="N",J157="Y"),COUNTIFS($AD$2:AD157,"Y",$C$2:C157,"3:45 AM",$E$2:E157,"N",$J$2:J157,"Y"),"") | AK157: =IF(AND(AD157="Y",E157="N",I157="Y",OR(C157="3:45 AM",C157="5:45 AM")),SUMPRODUCT(($AD$2:AD157="Y")*($E$2:E157="N")*($I$2:I157="Y")*(($C$2:C157="3:45 AM")+($C$2:C157="5:45 AM"))), "") | AL157: =IF(AND(AD157="Y",C157="12:15 PM",E157="N",K157<>"Y"),COUNTIFS($AD$2:AD157,"Y",$C$2:C157,"12:15 PM",$E$2:E157,"N",$K$2:K157,"<>Y"),"") | AM157: =IF(AND(AD157="Y",C157="2:00 PM",E157="N",K157<>"Y"),COUNTIFS($AD$2:AD157,"Y",$C$2:C157,"2:00 PM",$E$2:E157,"N",$K$2:K157,"<>Y"),"") | AN157: =IF(AND(AD157="Y",E157="N",K157="Y",OR(C157="12:15 PM",C157="2:00 PM")),SUMPRODUCT(($AD$2:AD157="Y")*($E$2:E157="N")*($K$2:K157="Y")*(($C$2:C157="12:15 PM")+($C$2:C157="2:00 PM"))), "") | AO157: =IF(AND(AD157="Y",C157="12:15 PM",E157="N",L157="Y"),COUNTIFS($AD$2:AD157,"Y",$C$2:C157,"12:15 PM",$E$2:E157,"N",$L$2:L157,"Y"),"") | AP157: =IF(AND(AD157="Y",C157="2:00 PM",E157="N",L157="Y"),COUNTIFS($AD$2:AD157,"Y",$C$2:C157,"2:00 PM",$E$2:E157,"N",$L$2:L157,"Y"),"")
A158: EMP-0165 | B158: Lashawn Jones | C158: 5:45 AM | D158: Wed, Thu | E158: N | F158: N | G158: Y | H158: None | I158: N | J158: Y | K158: N | L158: Y | M158: Standard | P158: N | U158: =IF($B158="","",IF(AND($G158="Y",ISERROR(SEARCH(TEXT('Control Center'!$B$3,"ddd"),TRIM($D158)))),"Y","N")) | V158: =IF($B158="","",IF(AND($U158="Y",OR($C158="3:45 AM",$C158="5:45 AM"),OR('Control Center'!$B$4="N",$K158<>"Y")),"Y","N")) | W158: =IF($B158="","",IF(AND($U158="Y",OR($C158="12:15 PM",$C158="2:00 PM"),OR('Control Center'!$B$5="N",$K158<>"Y")),"Y","N")) | AB158: =IF($B158="","",IF($P158="Y",IF($Y158="Y","Completed","In Progress"),"")) | AC158: =IF($B158="","",IF(COUNTIFS('Approved Absences'!$A$2:$A$200,$B158,'Approved Absences'!$B$2:$B$200,"<="&INT('Control Center'!$B$3),'Approved Absences'!$C$2:$C$200,">="&INT('Control Center'!$B$3))>0,"Y","N")) | AD158: =IF($B158="","",IF(AND($G158="Y",$AC158<>"Y",ISERROR(SEARCH(TEXT('Control Center'!$B$3,"ddd"),TRIM($D158)))),"Y","N")) | AE158: =IF(AND(AD158="Y",C158="3:45 AM",E158="N",K158<>"Y"),COUNTIFS($AD$2:AD158,"Y",$C$2:C158,"3:45 AM",$E$2:E158,"N",$K$2:K158,"<>Y"),"") | AF158: =IF(AND(AD158="Y",C158="5:45 AM",E158="N",K158<>"Y"),COUNTIFS($AD$2:AD158,"Y",$C$2:C158,"5:45 AM",$E$2:E158,"N",$K$2:K158,"<>Y"),"") | AG158: =IF(AND(AD158="Y",C158="3:45 AM",E158="N",L158="Y",K158<>"Y"),COUNTIFS($AD$2:AD158,"Y",$C$2:C158,"3:45 AM",$E$2:E158,"N",$L$2:L158,"Y",$K$2:K158,"<>Y"),"") | AH158: =IF(AND(AD158="Y",C158="5:45 AM",E158="N",L158="Y",K158<>"Y"),COUNTIFS($AD$2:AD158,"Y",$C$2:C158,"5:45 AM",$E$2:E158,"N",$L$2:L158,"Y",$K$2:K158,"<>Y"),"") | AI158: =IF(AND(AD158="Y",E158="N",K158="Y",OR(C158="3:45 AM",C158="5:45 AM")),SUMPRODUCT(($AD$2:AD158="Y")*($E$2:E158="N")*($K$2:K158="Y")*(($C$2:C158="3:45 AM")+($C$2:C158="5:45 AM"))), "") | AJ158: =IF(AND(AD158="Y",C158="3:45 AM",E158="N",J158="Y"),COUNTIFS($AD$2:AD158,"Y",$C$2:C158,"3:45 AM",$E$2:E158,"N",$J$2:J158,"Y"),"") | AK158: =IF(AND(AD158="Y",E158="N",I158="Y",OR(C158="3:45 AM",C158="5:45 AM")),SUMPRODUCT(($AD$2:AD158="Y")*($E$2:E158="N")*($I$2:I158="Y")*(($C$2:C158="3:45 AM")+($C$2:C158="5:45 AM"))), "") | AL158: =IF(AND(AD158="Y",C158="12:15 PM",E158="N",K158<>"Y"),COUNTIFS($AD$2:AD158,"Y",$C$2:C158,"12:15 PM",$E$2:E158,"N",$K$2:K158,"<>Y"),"") | AM158: =IF(AND(AD158="Y",C158="2:00 PM",E158="N",K158<>"Y"),COUNTIFS($AD$2:AD158,"Y",$C$2:C158,"2:00 PM",$E$2:E158,"N",$K$2:K158,"<>Y"),"") | AN158: =IF(AND(AD158="Y",E158="N",K158="Y",OR(C158="12:15 PM",C158="2:00 PM")),SUMPRODUCT(($AD$2:AD158="Y")*($E$2:E158="N")*($K$2:K158="Y")*(($C$2:C158="12:15 PM")+($C$2:C158="2:00 PM"))), "") | AO158: =IF(AND(AD158="Y",C158="12:15 PM",E158="N",L158="Y"),COUNTIFS($AD$2:AD158,"Y",$C$2:C158,"12:15 PM",$E$2:E158,"N",$L$2:L158,"Y"),"") | AP158: =IF(AND(AD158="Y",C158="2:00 PM",E158="N",L158="Y"),COUNTIFS($AD$2:AD158,"Y",$C$2:C158,"2:00 PM",$E$2:E158,"N",$L$2:L158,"Y"),"")
A159: EMP-0166 | B159: George Whitehead | C159: 5:45 AM | D159: Sat, Sun | E159: N | F159: N | G159: Y | H159: None | I159: N | J159: Y | K159: N | L159: Y | M159: Standard | P159: N | U159: =IF($B159="","",IF(AND($G159="Y",ISERROR(SEARCH(TEXT('Control Center'!$B$3,"ddd"),TRIM($D159)))),"Y","N")) | V159: =IF($B159="","",IF(AND($U159="Y",OR($C159="3:45 AM",$C159="5:45 AM"),OR('Control Center'!$B$4="N",$K159<>"Y")),"Y","N")) | W159: =IF($B159="","",IF(AND($U159="Y",OR($C159="12:15 PM",$C159="2:00 PM"),OR('Control Center'!$B$5="N",$K159<>"Y")),"Y","N")) | AB159: =IF($B159="","",IF($P159="Y",IF($Y159="Y","Completed","In Progress"),"")) | AC159: =IF($B159="","",IF(COUNTIFS('Approved Absences'!$A$2:$A$200,$B159,'Approved Absences'!$B$2:$B$200,"<="&INT('Control Center'!$B$3),'Approved Absences'!$C$2:$C$200,">="&INT('Control Center'!$B$3))>0,"Y","N")) | AD159: =IF($B159="","",IF(AND($G159="Y",$AC159<>"Y",ISERROR(SEARCH(TEXT('Control Center'!$B$3,"ddd"),TRIM($D159)))),"Y","N")) | AE159: =IF(AND(AD159="Y",C159="3:45 AM",E159="N",K159<>"Y"),COUNTIFS($AD$2:AD159,"Y",$C$2:C159,"3:45 AM",$E$2:E159,"N",$K$2:K159,"<>Y"),"") | AF159: =IF(AND(AD159="Y",C159="5:45 AM",E159="N",K159<>"Y"),COUNTIFS($AD$2:AD159,"Y",$C$2:C159,"5:45 AM",$E$2:E159,"N",$K$2:K159,"<>Y"),"") | AG159: =IF(AND(AD159="Y",C159="3:45 AM",E159="N",L159="Y",K159<>"Y"),COUNTIFS($AD$2:AD159,"Y",$C$2:C159,"3:45 AM",$E$2:E159,"N",$L$2:L159,"Y",$K$2:K159,"<>Y"),"") | AH159: =IF(AND(AD159="Y",C159="5:45 AM",E159="N",L159="Y",K159<>"Y"),COUNTIFS($AD$2:AD159,"Y",$C$2:C159,"5:45 AM",$E$2:E159,"N",$L$2:L159,"Y",$K$2:K159,"<>Y"),"") | AI159: =IF(AND(AD159="Y",E159="N",K159="Y",OR(C159="3:45 AM",C159="5:45 AM")),SUMPRODUCT(($AD$2:AD159="Y")*($E$2:E159="N")*($K$2:K159="Y")*(($C$2:C159="3:45 AM")+($C$2:C159="5:45 AM"))), "") | AJ159: =IF(AND(AD159="Y",C159="3:45 AM",E159="N",J159="Y"),COUNTIFS($AD$2:AD159,"Y",$C$2:C159,"3:45 AM",$E$2:E159,"N",$J$2:J159,"Y"),"") | AK159: =IF(AND(AD159="Y",E159="N",I159="Y",OR(C159="3:45 AM",C159="5:45 AM")),SUMPRODUCT(($AD$2:AD159="Y")*($E$2:E159="N")*($I$2:I159="Y")*(($C$2:C159="3:45 AM")+($C$2:C159="5:45 AM"))), "") | AL159: =IF(AND(AD159="Y",C159="12:15 PM",E159="N",K159<>"Y"),COUNTIFS($AD$2:AD159,"Y",$C$2:C159,"12:15 PM",$E$2:E159,"N",$K$2:K159,"<>Y"),"") | AM159: =IF(AND(AD159="Y",C159="2:00 PM",E159="N",K159<>"Y"),COUNTIFS($AD$2:AD159,"Y",$C$2:C159,"2:00 PM",$E$2:E159,"N",$K$2:K159,"<>Y"),"") | AN159: =IF(AND(AD159="Y",E159="N",K159="Y",OR(C159="12:15 PM",C159="2:00 PM")),SUMPRODUCT(($AD$2:AD159="Y")*($E$2:E159="N")*($K$2:K159="Y")*(($C$2:C159="12:15 PM")+($C$2:C159="2:00 PM"))), "") | AO159: =IF(AND(AD159="Y",C159="12:15 PM",E159="N",L159="Y"),COUNTIFS($AD$2:AD159,"Y",$C$2:C159,"12:15 PM",$E$2:E159,"N",$L$2:L159,"Y"),"") | AP159: =IF(AND(AD159="Y",C159="2:00 PM",E159="N",L159="Y"),COUNTIFS($AD$2:AD159,"Y",$C$2:C159,"2:00 PM",$E$2:E159,"N",$L$2:L159,"Y"),"")
U160: =IF($B160="","",IF(AND($G160="Y",ISERROR(SEARCH(TEXT('Control Center'!$B$3,"ddd"),TRIM($D160)))),"Y","N")) | V160: =IF($B160="","",IF(AND($U160="Y",OR($C160="3:45 AM",$C160="5:45 AM"),OR('Control Center'!$B$4="N",$K160<>"Y")),"Y","N")) | W160: =IF($B160="","",IF(AND($U160="Y",OR($C160="12:15 PM",$C160="2:00 PM"),OR('Control Center'!$B$5="N",$K160<>"Y")),"Y","N")) | AB160: =IF($B160="","",IF($P160="Y",IF($Y160="Y","Completed","In Progress"),"")) | AC160: =IF($B160="","",IF(COUNTIFS('Approved Absences'!$A$2:$A$200,$B160,'Approved Absences'!$B$2:$B$200,"<="&INT('Control Center'!$B$3),'Approved Absences'!$C$2:$C$200,">="&INT('Control Center'!$B$3))>0,"Y","N")) | AD160: =IF($B160="","",IF(AND($G160="Y",$AC160<>"Y",ISERROR(SEARCH(TEXT('Control Center'!$B$3,"ddd"),TRIM($D160)))),"Y","N"))
