Workbook

Sheet Coverage Rules
A1: RotationOps – Hard Coverage Rules (v1.1)
A2: These rules are mandatory. Any schedule that violates them is invalid. The Tier1 Break Conflict Check sheet will flag violations automatically.
A4: 1. Non-Negotiable Priority
A5: Tier 1 positions must never be left unstaffed for any time interval (including lunch/break windows). Any schedule that leaves a Tier 1 empty is invalid and must be rejected or repaired.
A7: 2. Input Data Required
A8: Employee Master + Daily Workforce (Present status, shift start, qualifications, Lead/Mentor) Position Library (Tier, Priority Relief Required) Position Relationships (ordered relief chain Priority 1–5) Designated lunch windows by shift start Qualification Matrix (especially Divest = Y) 30-day fairness metrics (for Divest ranking only)
A10: 3. Assignment Order (strict)
A11: 1. Assign all Tier 1 positions first (including Divest 46–52). 2. Assign remaining positions by Tier (2 → 3 → 4). 3. Only after every position has a primary assignee, assign lunches. 4. Lower-tier positions may be left temporarily empty only if required to keep a Tier 1 covered.
A13: 4. Divest-Specific Rules (Positions 46–52)
A14: • All seven Divest positions must open with qualified 3:45 AM staff only. • At 5:45 AM a fairness-ranked qualified employee takes over each Divest position. • The original 3:45 opener is released to the takeover employee’s previous position. • Every Divest core employee must receive a dedicated lunch reliever who: – Is Divest-qualified (or meets the relief qualification), – Comes from a lower-tier position, – Has a DIFFERENT lunch wave than the core employee. • No two Divest cores (or a core and its only remaining valid reliever) may share the same lunch wave.
A16: 5. General Lunch Assignment Rules
A17: • Preferred lunch windows come from the designated break times by shift start. • Preference is SECONDARY to coverage. If the preferred window would leave any Tier 1 uncovered, move the lunch to a different valid window. • Before finalizing any lunch, build the live relief graph from Position Relationships + current assignments. • Mutual-exclusion constraint: Two employees may NOT share a lunch wave if they are the only remaining valid coverage for the same Tier 1, or if they sit in each other’s critical relief chain such that simultaneous absence would leave a Tier 1 empty. • After all lunches are assigned, simulate the entire day in 15-minute increments. Any Tier 1 that would be empty → schedule is invalid → force re-assignment of conflicting lunches.
... A26: When ranking 5:45 AM takeover candidates for Divest, use 30-day metrics in this order: 1. Lowest 30-day Divest hours 2. Lowest number of Divest days 3. Lowest consecutive Divest days 4. Lowest number of opening assignments 5. Lowest lunch-relief assignments

Sheet Tier1 Break Conflict Check
A1: Tier 1 Break / Lunch Conflict Detector
A2: This sheet automatically flags any Tier 1 position where the assigned employee and their designated relief share the same lunch window, or where Break Coverage is not COVERED. Red = VIOLATION. Green = OK. Yellow = needs attention (no relief assigned).
A4: Position ID | B4: Area | C4: Position | D4: Tier | E4: Assigned Employee ID | F4: Assigned Employee | G4: Assigned Lunch | H4: Relief Position ID | I4: Relief Employee | J4: Relief Lunch (lookup) | K4: Break Coverage Status | L4: CONFLICT FLAG
A5: 1 | B5: =IFERROR(INDEX('Position Library'!$B$2:$B$53,MATCH(A5,'Position Library'!$A$2:$A$53,0)),"") -> Main Security Checkpoint | C5: =IFERROR(INDEX('Position Library'!$C$2:$C$53,MATCH(A5,'Position Library'!$A$2:$A$53,0)),"") -> Front Entrance | D5: =IFERROR(INDEX('Position Library'!$D$2:$D$53,MATCH(A5,'Position Library'!$A$2:$A$53,0)),"") -> Tier 1 | E5: =IFERROR(INDEX('Daily Schedule'!$F$6:$F$57,MATCH(A5,'Daily Schedule'!$A$6:$A$57,0)),"") -> EMP-0059 | F5: =IFERROR(INDEX('Daily Schedule'!$G$6:$G$57,MATCH(A5,'Daily Schedule'!$A$6:$A$57,0)),"") -> Emonnie Dorsey | G5: =IFERROR(INDEX('Daily Schedule'!$N$6:$N$57,MATCH(A5,'Daily Schedule'!$A$6:$A$57,0)),"") -> 8:00 AM | H5: =IFERROR(INDEX('Daily Schedule'!$O$6:$O$57,MATCH(A5,'Daily Schedule'!$A$6:$A$57,0)),"") -> 9 | I5: =IFERROR(INDEX('Daily Schedule'!$P$6:$P$57,MATCH(A5,'Daily Schedule'!$A$6:$A$57,0)),"") -> EMP-0018 | J5: =IF(I5="","",IFERROR(INDEX('Daily Schedule'!$N$6:$N$57,MATCH(I5,'Daily Schedule'!$G$6:$G$57,0)),IFERROR(INDEX('Daily Schedule'!$N$6:$N$57,MATCH(I5,'Daily Schedule'!$F$6:$F$57,0)),""))) -> 9:00 AM | K5: =IFERROR(INDEX('Daily Schedule'!$Q$6:$Q$57,MATCH(A5,'Daily Schedule'!$A$6:$A$57,0)),"") -> COVERED | L5: =IF(E5="","NO ASSIGNEE",IF(AND(G5<>"",J5<>"",G5=J5),"VIOLATION – SAME LUNCH",IF(OR(K5="RELIEF GAP",K5="POSITION UNFILLED",K5=""),IF(OR(H5="",I5=""),"VIOLATION – NO RELIEF","CHECK MANUALLY"),IF(K5="COVERED","OK","CHECK MANUALLY")))) -> OK
A6: 2 | B6: =IFERROR(INDEX('Position Library'!$B$2:$B$53,MATCH(A6,'Position Library'!$A$2:$A$53,0)),"") -> Main Security Checkpoint | C6: =IFERROR(INDEX('Position Library'!$C$2:$C$53,MATCH(A6,'Position Library'!$A$2:$A$53,0)),"") -> ADA Entrance | D6: =IFERROR(INDEX('Position Library'!$D$2:$D$53,MATCH(A6,'Position Library'!$A$2:$A$53,0)),"") -> Tier 1 | E6: =IFERROR(INDEX('Daily Schedule'!$F$6:$F$57,MATCH(A6,'Daily Schedule'!$A$6:$A$57,0)),"") -> EMP-0067 | F6: =IFERROR(INDEX('Daily Schedule'!$G$6:$G$57,MATCH(A6,'Daily Schedule'!$A$6:$A$57,0)),"") -> Haddyjatou Ndure | G6: =IFERROR(INDEX('Daily Schedule'!$N$6:$N$57,MATCH(A6,'Daily Schedule'!$A$6:$A$57,0)),"") -> 9:00 AM | H6: =IFERROR(INDEX('Daily Schedule'!$O$6:$O$57,MATCH(A6,'Daily Schedule'!$A$6:$A$57,0)),"") | I6: =IFERROR(INDEX('Daily Schedule'!$P$6:$P$57,MATCH(A6,'Daily Schedule'!$A$6:$A$57,0)),"") | J6: =IF(I6="","",IFERROR(INDEX('Daily Schedule'!$N$6:$N$57,MATCH(I6,'Daily Schedule'!$G$6:$G$57,0)),IFERROR(INDEX('Daily Schedule'!$N$6:$N$57,MATCH(I6,'Daily Schedule'!$F$6:$F$57,0)),""))) | K6: =IFERROR(INDEX('Daily Schedule'!$Q$6:$Q$57,MATCH(A6,'Daily Schedule'!$A$6:$A$57,0)),"") -> RELIEF GAP | L6: =IF(E6="","NO ASSIGNEE",IF(AND(G6<>"",J6<>"",G6=J6),"VIOLATION – SAME LUNCH",IF(OR(K6="RELIEF GAP",K6="POSITION UNFILLED",K6=""),IF(OR(H6="",I6=""),"VIOLATION – NO RELIEF","CHECK MANUALLY"),IF(K6="COVERED","OK","CHECK MANUALLY")))) -> VIOLATION – NO RELIEF
A7: 4 | B7: =IFERROR(INDEX('Position Library'!$B$2:$B$53,MATCH(A7,'Position Library'!$A$2:$A$53,0)),"") -> Main Security Checkpoint | C7: =IFERROR(INDEX('Position Library'!$C$2:$C$53,MATCH(A7,'Position Library'!$A$2:$A$53,0)),"") -> Inside Center | D7: =IFERROR(INDEX('Position Library'!$D$2:$D$53,MATCH(A7,'Position Library'!$A$2:$A$53,0)),"") -> Tier 1 | E7: =IFERROR(INDEX('Daily Schedule'!$F$6:$F$57,MATCH(A7,'Daily Schedule'!$A$6:$A$57,0)),"") | F7: =IFERROR(INDEX('Daily Schedule'!$G$6:$G$57,MATCH(A7,'Daily Schedule'!$A$6:$A$57,0)),"") | G7: =IFERROR(INDEX('Daily Schedule'!$N$6:$N$57,MATCH(A7,'Daily Schedule'!$A$6:$A$57,0)),"") | H7: =IFERROR(INDEX('Daily Schedule'!$O$6:$O$57,MATCH(A7,'Daily Schedule'!$A$6:$A$57,0)),"") -> 5 | I7: =IFERROR(INDEX('Daily Schedule'!$P$6:$P$57,MATCH(A7,'Daily Schedule'!$A$6:$A$57,0)),"") -> EMP-0082 | J7: =IF(I7="","",IFERROR(INDEX('Daily Schedule'!$N$6:$N$57,MATCH(I7,'Daily Schedule'!$G$6:$G$57,0)),IFERROR(INDEX('Daily Schedule'!$N$6:$N$57,MATCH(I7,'Daily Schedule'!$F$6:$F$57,0)),""))) -> 8:00 AM | K7: =IFERROR(INDEX('Daily Schedule'!$Q$6:$Q$57,MATCH(A7,'Daily Schedule'!$A$6:$A$57,0)),"") -> POSITION UNFILLED | L7: =IF(E7="","NO ASSIGNEE",IF(AND(G7<>"",J7<>"",G7=J7),"VIOLATION – SAME LUNCH",IF(OR(K7="RELIEF GAP",K7="POSITION UNFILLED",K7=""),IF(OR(H7="",I7=""),"VIOLATION – NO RELIEF","CHECK MANUALLY"),IF(K7="COVERED","OK","CHECK MANUALLY")))) -> NO ASSIGNEE
A8: 5 | B8: =IFERROR(INDEX('Position Library'!$B$2:$B$53,MATCH(A8,'Position Library'!$A$2:$A$53,0)),"") -> Main Security Checkpoint | C8: =IFERROR(INDEX('Position Library'!$C$2:$C$53,MATCH(A8,'Position Library'!$A$2:$A$53,0)),"") -> Lanes 1 - 3 / Pre-Check | D8: =IFERROR(INDEX('Position Library'!$D$2:$D$53,MATCH(A8,'Position Library'!$A$2:$A$53,0)),"") -> Tier 1 | E8: =IFERROR(INDEX('Daily Schedule'!$F$6:$F$57,MATCH(A8,'Daily Schedule'!$A$6:$A$57,0)),"") -> EMP-0082 | F8: =IFERROR(INDEX('Daily Schedule'!$G$6:$G$57,MATCH(A8,'Daily Schedule'!$A$6:$A$57,0)),"") -> Kelon Arnold | G8: =IFERROR(INDEX('Daily Schedule'!$N$6:$N$57,MATCH(A8,'Daily Schedule'!$A$6:$A$57,0)),"") -> 8:00 AM | H8: =IFERROR(INDEX('Daily Schedule'!$O$6:$O$57,MATCH(A8,'Daily Schedule'!$A$6:$A$57,0)),"") -> 3 | I8: =IFERROR(INDEX('Daily Schedule'!$P$6:$P$57,MATCH(A8,'Daily Schedule'!$A$6:$A$57,0)),"") -> EMP-0009 | J8: =IF(I8="","",IFERROR(INDEX('Daily Schedule'!$N$6:$N$57,MATCH(I8,'Daily Schedule'!$G$6:$G$57,0)),IFERROR(INDEX('Daily Schedule'!$N$6:$N$57,MATCH(I8,'Daily Schedule'!$F$6:$F$57,0)),""))) -> 10:00 AM | K8: =IFERROR(INDEX('Daily Schedule'!$Q$6:$Q$57,MATCH(A8,'Daily Schedule'!$A$6:$A$57,0)),"") -> COVERED | L8: =IF(E8="","NO ASSIGNEE",IF(AND(G8<>"",J8<>"",G8=J8),"VIOLATION – SAME LUNCH",IF(OR(K8="RELIEF GAP",K8="POSITION UNFILLED",K8=""),IF(OR(H8="",I8=""),"VIOLATION – NO RELIEF","CHECK MANUALLY"),IF(K8="COVERED","OK","CHECK MANUALLY")))) -> OK
A9: 8 | B9: =IFERROR(INDEX('Position Library'!$B$2:$B$53,MATCH(A9,'Position Library'!$A$2:$A$53,0)),"") -> Main Security Checkpoint | C9: =IFERROR(INDEX('Position Library'!$C$2:$C$53,MATCH(A9,'Position Library'!$A$2:$A$53,0)),"") -> Inside Center | D9: =IFERROR(INDEX('Position Library'!$D$2:$D$53,MATCH(A9,'Position Library'!$A$2:$A$53,0)),"") -> Tier 1 | E9: =IFERROR(INDEX('Daily Schedule'!$F$6:$F$57,MATCH(A9,'Daily Schedule'!$A$6:$A$57,0)),"") | F9: =IFERROR(INDEX('Daily Schedule'!$G$6:$G$57,MATCH(A9,'Daily Schedule'!$A$6:$A$57,0)),"") | G9: =IFERROR(INDEX('Daily Schedule'!$N$6:$N$57,MATCH(A9,'Daily Schedule'!$A$6:$A$57,0)),"") | H9: =IFERROR(INDEX('Daily Schedule'!$O$6:$O$57,MATCH(A9,'Daily Schedule'!$A$6:$A$57,0)),"") -> 3 | I9: =IFERROR(INDEX('Daily Schedule'!$P$6:$P$57,MATCH(A9,'Daily Schedule'!$A$6:$A$57,0)),"") -> EMP-0009 | J9: =IF(I9="","",IFERROR(INDEX('Daily Schedule'!$N$6:$N$57,MATCH(I9,'Daily Schedule'!$G$6:$G$57,0)),IFERROR(INDEX('Daily Schedule'!$N$6:$N$57,MATCH(I9,'Daily Schedule'!$F$6:$F$57,0)),""))) -> 10:00 AM | K9: =IFERROR(INDEX('Daily Schedule'!$Q$6:$Q$57,MATCH(A9,'Daily Schedule'!$A$6:$A$57,0)),"") -> POSITION UNFILLED | L9: =IF(E9="","NO ASSIGNEE",IF(AND(G9<>"",J9<>"",G9=J9),"VIOLATION – SAME LUNCH",IF(OR(K9="RELIEF GAP",K9="POSITION UNFILLED",K9=""),IF(OR(H9="",I9=""),"VIOLATION – NO RELIEF","CHECK MANUALLY"),IF(K9="COVERED","OK","CHECK MANUALLY")))) -> NO ASSIGNEE
A10: 14 | B10: =IFERROR(INDEX('Position Library'!$B$2:$B$53,MATCH(A10,'Position Library'!$A$2:$A$53,0)),"") -> South Security Checkpoint | C10: =IFERROR(INDEX('Position Library'!$C$2:$C$53,MATCH(A10,'Position Library'!$A$2:$A$53,0)),"") -> Checkpoint – Inside | D10: =IFERROR(INDEX('Position Library'!$D$2:$D$53,MATCH(A10,'Position Library'!$A$2:$A$53,0)),"") -> Tier 1 | E10: =IFERROR(INDEX('Daily Schedule'!$F$6:$F$57,MATCH(A10,'Daily Schedule'!$A$6:$A$57,0)),"") -> EMP-0087 | F10: =IFERROR(INDEX('Daily Schedule'!$G$6:$G$57,MATCH(A10,'Daily Schedule'!$A$6:$A$57,0)),"") -> Kimberly Morrison | G10: =IFERROR(INDEX('Daily Schedule'!$N$6:$N$57,MATCH(A10,'Daily Schedule'!$A$6:$A$57,0)),"") -> 8:00 AM | H10: =IFERROR(INDEX('Daily Schedule'!$O$6:$O$57,MATCH(A10,'Daily Schedule'!$A$6:$A$57,0)),"") -> 16 | I10: =IFERROR(INDEX('Daily Schedule'!$P$6:$P$57,MATCH(A10,'Daily Schedule'!$A$6:$A$57,0)),"") -> EMP-0091 | J10: =IF(I10="","",IFERROR(INDEX('Daily Schedule'!$N$6:$N$57,MATCH(I10,'Daily Schedule'!$G$6:$G$57,0)),IFERROR(INDEX('Daily Schedule'!$N$6:$N$57,MATCH(I10,'Daily Schedule'!$F$6:$F$57,0)),""))) -> 9:00 AM | K10: =IFERROR(INDEX('Daily Schedule'!$Q$6:$Q$57,MATCH(A10,'Daily Schedule'!$A$6:$A$57,0)),"") -> COVERED | L10: =IF(E10="","NO ASSIGNEE",IF(AND(G10<>"",J10<>"",G10=J10),"VIOLATION – SAME LUNCH",IF(OR(K10="RELIEF GAP",K10="POSITION UNFILLED",K10=""),IF(OR(H10="",I10=""),"VIOLATION – NO RELIEF","CHECK MANUALLY"),IF(K10="COVERED","OK","CHECK MANUALLY")))) -> OK
A11: 16 | B11: =IFERROR(INDEX('Position Library'!$B$2:$B$53,MATCH(A11,'Position Library'!$A$2:$A$53,0)),"") -> South Security Checkpoint | C11: =IFERROR(INDEX('Position Library'!$C$2:$C$53,MATCH(A11,'Position Library'!$A$2:$A$53,0)),"") -> Checkpoint – Front Entrance | D11: =IFERROR(INDEX('Position Library'!$D$2:$D$53,MATCH(A11,'Position Library'!$A$2:$A$53,0)),"") -> Tier 1 | E11: =IFERROR(INDEX('Daily Schedule'!$F$6:$F$57,MATCH(A11,'Daily Schedule'!$A$6:$A$57,0)),"") -> EMP-0091 | F11: =IFERROR(INDEX('Daily Schedule'!$G$6:$G$57,MATCH(A11,'Daily Schedule'!$A$6:$A$57,0)),"") -> Larry Fuller | G11: =IFERROR(INDEX('Daily Schedule'!$N$6:$N$57,MATCH(A11,'Daily Schedule'!$A$6:$A$57,0)),"") -> 9:00 AM | H11: =IFERROR(INDEX('Daily Schedule'!$O$6:$O$57,MATCH(A11,'Daily Schedule'!$A$6:$A$57,0)),"") -> 17 | I11: =IFERROR(INDEX('Daily Schedule'!$P$6:$P$57,MATCH(A11,'Daily Schedule'!$A$6:$A$57,0)),"") -> EMP-0026 | J11: =IF(I11="","",IFERROR(INDEX('Daily Schedule'!$N$6:$N$57,MATCH(I11,'Daily Schedule'!$G$6:$G$57,0)),IFERROR(INDEX('Daily Schedule'!$N$6:$N$57,MATCH(I11,'Daily Schedule'!$F$6:$F$57,0)),""))) -> 10:00 AM | K11: =IFERROR(INDEX('Daily Schedule'!$Q$6:$Q$57,MATCH(A11,'Daily Schedule'!$A$6:$A$57,0)),"") -> COVERED | L11: =IF(E11="","NO ASSIGNEE",IF(AND(G11<>"",J11<>"",G11=J11),"VIOLATION – SAME LUNCH",IF(OR(K11="RELIEF GAP",K11="POSITION UNFILLED",K11=""),IF(OR(H11="",I11=""),"VIOLATION – NO RELIEF","CHECK MANUALLY"),IF(K11="COVERED","OK","CHECK MANUALLY")))) -> OK
A12: 19 | B12: =IFERROR(INDEX('Position Library'!$B$2:$B$53,MATCH(A12,'Position Library'!$A$2:$A$53,0)),"") -> South Security Checkpoint | C12: =IFERROR(INDEX('Position Library'!$C$2:$C$53,MATCH(A12,'Position Library'!$A$2:$A$53,0)),"") -> South Restroom | D12: =IFERROR(INDEX('Position Library'!$D$2:$D$53,MATCH(A12,'Position Library'!$A$2:$A$53,0)),"") -> Tier 1 | E12: =IFERROR(INDEX('Daily Schedule'!$F$6:$F$57,MATCH(A12,'Daily Schedule'!$A$6:$A$57,0)),"") -> EMP-0094 | F12: =IFERROR(INDEX('Daily Schedule'!$G$6:$G$57,MATCH(A12,'Daily Schedule'!$A$6:$A$57,0)),"") -> Linda Rachel | G12: =IFERROR(INDEX('Daily Schedule'!$N$6:$N$57,MATCH(A12,'Daily Schedule'!$A$6:$A$57,0)),"") -> 8:00 AM | H12: =IFERROR(INDEX('Daily Schedule'!$O$6:$O$57,MATCH(A12,'Daily Schedule'!$A$6:$A$57,0)),"") -> 20 | I12: =IFERROR(INDEX('Daily Schedule'!$P$6:$P$57,MATCH(A12,'Daily Schedule'!$A$6:$A$57,0)),"") -> EMP-0066 | J12: =IF(I12="","",IFERROR(INDEX('Daily Schedule'!$N$6:$N$57,MATCH(I12,'Daily Schedule'!$G$6:$G$57,0)),IFERROR(INDEX('Daily Schedule'!$N$6:$N$57,MATCH(I12,'Daily Schedule'!$F$6:$F$57,0)),""))) -> 10:00 AM | K12: =IFERROR(INDEX('Daily Schedule'!$Q$6:$Q$57,MATCH(A12,'Daily Schedule'!$A$6:$A$57,0)),"") -> COVERED | L12: =IF(E12="","NO ASSIGNEE",IF(AND(G12<>"",J12<>"",G12=J12),"VIOLATION – SAME LUNCH",IF(OR(K12="RELIEF GAP",K12="POSITION UNFILLED",K12=""),IF(OR(H12="",I12=""),"VIOLATION – NO RELIEF","CHECK MANUALLY"),IF(K12="COVERED","OK","CHECK MANUALLY")))) -> OK
A13: 24 | B13: =IFERROR(INDEX('Position Library'!$B$2:$B$53,MATCH(A13,'Position Library'!$A$2:$A$53,0)),"") -> North Security Checkpoint | C13: =IFERROR(INDEX('Position Library'!$C$2:$C$53,MATCH(A13,'Position Library'!$A$2:$A$53,0)),"") -> Checkpoint – Inside | D13: =IFERROR(INDEX('Position Library'!$D$2:$D$53,MATCH(A13,'Position Library'!$A$2:$A$53,0)),"") -> Tier 1 | E13: =IFERROR(INDEX('Daily Schedule'!$F$6:$F$57,MATCH(A13,'Daily Schedule'!$A$6:$A$57,0)),"") -> EMP-0102 | F13: =IFERROR(INDEX('Daily Schedule'!$G$6:$G$57,MATCH(A13,'Daily Schedule'!$A$6:$A$57,0)),"") -> Maryse Camille | G13: =IFERROR(INDEX('Daily Schedule'!$N$6:$N$57,MATCH(A13,'Daily Schedule'!$A$6:$A$57,0)),"") -> 8:00 AM | H13: =IFERROR(INDEX('Daily Schedule'!$O$6:$O$57,MATCH(A13,'Daily Schedule'!$A$6:$A$57,0)),"") -> 29 | I13: =IFERROR(INDEX('Daily Schedule'!$P$6:$P$57,MATCH(A13,'Daily Schedule'!$A$6:$A$57,0)),"") -> EMP-0040 | J13: =IF(I13="","",IFERROR(INDEX('Daily Schedule'!$N$6:$N$57,MATCH(I13,'Daily Schedule'!$G$6:$G$57,0)),IFERROR(INDEX('Daily Schedule'!$N$6:$N$57,MATCH(I13,'Daily Schedule'!$F$6:$F$57,0)),""))) -> 9:00 AM | K13: =IFERROR(INDEX('Daily Schedule'!$Q$6:$Q$57,MATCH(A13,'Daily Schedule'!$A$6:$A$57,0)),"") -> COVERED | L13: =IF(E13="","NO ASSIGNEE",IF(AND(G13<>"",J13<>"",G13=J13),"VIOLATION – SAME LUNCH",IF(OR(K13="RELIEF GAP",K13="POSITION UNFILLED",K13=""),IF(OR(H13="",I13=""),"VIOLATION – NO RELIEF","CHECK MANUALLY"),IF(K13="COVERED","OK","CHECK MANUALLY")))) -> OK
A14: 25 | B14: =IFERROR(INDEX('Position Library'!$B$2:$B$53,MATCH(A14,'Position Library'!$A$2:$A$53,0)),"") -> North Security Checkpoint | C14: =IFERROR(INDEX('Position Library'!$C$2:$C$53,MATCH(A14,'Position Library'!$A$2:$A$53,0)),"") -> North Corridor | D14: =IFERROR(INDEX('Position Library'!$D$2:$D$53,MATCH(A14,'Position Library'!$A$2:$A$53,0)),"") -> Tier 1 | E14: =IFERROR(INDEX('Daily Schedule'!$F$6:$F$57,MATCH(A14,'Daily Schedule'!$A$6:$A$57,0)),"") -> EMP-0107 | F14: =IFERROR(INDEX('Daily Schedule'!$G$6:$G$57,MATCH(A14,'Daily Schedule'!$A$6:$A$57,0)),"") -> Moneshia Echols | G14: =IFERROR(INDEX('Daily Schedule'!$N$6:$N$57,MATCH(A14,'Daily Schedule'!$A$6:$A$57,0)),"") -> 9:00 AM | H14: =IFERROR(INDEX('Daily Schedule'!$O$6:$O$57,MATCH(A14,'Daily Schedule'!$A$6:$A$57,0)),"") -> 30 | I14: =IFERROR(INDEX('Daily Schedule'!$P$6:$P$57,MATCH(A14,'Daily Schedule'!$A$6:$A$57,0)),"") -> EMP-0073 | J14: =IF(I14="","",IFERROR(INDEX('Daily Schedule'!$N$6:$N$57,MATCH(I14,'Daily Schedule'!$G$6:$G$57,0)),IFERROR(INDEX('Daily Schedule'!$N$6:$N$57,MATCH(I14,'Daily Schedule'!$F$6:$F$57,0)),""))) -> 10:00 AM | K14: =IFERROR(INDEX('Daily Schedule'!$Q$6:$Q$57,MATCH(A14,'Daily Schedule'!$A$6:$A$57,0)),"") -> COVERED | L14: =IF(E14="","NO ASSIGNEE",IF(AND(G14<>"",J14<>"",G14=J14),"VIOLATION – SAME LUNCH",IF(OR(K14="RELIEF GAP",K14="POSITION UNFILLED",K14=""),IF(OR(H14="",I14=""),"VIOLATION – NO RELIEF","CHECK MANUALLY"),IF(K14="COVERED","OK","CHECK MANUALLY")))) -> OK
A15: 26 | B15: =IFERROR(INDEX('Position Library'!$B$2:$B$53,MATCH(A15,'Position Library'!$A$2:$A$53,0)),"") -> North Security Checkpoint | C15: =IFERROR(INDEX('Position Library'!$C$2:$C$53,MATCH(A15,'Position Library'!$A$2:$A$53,0)),"") -> North Restroom | D15: =IFERROR(INDEX('Position Library'!$D$2:$D$53,MATCH(A15,'Position Library'!$A$2:$A$53,0)),"") -> Tier 1 | E15: =IFERROR(INDEX('Daily Schedule'!$F$6:$F$57,MATCH(A15,'Daily Schedule'!$A$6:$A$57,0)),"") -> EMP-0112 | F15: =IFERROR(INDEX('Daily Schedule'!$G$6:$G$57,MATCH(A15,'Daily Schedule'!$A$6:$A$57,0)),"") -> Natasha Carbon | G15: =IFERROR(INDEX('Daily Schedule'!$N$6:$N$57,MATCH(A15,'Daily Schedule'!$A$6:$A$57,0)),"") -> 8:00 AM | H15: =IFERROR(INDEX('Daily Schedule'!$O$6:$O$57,MATCH(A15,'Daily Schedule'!$A$6:$A$57,0)),"") -> 27 | I15: =IFERROR(INDEX('Daily Schedule'!$P$6:$P$57,MATCH(A15,'Daily Schedule'!$A$6:$A$57,0)),"") -> EMP-0070 | J15: =IF(I15="","",IFERROR(INDEX('Daily Schedule'!$N$6:$N$57,MATCH(I15,'Daily Schedule'!$G$6:$G$57,0)),IFERROR(INDEX('Daily Schedule'!$N$6:$N$57,MATCH(I15,'Daily Schedule'!$F$6:$F$57,0)),""))) -> 9:00 AM | K15: =IFERROR(INDEX('Daily Schedule'!$Q$6:$Q$57,MATCH(A15,'Daily Schedule'!$A$6:$A$57,0)),"") -> COVERED | L15: =IF(E15="","NO ASSIGNEE",IF(AND(G15<>"",J15<>"",G15=J15),"VIOLATION – SAME LUNCH",IF(OR(K15="RELIEF GAP",K15="POSITION UNFILLED",K15=""),IF(OR(H15="",I15=""),"VIOLATION – NO RELIEF","CHECK MANUALLY"),IF(K15="COVERED","OK","CHECK MANUALLY")))) -> OK
A16: 32 | B16: =IFERROR(INDEX('Position Library'!$B$2:$B$53,MATCH(A16,'Position Library'!$A$2:$A$53,0)),"") -> Lower North Security Checkpoint | C16: =IFERROR(INDEX('Position Library'!$C$2:$C$53,MATCH(A16,'Position Library'!$A$2:$A$53,0)),"") -> Checkpoint – Inside | D16: =IFERROR(INDEX('Position Library'!$D$2:$D$53,MATCH(A16,'Position Library'!$A$2:$A$53,0)),"") -> Tier 1 | E16: =IFERROR(INDEX('Daily Schedule'!$F$6:$F$57,MATCH(A16,'Daily Schedule'!$A$6:$A$57,0)),"") -> EMP-0116 | F16: =IFERROR(INDEX('Daily Schedule'!$G$6:$G$57,MATCH(A16,'Daily Schedule'!$A$6:$A$57,0)),"") -> Phenica Peterson | G16: =IFERROR(INDEX('Daily Schedule'!$N$6:$N$57,MATCH(A16,'Daily Schedule'!$A$6:$A$57,0)),"") -> 8:00 AM | H16: =IFERROR(INDEX('Daily Schedule'!$O$6:$O$57,MATCH(A16,'Daily Schedule'!$A$6:$A$57,0)),"") -> 31 | I16: =IFERROR(INDEX('Daily Schedule'!$P$6:$P$57,MATCH(A16,'Daily Schedule'!$A$6:$A$57,0)),"") -> EMP-0041 | J16: =IF(I16="","",IFERROR(INDEX('Daily Schedule'!$N$6:$N$57,MATCH(I16,'Daily Schedule'!$G$6:$G$57,0)),IFERROR(INDEX('Daily Schedule'!$N$6:$N$57,MATCH(I16,'Daily Schedule'!$F$6:$F$57,0)),""))) -> 10:00 AM | K16: =IFERROR(INDEX('Daily Schedule'!$Q$6:$Q$57,MATCH(A16,'Daily Schedule'!$A$6:$A$57,0)),"") -> COVERED | L16: =IF(E16="","NO ASSIGNEE",IF(AND(G16<>"",J16<>"",G16=J16),"VIOLATION – SAME LUNCH",IF(OR(K16="RELIEF GAP",K16="POSITION UNFILLED",K16=""),IF(OR(H16="",I16=""),"VIOLATION – NO RELIEF","CHECK MANUALLY"),IF(K16="COVERED","OK","CHECK MANUALLY")))) -> OK
... A28: 52 | B28: =IFERROR(INDEX('Position Library'!$B$2:$B$53,MATCH(A28,'Position Library'!$A$2:$A$53,0)),"") -> Lower North Security Checkpoint | C28: =IFERROR(INDEX('Position Library'!$C$2:$C$53,MATCH(A28,'Position Library'!$A$2:$A$53,0)),"") -> Divest | D28: =IFERROR(INDEX('Position Library'!$D$2:$D$53,MATCH(A28,'Position Library'!$A$2:$A$53,0)),"") -> Tier 1 | E28: =IFERROR(INDEX('Daily Schedule'!$F$6:$F$57,MATCH(A28,'Daily Schedule'!$A$6:$A$57,0)),"") -> EMP-0054 | F28: =IFERROR(INDEX('Daily Schedule'!$G$6:$G$57,MATCH(A28,'Daily Schedule'!$A$6:$A$57,0)),"") -> Diane Nails | G28: =IFERROR(INDEX('Daily Schedule'!$N$6:$N$57,MATCH(A28,'Daily Schedule'!$A$6:$A$57,0)),"") -> 8:00 AM | H28: =IFERROR(INDEX('Daily Schedule'!$O$6:$O$57,MATCH(A28,'Daily Schedule'!$A$6:$A$57,0)),"") -> 42 | I28: =IFERROR(INDEX('Daily Schedule'!$P$6:$P$57,MATCH(A28,'Daily Schedule'!$A$6:$A$57,0)),"") -> EMP-0134 | J28: =IF(I28="","",IFERROR(INDEX('Daily Schedule'!$N$6:$N$57,MATCH(I28,'Daily Schedule'!$G$6:$G$57,0)),IFERROR(INDEX('Daily Schedule'!$N$6:$N$57,MATCH(I28,'Daily Schedule'!$F$6:$F$57,0)),""))) -> 9:00 AM | K28: =IFERROR(INDEX('Daily Schedule'!$Q$6:$Q$57,MATCH(A28,'Daily Schedule'!$A$6:$A$57,0)),"") -> COVERED | L28: =IF(E28="","NO ASSIGNEE",IF(AND(G28<>"",J28<>"",G28=J28),"VIOLATION – SAME LUNCH",IF(OR(K28="RELIEF GAP",K28="POSITION UNFILLED",K28=""),IF(OR(H28="",I28=""),"VIOLATION – NO RELIEF","CHECK MANUALLY"),IF(K28="COVERED","OK","CHECK MANUALLY")))) -> OK
A30: Legend:
A31: VIOLATION – SAME LUNCH = Primary and Relief share the same lunch window → Tier 1 uncovered during that hour
A32: VIOLATION – NO RELIEF = Tier 1 has an assignee but no relief person assigned
A33: OK = Break Coverage shows COVERED and lunches differ
A34: CHECK MANUALLY / NO ASSIGNEE = Review the Daily Schedule row for that position
A36: Action required when violations appear:
A37: 1. Change the Assigned Lunch of either the primary or the relief employee so the windows no longer overlap.
A38: 2. Or assign a different relief person who is free during the primary’s lunch window and is listed in the Position Relationships relief chain.
A39: 3. Re-run the schedule generation only after all CONFLICT FLAG cells show OK or acceptable status.

Sheet Full Coverage Board
A1: Full Position Coverage Board – All Positions with Break Relief by Name
A2: Shows every position, the assigned employee (by name), their lunch window, and the named break relief agent. Tier 1 rows are highlighted. Relief names come from the Daily Schedule; if a relief is missing the cell will be blank and flagged.
A4: Pos # | B4: Area | C4: Position Name | D4: Tier | E4: Assigned Employee | F4: Shift | G4: Assigned Lunch | H4: Break Relief Agent | I4: Relief From Position (Name) | J4: Relief Lunch | K4: Break Coverage | L4: Status
A5: ='Daily Schedule'!A6 -> 46 | B5: ='Daily Schedule'!B6 -> North Security Checkpoint | C5: ='Daily Schedule'!C6 -> Divest | D5: ='Daily Schedule'!D6 -> Tier 1 | E5: ='Daily Schedule'!G6 -> Ahamed John | F5: ='Daily Schedule'!H6 -> 3:45 AM | G5: ='Daily Schedule'!N6 -> 8:00 AM | H5: =IF('Daily Schedule'!P6="","",IF(LEFT('Daily Schedule'!P6,4)="EMP-",IFERROR(INDEX('Daily Workforce'!$C$6:$C$205,MATCH('Daily Schedule'!P6,'Daily Workforce'!$B$6:$B$205,0)),IFERROR(INDEX('Employee Master'!$B$2:$B$159,MATCH('Daily Schedule'!P6,'Employee Master'!$A$2:$A$159,0)),'Daily Schedule'!P6)),'Daily Schedule'!P6)) -> Jamal Reynolds | I5: =IF('Daily Schedule'!O6="","",IFERROR(INDEX('Daily Schedule'!$C$6:$C$57,MATCH('Daily Schedule'!O6,'Daily Schedule'!$A$6:$A$57,0)),IFERROR(INDEX('Position Library'!$C$2:$C$53,MATCH('Daily Schedule'!O6,'Position Library'!$A$2:$A$53,0)),'Daily Schedule'!O6))) -> MSC Escalator | J5: =IF('Daily Schedule'!P6="","",IFERROR(INDEX('Daily Schedule'!$N$6:$N$57,MATCH(IF(LEFT('Daily Schedule'!P6,4)="EMP-",IFERROR(INDEX('Daily Workforce'!$C$6:$C$205,MATCH('Daily Schedule'!P6,'Daily Workforce'!$B$6:$B$205,0)),'Daily Schedule'!P6),'Daily Schedule'!P6),'Daily Schedule'!$G$6:$G$57,0)),IFERROR(INDEX('Daily Schedule'!$N$6:$N$57,MATCH('Daily Schedule'!P6,'Daily Schedule'!$F$6:$F$57,0)),""))) -> 9:00 AM | K5: ='Daily Schedule'!Q6 -> COVERED | L5: =IF('Daily Schedule'!G6="","UNFILLED",IF(AND('Daily Schedule'!N6<>"",J5<>"",'Daily Schedule'!N6=J5),"SAME LUNCH",IF(AND('Daily Schedule'!D6="Tier 1",OR('Daily Schedule'!P6="",'Daily Schedule'!Q6="RELIEF GAP")),"NO RELIEF",IF('Daily Schedule'!Q6="COVERED","OK",IF('Daily Schedule'!Q6="","CHECK",'Daily Schedule'!Q6))))) -> OK
A6: ='Daily Schedule'!A7 -> 47 | B6: ='Daily Schedule'!B7 -> North Security Checkpoint | C6: ='Daily Schedule'!C7 -> Divest | D6: ='Daily Schedule'!D7 -> Tier 1 | E6: ='Daily Schedule'!G7 -> Allen Suggs | F6: ='Daily Schedule'!H7 -> 3:45 AM | G6: ='Daily Schedule'!N7 -> 8:00 AM | H6: =IF('Daily Schedule'!P7="","",IF(LEFT('Daily Schedule'!P7,4)="EMP-",IFERROR(INDEX('Daily Workforce'!$C$6:$C$205,MATCH('Daily Schedule'!P7,'Daily Workforce'!$B$6:$B$205,0)),IFERROR(INDEX('Employee Master'!$B$2:$B$159,MATCH('Daily Schedule'!P7,'Employee Master'!$A$2:$A$159,0)),'Daily Schedule'!P7)),'Daily Schedule'!P7)) -> Jada Batiste | I6: =IF('Daily Schedule'!O7="","",IFERROR(INDEX('Daily Schedule'!$C$6:$C$57,MATCH('Daily Schedule'!O7,'Daily Schedule'!$A$6:$A$57,0)),IFERROR(INDEX('Position Library'!$C$2:$C$53,MATCH('Daily Schedule'!O7,'Position Library'!$A$2:$A$53,0)),'Daily Schedule'!O7))) -> MSC Escalator | J6: =IF('Daily Schedule'!P7="","",IFERROR(INDEX('Daily Schedule'!$N$6:$N$57,MATCH(IF(LEFT('Daily Schedule'!P7,4)="EMP-",IFERROR(INDEX('Daily Workforce'!$C$6:$C$205,MATCH('Daily Schedule'!P7,'Daily Workforce'!$B$6:$B$205,0)),'Daily Schedule'!P7),'Daily Schedule'!P7),'Daily Schedule'!$G$6:$G$57,0)),IFERROR(INDEX('Daily Schedule'!$N$6:$N$57,MATCH('Daily Schedule'!P7,'Daily Schedule'!$F$6:$F$57,0)),""))) -> 10:00 AM | K6: ='Daily Schedule'!Q7 -> COVERED | L6: =IF('Daily Schedule'!G7="","UNFILLED",IF(AND('Daily Schedule'!N7<>"",J6<>"",'Daily Schedule'!N7=J6),"SAME LUNCH",IF(AND('Daily Schedule'!D7="Tier 1",OR('Daily Schedule'!P7="",'Daily Schedule'!Q7="RELIEF GAP")),"NO RELIEF",IF('Daily Schedule'!Q7="COVERED","OK",IF('Daily Schedule'!Q7="","CHECK",'Daily Schedule'!Q7))))) -> OK
A7: ='Daily Schedule'!A8 -> 48 | B7: ='Daily Schedule'!B8 -> North Security Checkpoint | C7: ='Daily Schedule'!C8 -> Divest | D7: ='Daily Schedule'!D8 -> Tier 1 | E7: ='Daily Schedule'!G8 -> Benjamin Crosby | F7: ='Daily Schedule'!H8 -> 3:45 AM | G7: ='Daily Schedule'!N8 -> 9:00 AM | H7: =IF('Daily Schedule'!P8="","",IF(LEFT('Daily Schedule'!P8,4)="EMP-",IFERROR(INDEX('Daily Workforce'!$C$6:$C$205,MATCH('Daily Schedule'!P8,'Daily Workforce'!$B$6:$B$205,0)),IFERROR(INDEX('Employee Master'!$B$2:$B$159,MATCH('Daily Schedule'!P8,'Employee Master'!$A$2:$A$159,0)),'Daily Schedule'!P8)),'Daily Schedule'!P8)) -> Linton Brereton | I7: =IF('Daily Schedule'!O8="","",IFERROR(INDEX('Daily Schedule'!$C$6:$C$57,MATCH('Daily Schedule'!O8,'Daily Schedule'!$A$6:$A$57,0)),IFERROR(INDEX('Position Library'!$C$2:$C$53,MATCH('Daily Schedule'!O8,'Position Library'!$A$2:$A$53,0)),'Daily Schedule'!O8))) -> KIA | J7: =IF('Daily Schedule'!P8="","",IFERROR(INDEX('Daily Schedule'!$N$6:$N$57,MATCH(IF(LEFT('Daily Schedule'!P8,4)="EMP-",IFERROR(INDEX('Daily Workforce'!$C$6:$C$205,MATCH('Daily Schedule'!P8,'Daily Workforce'!$B$6:$B$205,0)),'Daily Schedule'!P8),'Daily Schedule'!P8),'Daily Schedule'!$G$6:$G$57,0)),IFERROR(INDEX('Daily Schedule'!$N$6:$N$57,MATCH('Daily Schedule'!P8,'Daily Schedule'!$F$6:$F$57,0)),""))) -> 9:00 AM | K7: ='Daily Schedule'!Q8 -> COVERED | L7: =IF('Daily Schedule'!G8="","UNFILLED",IF(AND('Daily Schedule'!N8<>"",J7<>"",'Daily Schedule'!N8=J7),"SAME LUNCH",IF(AND('Daily Schedule'!D8="Tier 1",OR('Daily Schedule'!P8="",'Daily Schedule'!Q8="RELIEF GAP")),"NO RELIEF",IF('Daily Schedule'!Q8="COVERED","OK",IF('Daily Schedule'!Q8="","CHECK",'Daily Schedule'!Q8))))) -> SAME LUNCH
A8: ='Daily Schedule'!A9 -> 49 | B8: ='Daily Schedule'!B9 -> North Security Checkpoint | C8: ='Daily Schedule'!C9 -> Divest | D8: ='Daily Schedule'!D9 -> Tier 1 | E8: ='Daily Schedule'!G9 -> Crosby Pavon-Lacayo | F8: ='Daily Schedule'!H9 -> 3:45 AM | G8: ='Daily Schedule'!N9 -> 8:00 AM | H8: =IF('Daily Schedule'!P9="","",IF(LEFT('Daily Schedule'!P9,4)="EMP-",IFERROR(INDEX('Daily Workforce'!$C$6:$C$205,MATCH('Daily Schedule'!P9,'Daily Workforce'!$B$6:$B$205,0)),IFERROR(INDEX('Employee Master'!$B$2:$B$159,MATCH('Daily Schedule'!P9,'Employee Master'!$A$2:$A$159,0)),'Daily Schedule'!P9)),'Daily Schedule'!P9)) -> Mildred Tarres | I8: =IF('Daily Schedule'!O9="","",IFERROR(INDEX('Daily Schedule'!$C$6:$C$57,MATCH('Daily Schedule'!O9,'Daily Schedule'!$A$6:$A$57,0)),IFERROR(INDEX('Position Library'!$C$2:$C$53,MATCH('Daily Schedule'!O9,'Position Library'!$A$2:$A$53,0)),'Daily Schedule'!O9))) -> Piedmont / West Crossover | J8: =IF('Daily Schedule'!P9="","",IFERROR(INDEX('Daily Schedule'!$N$6:$N$57,MATCH(IF(LEFT('Daily Schedule'!P9,4)="EMP-",IFERROR(INDEX('Daily Workforce'!$C$6:$C$205,MATCH('Daily Schedule'!P9,'Daily Workforce'!$B$6:$B$205,0)),'Daily Schedule'!P9),'Daily Schedule'!P9),'Daily Schedule'!$G$6:$G$57,0)),IFERROR(INDEX('Daily Schedule'!$N$6:$N$57,MATCH('Daily Schedule'!P9,'Daily Schedule'!$F$6:$F$57,0)),""))) -> 9:00 AM | K8: ='Daily Schedule'!Q9 -> COVERED | L8: =IF('Daily Schedule'!G9="","UNFILLED",IF(AND('Daily Schedule'!N9<>"",J8<>"",'Daily Schedule'!N9=J8),"SAME LUNCH",IF(AND('Daily Schedule'!D9="Tier 1",OR('Daily Schedule'!P9="",'Daily Schedule'!Q9="RELIEF GAP")),"NO RELIEF",IF('Daily Schedule'!Q9="COVERED","OK",IF('Daily Schedule'!Q9="","CHECK",'Daily Schedule'!Q9))))) -> OK
A9: ='Daily Schedule'!A10 -> 50 | B9: ='Daily Schedule'!B10 -> Lower North Security Checkpoint | C9: ='Daily Schedule'!C10 -> Divest | D9: ='Daily Schedule'!D10 -> Tier 1 | E9: ='Daily Schedule'!G10 -> Danielle Holmes | F9: ='Daily Schedule'!H10 -> 3:45 AM | G9: ='Daily Schedule'!N10 -> 8:00 AM | H9: =IF('Daily Schedule'!P10="","",IF(LEFT('Daily Schedule'!P10,4)="EMP-",IFERROR(INDEX('Daily Workforce'!$C$6:$C$205,MATCH('Daily Schedule'!P10,'Daily Workforce'!$B$6:$B$205,0)),IFERROR(INDEX('Employee Master'!$B$2:$B$159,MATCH('Daily Schedule'!P10,'Employee Master'!$A$2:$A$159,0)),'Daily Schedule'!P10)),'Daily Schedule'!P10)) -> Kidest Solomon | I9: =IF('Daily Schedule'!O10="","",IFERROR(INDEX('Daily Schedule'!$C$6:$C$57,MATCH('Daily Schedule'!O10,'Daily Schedule'!$A$6:$A$57,0)),IFERROR(INDEX('Position Library'!$C$2:$C$53,MATCH('Daily Schedule'!O10,'Position Library'!$A$2:$A$53,0)),'Daily Schedule'!O10))) -> KIA | J9: =IF('Daily Schedule'!P10="","",IFERROR(INDEX('Daily Schedule'!$N$6:$N$57,MATCH(IF(LEFT('Daily Schedule'!P10,4)="EMP-",IFERROR(INDEX('Daily Workforce'!$C$6:$C$205,MATCH('Daily Schedule'!P10,'Daily Workforce'!$B$6:$B$205,0)),'Daily Schedule'!P10),'Daily Schedule'!P10),'Daily Schedule'!$G$6:$G$57,0)),IFERROR(INDEX('Daily Schedule'!$N$6:$N$57,MATCH('Daily Schedule'!P10,'Daily Schedule'!$F$6:$F$57,0)),""))) -> 10:00 AM | K9: ='Daily Schedule'!Q10 -> COVERED | L9: =IF('Daily Schedule'!G10="","UNFILLED",IF(AND('Daily Schedule'!N10<>"",J9<>"",'Daily Schedule'!N10=J9),"SAME LUNCH",IF(AND('Daily Schedule'!D10="Tier 1",OR('Daily Schedule'!P10="",'Daily Schedule'!Q10="RELIEF GAP")),"NO RELIEF",IF('Daily Schedule'!Q10="COVERED","OK",IF('Daily Schedule'!Q10="","CHECK",'Daily Schedule'!Q10))))) -> OK
A10: ='Daily Schedule'!A11 -> 51 | B10: ='Daily Schedule'!B11 -> Lower North Security Checkpoint | C10: ='Daily Schedule'!C11 -> Divest | D10: ='Daily Schedule'!D11 -> Tier 1 | E10: ='Daily Schedule'!G11 -> Demetrius Thomas | F10: ='Daily Schedule'!H11 -> 3:45 AM | G10: ='Daily Schedule'!N11 -> 9:00 AM | H10: =IF('Daily Schedule'!P11="","",IF(LEFT('Daily Schedule'!P11,4)="EMP-",IFERROR(INDEX('Daily Workforce'!$C$6:$C$205,MATCH('Daily Schedule'!P11,'Daily Workforce'!$B$6:$B$205,0)),IFERROR(INDEX('Employee Master'!$B$2:$B$159,MATCH('Daily Schedule'!P11,'Employee Master'!$A$2:$A$159,0)),'Daily Schedule'!P11)),'Daily Schedule'!P11)) -> Sara Alemu | I10: =IF('Daily Schedule'!O11="","",IFERROR(INDEX('Daily Schedule'!$C$6:$C$57,MATCH('Daily Schedule'!O11,'Daily Schedule'!$A$6:$A$57,0)),IFERROR(INDEX('Position Library'!$C$2:$C$53,MATCH('Daily Schedule'!O11,'Position Library'!$A$2:$A$53,0)),'Daily Schedule'!O11))) -> TGIF / West Crossover | J10: =IF('Daily Schedule'!P11="","",IFERROR(INDEX('Daily Schedule'!$N$6:$N$57,MATCH(IF(LEFT('Daily Schedule'!P11,4)="EMP-",IFERROR(INDEX('Daily Workforce'!$C$6:$C$205,MATCH('Daily Schedule'!P11,'Daily Workforce'!$B$6:$B$205,0)),'Daily Schedule'!P11),'Daily Schedule'!P11),'Daily Schedule'!$G$6:$G$57,0)),IFERROR(INDEX('Daily Schedule'!$N$6:$N$57,MATCH('Daily Schedule'!P11,'Daily Schedule'!$F$6:$F$57,0)),""))) -> 9:00 AM | K10: ='Daily Schedule'!Q11 -> COVERED | L10: =IF('Daily Schedule'!G11="","UNFILLED",IF(AND('Daily Schedule'!N11<>"",J10<>"",'Daily Schedule'!N11=J10),"SAME LUNCH",IF(AND('Daily Schedule'!D11="Tier 1",OR('Daily Schedule'!P11="",'Daily Schedule'!Q11="RELIEF GAP")),"NO RELIEF",IF('Daily Schedule'!Q11="COVERED","OK",IF('Daily Schedule'!Q11="","CHECK",'Daily Schedule'!Q11))))) -> SAME LUNCH
A11: ='Daily Schedule'!A12 -> 52 | B11: ='Daily Schedule'!B12 -> Lower North Security Checkpoint | C11: ='Daily Schedule'!C12 -> Divest | D11: ='Daily Schedule'!D12 -> Tier 1 | E11: ='Daily Schedule'!G12 -> Diane Nails | F11: ='Daily Schedule'!H12 -> 3:45 AM | G11: ='Daily Schedule'!N12 -> 8:00 AM | H11: =IF('Daily Schedule'!P12="","",IF(LEFT('Daily Schedule'!P12,4)="EMP-",IFERROR(INDEX('Daily Workforce'!$C$6:$C$205,MATCH('Daily Schedule'!P12,'Daily Workforce'!$B$6:$B$205,0)),IFERROR(INDEX('Employee Master'!$B$2:$B$159,MATCH('Daily Schedule'!P12,'Employee Master'!$A$2:$A$159,0)),'Daily Schedule'!P12)),'Daily Schedule'!P12)) -> Shawanda Webb | I11: =IF('Daily Schedule'!O12="","",IFERROR(INDEX('Daily Schedule'!$C$6:$C$57,MATCH('Daily Schedule'!O12,'Daily Schedule'!$A$6:$A$57,0)),IFERROR(INDEX('Position Library'!$C$2:$C$53,MATCH('Daily Schedule'!O12,'Position Library'!$A$2:$A$53,0)),'Daily Schedule'!O12))) -> Bravo West | J11: =IF('Daily Schedule'!P12="","",IFERROR(INDEX('Daily Schedule'!$N$6:$N$57,MATCH(IF(LEFT('Daily Schedule'!P12,4)="EMP-",IFERROR(INDEX('Daily Workforce'!$C$6:$C$205,MATCH('Daily Schedule'!P12,'Daily Workforce'!$B$6:$B$205,0)),'Daily Schedule'!P12),'Daily Schedule'!P12),'Daily Schedule'!$G$6:$G$57,0)),IFERROR(INDEX('Daily Schedule'!$N$6:$N$57,MATCH('Daily Schedule'!P12,'Daily Schedule'!$F$6:$F$57,0)),""))) -> 9:00 AM | K11: ='Daily Schedule'!Q12 -> COVERED | L11: =IF('Daily Schedule'!G12="","UNFILLED",IF(AND('Daily Schedule'!N12<>"",J11<>"",'Daily Schedule'!N12=J11),"SAME LUNCH",IF(AND('Daily Schedule'!D12="Tier 1",OR('Daily Schedule'!P12="",'Daily Schedule'!Q12="RELIEF GAP")),"NO RELIEF",IF('Daily Schedule'!Q12="COVERED","OK",IF('Daily Schedule'!Q12="","CHECK",'Daily Schedule'!Q12))))) -> OK
A12: ='Daily Schedule'!A13 -> 1 | B12: ='Daily Schedule'!B13 -> Main Security Checkpoint | C12: ='Daily Schedule'!C13 -> Front Entrance | D12: ='Daily Schedule'!D13 -> Tier 1 | E12: ='Daily Schedule'!G13 -> Emonnie Dorsey | F12: ='Daily Schedule'!H13 -> 3:45 AM | G12: ='Daily Schedule'!N13 -> 8:00 AM | H12: =IF('Daily Schedule'!P13="","",IF(LEFT('Daily Schedule'!P13,4)="EMP-",IFERROR(INDEX('Daily Workforce'!$C$6:$C$205,MATCH('Daily Schedule'!P13,'Daily Workforce'!$B$6:$B$205,0)),IFERROR(INDEX('Employee Master'!$B$2:$B$159,MATCH('Daily Schedule'!P13,'Employee Master'!$A$2:$A$159,0)),'Daily Schedule'!P13)),'Daily Schedule'!P13)) -> Ashia Norman | I12: =IF('Daily Schedule'!O13="","",IFERROR(INDEX('Daily Schedule'!$C$6:$C$57,MATCH('Daily Schedule'!O13,'Daily Schedule'!$A$6:$A$57,0)),IFERROR(INDEX('Position Library'!$C$2:$C$53,MATCH('Daily Schedule'!O13,'Position Library'!$A$2:$A$53,0)),'Daily Schedule'!O13))) -> Front Entrance | J12: =IF('Daily Schedule'!P13="","",IFERROR(INDEX('Daily Schedule'!$N$6:$N$57,MATCH(IF(LEFT('Daily Schedule'!P13,4)="EMP-",IFERROR(INDEX('Daily Workforce'!$C$6:$C$205,MATCH('Daily Schedule'!P13,'Daily Workforce'!$B$6:$B$205,0)),'Daily Schedule'!P13),'Daily Schedule'!P13),'Daily Schedule'!$G$6:$G$57,0)),IFERROR(INDEX('Daily Schedule'!$N$6:$N$57,MATCH('Daily Schedule'!P13,'Daily Schedule'!$F$6:$F$57,0)),""))) -> 9:00 AM | K12: ='Daily Schedule'!Q13 -> COVERED | L12: =IF('Daily Schedule'!G13="","UNFILLED",IF(AND('Daily Schedule'!N13<>"",J12<>"",'Daily Schedule'!N13=J12),"SAME LUNCH",IF(AND('Daily Schedule'!D13="Tier 1",OR('Daily Schedule'!P13="",'Daily Schedule'!Q13="RELIEF GAP")),"NO RELIEF",IF('Daily Schedule'!Q13="COVERED","OK",IF('Daily Schedule'!Q13="","CHECK",'Daily Schedule'!Q13))))) -> OK
A13: ='Daily Schedule'!A14 -> 2 | B13: ='Daily Schedule'!B14 -> Main Security Checkpoint | C13: ='Daily Schedule'!C14 -> ADA Entrance | D13: ='Daily Schedule'!D14 -> Tier 1 | E13: ='Daily Schedule'!G14 -> Haddyjatou Ndure | F13: ='Daily Schedule'!H14 -> 3:45 AM | G13: ='Daily Schedule'!N14 -> 9:00 AM | H13: =IF('Daily Schedule'!P14="","",IF(LEFT('Daily Schedule'!P14,4)="EMP-",IFERROR(INDEX('Daily Workforce'!$C$6:$C$205,MATCH('Daily Schedule'!P14,'Daily Workforce'!$B$6:$B$205,0)),IFERROR(INDEX('Employee Master'!$B$2:$B$159,MATCH('Daily Schedule'!P14,'Employee Master'!$A$2:$A$159,0)),'Daily Schedule'!P14)),'Daily Schedule'!P14)) | I13: =IF('Daily Schedule'!O14="","",IFERROR(INDEX('Daily Schedule'!$C$6:$C$57,MATCH('Daily Schedule'!O14,'Daily Schedule'!$A$6:$A$57,0)),IFERROR(INDEX('Position Library'!$C$2:$C$53,MATCH('Daily Schedule'!O14,'Position Library'!$A$2:$A$53,0)),'Daily Schedule'!O14))) | J13: =IF('Daily Schedule'!P14="","",IFERROR(INDEX('Daily Schedule'!$N$6:$N$57,MATCH(IF(LEFT('Daily Schedule'!P14,4)="EMP-",IFERROR(INDEX('Daily Workforce'!$C$6:$C$205,MATCH('Daily Schedule'!P14,'Daily Workforce'!$B$6:$B$205,0)),'Daily Schedule'!P14),'Daily Schedule'!P14),'Daily Schedule'!$G$6:$G$57,0)),IFERROR(INDEX('Daily Schedule'!$N$6:$N$57,MATCH('Daily Schedule'!P14,'Daily Schedule'!$F$6:$F$57,0)),""))) | K13: ='Daily Schedule'!Q14 -> RELIEF GAP | L13: =IF('Daily Schedule'!G14="","UNFILLED",IF(AND('Daily Schedule'!N14<>"",J13<>"",'Daily Schedule'!N14=J13),"SAME LUNCH",IF(AND('Daily Schedule'!D14="Tier 1",OR('Daily Schedule'!P14="",'Daily Schedule'!Q14="RELIEF GAP")),"NO RELIEF",IF('Daily Schedule'!Q14="COVERED","OK",IF('Daily Schedule'!Q14="","CHECK",'Daily Schedule'!Q14))))) -> NO RELIEF
A14: ='Daily Schedule'!A15 -> 4 | B14: ='Daily Schedule'!B15 -> Main Security Checkpoint | C14: ='Daily Schedule'!C15 -> Inside Center | D14: ='Daily Schedule'!D15 -> Tier 1 | E14: ='Daily Schedule'!G15 | F14: ='Daily Schedule'!H15 | G14: ='Daily Schedule'!N15 | H14: =IF('Daily Schedule'!P15="","",IF(LEFT('Daily Schedule'!P15,4)="EMP-",IFERROR(INDEX('Daily Workforce'!$C$6:$C$205,MATCH('Daily Schedule'!P15,'Daily Workforce'!$B$6:$B$205,0)),IFERROR(INDEX('Employee Master'!$B$2:$B$159,MATCH('Daily Schedule'!P15,'Employee Master'!$A$2:$A$159,0)),'Daily Schedule'!P15)),'Daily Schedule'!P15)) -> Kelon Arnold | I14: =IF('Daily Schedule'!O15="","",IFERROR(INDEX('Daily Schedule'!$C$6:$C$57,MATCH('Daily Schedule'!O15,'Daily Schedule'!$A$6:$A$57,0)),IFERROR(INDEX('Position Library'!$C$2:$C$53,MATCH('Daily Schedule'!O15,'Position Library'!$A$2:$A$53,0)),'Daily Schedule'!O15))) -> Lanes 1 - 3 / Pre-Check | J14: =IF('Daily Schedule'!P15="","",IFERROR(INDEX('Daily Schedule'!$N$6:$N$57,MATCH(IF(LEFT('Daily Schedule'!P15,4)="EMP-",IFERROR(INDEX('Daily Workforce'!$C$6:$C$205,MATCH('Daily Schedule'!P15,'Daily Workforce'!$B$6:$B$205,0)),'Daily Schedule'!P15),'Daily Schedule'!P15),'Daily Schedule'!$G$6:$G$57,0)),IFERROR(INDEX('Daily Schedule'!$N$6:$N$57,MATCH('Daily Schedule'!P15,'Daily Schedule'!$F$6:$F$57,0)),""))) -> 8:00 AM | K14: ='Daily Schedule'!Q15 -> POSITION UNFILLED | L14: =IF('Daily Schedule'!G15="","UNFILLED",IF(AND('Daily Schedule'!N15<>"",J14<>"",'Daily Schedule'!N15=J14),"SAME LUNCH",IF(AND('Daily Schedule'!D15="Tier 1",OR('Daily Schedule'!P15="",'Daily Schedule'!Q15="RELIEF GAP")),"NO RELIEF",IF('Daily Schedule'!Q15="COVERED","OK",IF('Daily Schedule'!Q15="","CHECK",'Daily Schedule'!Q15))))) -> UNFILLED
A15: ='Daily Schedule'!A16 -> 5 | B15: ='Daily Schedule'!B16 -> Main Security Checkpoint | C15: ='Daily Schedule'!C16 -> Lanes 1 - 3 / Pre-Check | D15: ='Daily Schedule'!D16 -> Tier 1 | E15: ='Daily Schedule'!G16 -> Kelon Arnold | F15: ='Daily Schedule'!H16 -> 3:45 AM | G15: ='Daily Schedule'!N16 -> 8:00 AM | H15: =IF('Daily Schedule'!P16="","",IF(LEFT('Daily Schedule'!P16,4)="EMP-",IFERROR(INDEX('Daily Workforce'!$C$6:$C$205,MATCH('Daily Schedule'!P16,'Daily Workforce'!$B$6:$B$205,0)),IFERROR(INDEX('Employee Master'!$B$2:$B$159,MATCH('Daily Schedule'!P16,'Employee Master'!$A$2:$A$159,0)),'Daily Schedule'!P16)),'Daily Schedule'!P16)) -> Aleah Mckinnon | I15: =IF('Daily Schedule'!O16="","",IFERROR(INDEX('Daily Schedule'!$C$6:$C$57,MATCH('Daily Schedule'!O16,'Daily Schedule'!$A$6:$A$57,0)),IFERROR(INDEX('Position Library'!$C$2:$C$53,MATCH('Daily Schedule'!O16,'Position Library'!$A$2:$A$53,0)),'Daily Schedule'!O16))) -> Lanes 17 - 18 | J15: =IF('Daily Schedule'!P16="","",IFERROR(INDEX('Daily Schedule'!$N$6:$N$57,MATCH(IF(LEFT('Daily Schedule'!P16,4)="EMP-",IFERROR(INDEX('Daily Workforce'!$C$6:$C$205,MATCH('Daily Schedule'!P16,'Daily Workforce'!$B$6:$B$205,0)),'Daily Schedule'!P16),'Daily Schedule'!P16),'Daily Schedule'!$G$6:$G$57,0)),IFERROR(INDEX('Daily Schedule'!$N$6:$N$57,MATCH('Daily Schedule'!P16,'Daily Schedule'!$F$6:$F$57,0)),""))) -> 10:00 AM | K15: ='Daily Schedule'!Q16 -> COVERED | L15: =IF('Daily Schedule'!G16="","UNFILLED",IF(AND('Daily Schedule'!N16<>"",J15<>"",'Daily Schedule'!N16=J15),"SAME LUNCH",IF(AND('Daily Schedule'!D16="Tier 1",OR('Daily Schedule'!P16="",'Daily Schedule'!Q16="RELIEF GAP")),"NO RELIEF",IF('Daily Schedule'!Q16="COVERED","OK",IF('Daily Schedule'!Q16="","CHECK",'Daily Schedule'!Q16))))) -> OK
A16: ='Daily Schedule'!A17 -> 8 | B16: ='Daily Schedule'!B17 -> Main Security Checkpoint | C16: ='Daily Schedule'!C17 -> Inside Center | D16: ='Daily Schedule'!D17 -> Tier 1 | E16: ='Daily Schedule'!G17 | F16: ='Daily Schedule'!H17 | G16: ='Daily Schedule'!N17 | H16: =IF('Daily Schedule'!P17="","",IF(LEFT('Daily Schedule'!P17,4)="EMP-",IFERROR(INDEX('Daily Workforce'!$C$6:$C$205,MATCH('Daily Schedule'!P17,'Daily Workforce'!$B$6:$B$205,0)),IFERROR(INDEX('Employee Master'!$B$2:$B$159,MATCH('Daily Schedule'!P17,'Employee Master'!$A$2:$A$159,0)),'Daily Schedule'!P17)),'Daily Schedule'!P17)) -> Aleah Mckinnon | I16: =IF('Daily Schedule'!O17="","",IFERROR(INDEX('Daily Schedule'!$C$6:$C$57,MATCH('Daily Schedule'!O17,'Daily Schedule'!$A$6:$A$57,0)),IFERROR(INDEX('Position Library'!$C$2:$C$53,MATCH('Daily Schedule'!O17,'Position Library'!$A$2:$A$53,0)),'Daily Schedule'!O17))) -> Lanes 17 - 18 | J16: =IF('Daily Schedule'!P17="","",IFERROR(INDEX('Daily Schedule'!$N$6:$N$57,MATCH(IF(LEFT('Daily Schedule'!P17,4)="EMP-",IFERROR(INDEX('Daily Workforce'!$C$6:$C$205,MATCH('Daily Schedule'!P17,'Daily Workforce'!$B$6:$B$205,0)),'Daily Schedule'!P17),'Daily Schedule'!P17),'Daily Schedule'!$G$6:$G$57,0)),IFERROR(INDEX('Daily Schedule'!$N$6:$N$57,MATCH('Daily Schedule'!P17,'Daily Schedule'!$F$6:$F$57,0)),""))) -> 10:00 AM | K16: ='Daily Schedule'!Q17 -> POSITION UNFILLED | L16: =IF('Daily Schedule'!G17="","UNFILLED",IF(AND('Daily Schedule'!N17<>"",J16<>"",'Daily Schedule'!N17=J16),"SAME LUNCH",IF(AND('Daily Schedule'!D17="Tier 1",OR('Daily Schedule'!P17="",'Daily Schedule'!Q17="RELIEF GAP")),"NO RELIEF",IF('Daily Schedule'!Q17="COVERED","OK",IF('Daily Schedule'!Q17="","CHECK",'Daily Schedule'!Q17))))) -> UNFILLED
... A56: ='Daily Schedule'!A57 -> 44 | B56: ='Daily Schedule'!B57 -> AGT Level | C56: ='Daily Schedule'!C57 -> Delta West | D56: ='Daily Schedule'!D57 -> Tier 4 | E56: ='Daily Schedule'!G57 -> Vanessa Cortes | F56: ='Daily Schedule'!H57 -> 5:45 AM | G56: ='Daily Schedule'!N57 -> 10:00 AM | H56: =IF('Daily Schedule'!P57="","",IF(LEFT('Daily Schedule'!P57,4)="EMP-",IFERROR(INDEX('Daily Workforce'!$C$6:$C$205,MATCH('Daily Schedule'!P57,'Daily Workforce'!$B$6:$B$205,0)),IFERROR(INDEX('Employee Master'!$B$2:$B$159,MATCH('Daily Schedule'!P57,'Employee Master'!$A$2:$A$159,0)),'Daily Schedule'!P57)),'Daily Schedule'!P57)) | I56: =IF('Daily Schedule'!O57="","",IFERROR(INDEX('Daily Schedule'!$C$6:$C$57,MATCH('Daily Schedule'!O57,'Daily Schedule'!$A$6:$A$57,0)),IFERROR(INDEX('Position Library'!$C$2:$C$53,MATCH('Daily Schedule'!O57,'Position Library'!$A$2:$A$53,0)),'Daily Schedule'!O57))) | J56: =IF('Daily Schedule'!P57="","",IFERROR(INDEX('Daily Schedule'!$N$6:$N$57,MATCH(IF(LEFT('Daily Schedule'!P57,4)="EMP-",IFERROR(INDEX('Daily Workforce'!$C$6:$C$205,MATCH('Daily Schedule'!P57,'Daily Workforce'!$B$6:$B$205,0)),'Daily Schedule'!P57),'Daily Schedule'!P57),'Daily Schedule'!$G$6:$G$57,0)),IFERROR(INDEX('Daily Schedule'!$N$6:$N$57,MATCH('Daily Schedule'!P57,'Daily Schedule'!$F$6:$F$57,0)),""))) | K56: ='Daily Schedule'!Q57 -> NOT REQUIRED | L56: =IF('Daily Schedule'!G57="","UNFILLED",IF(AND('Daily Schedule'!N57<>"",J56<>"",'Daily Schedule'!N57=J56),"SAME LUNCH",IF(AND('Daily Schedule'!D57="Tier 1",OR('Daily Schedule'!P57="",'Daily Schedule'!Q57="RELIEF GAP")),"NO RELIEF",IF('Daily Schedule'!Q57="COVERED","OK",IF('Daily Schedule'!Q57="","CHECK",'Daily Schedule'!Q57))))) -> NOT REQUIRED
A58: Legend / Status meanings:
A59: OK | B59: Primary has coverage and (if relief exists) lunches do not overlap
A60: SAME LUNCH | B60: Primary and Break Relief Agent share the same lunch window → position uncovered during that hour
A61: NO RELIEF | B61: Tier 1 position has an assignee but no named break relief agent
A62: UNFILLED | B62: No employee currently assigned to this position
A63: RELIEF GAP / other | B63: See Break Coverage column and Daily Schedule for details
A65: Note: Tier 1 positions (mandatory coverage) appear with orange-tinted rows after you open the file in Excel if you apply a filter or conditional format on the Tier column = "Tier 1".

Sheet Employee Master
A1: Employee ID | B1: Employee Name | C1: Shift | D1: Days Off | E1: Lead | F1: Mentor | G1: Active | H1: Lunch Preference | I1: Shift Group | K1: Shift Order
A2: EMP-0001 | B2: Aaliyah Snider | C2: 2:00 PM | D2: Wed, Thu | E2: N | F2: N | G2: Y | H2: None | I2: =IF(C2="","",IF(OR(C2="3:45 AM",C2="5:45 AM"),"AM",IF(OR(C2="12:15 PM",C2="2:00 PM"),"PM","Overnight"))) -> PM | K2: =IF(C2="","",IF(C2="3:45 AM",1,IF(C2="5:45 AM",2,IF(C2="12:15 PM",3,IF(C2="2:00 PM",4,IF(C2="9:15 PM",5,"")))))) -> 4
A3: EMP-0002 | B3: Abdou Mballo | C3: 5:45 AM | D3: Mon, Tue, Wed, Thu, Fri | E3: N | F3: N | G3: Y | H3: None | I3: =IF(C3="","",IF(OR(C3="3:45 AM",C3="5:45 AM"),"AM",IF(OR(C3="12:15 PM",C3="2:00 PM"),"PM","Overnight"))) -> AM | K3: =IF(C3="","",IF(C3="3:45 AM",1,IF(C3="5:45 AM",2,IF(C3="12:15 PM",3,IF(C3="2:00 PM",4,IF(C3="9:15 PM",5,"")))))) -> 2
A4: EMP-0003 | B4: Abebe Ambaye | C4: 5:45 AM | D4: Sat, Sun | E4: Y | F4: N | G4: Y | H4: None | I4: =IF(C4="","",IF(OR(C4="3:45 AM",C4="5:45 AM"),"AM",IF(OR(C4="12:15 PM",C4="2:00 PM"),"PM","Overnight"))) -> AM | K4: =IF(C4="","",IF(C4="3:45 AM",1,IF(C4="5:45 AM",2,IF(C4="12:15 PM",3,IF(C4="2:00 PM",4,IF(C4="9:15 PM",5,"")))))) -> 2
A5: EMP-0004 | B5: Adeyeye Opaaje | C5: 5:45 AM | D5: Sat, Sun | E5: N | F5: N | G5: Y | H5: None | I5: =IF(C5="","",IF(OR(C5="3:45 AM",C5="5:45 AM"),"AM",IF(OR(C5="12:15 PM",C5="2:00 PM"),"PM","Overnight"))) -> AM | K5: =IF(C5="","",IF(C5="3:45 AM",1,IF(C5="5:45 AM",2,IF(C5="12:15 PM",3,IF(C5="2:00 PM",4,IF(C5="9:15 PM",5,"")))))) -> 2
A6: EMP-0005 | B6: Adrian Franklin | C6: 12:15 PM | D6: Sun, Mon | E6: Y | F6: N | G6: Y | H6: None | I6: =IF(C6="","",IF(OR(C6="3:45 AM",C6="5:45 AM"),"AM",IF(OR(C6="12:15 PM",C6="2:00 PM"),"PM","Overnight"))) -> PM | K6: =IF(C6="","",IF(C6="3:45 AM",1,IF(C6="5:45 AM",2,IF(C6="12:15 PM",3,IF(C6="2:00 PM",4,IF(C6="9:15 PM",5,"")))))) -> 3
A7: EMP-0006 | B7: Agnes Bammannage | C7: 12:15 PM | D7: Fri, Sat | E7: N | F7: N | G7: Y | H7: None | I7: =IF(C7="","",IF(OR(C7="3:45 AM",C7="5:45 AM"),"AM",IF(OR(C7="12:15 PM",C7="2:00 PM"),"PM","Overnight"))) -> PM | K7: =IF(C7="","",IF(C7="3:45 AM",1,IF(C7="5:45 AM",2,IF(C7="12:15 PM",3,IF(C7="2:00 PM",4,IF(C7="9:15 PM",5,"")))))) -> 3
A8: EMP-0007 | B8: Ahamed John | C8: 3:45 AM | D8: Thu, Fri | E8: N | F8: N | G8: Y | H8: None | I8: =IF(C8="","",IF(OR(C8="3:45 AM",C8="5:45 AM"),"AM",IF(OR(C8="12:15 PM",C8="2:00 PM"),"PM","Overnight"))) -> AM | K8: =IF(C8="","",IF(C8="3:45 AM",1,IF(C8="5:45 AM",2,IF(C8="12:15 PM",3,IF(C8="2:00 PM",4,IF(C8="9:15 PM",5,"")))))) -> 1
A9: EMP-0008 | B9: Akuugo Nduaguba | C9: 2:00 PM | D9: Wed, Thu | E9: N | F9: N | G9: Y | H9: None | I9: =IF(C9="","",IF(OR(C9="3:45 AM",C9="5:45 AM"),"AM",IF(OR(C9="12:15 PM",C9="2:00 PM"),"PM","Overnight"))) -> PM | K9: =IF(C9="","",IF(C9="3:45 AM",1,IF(C9="5:45 AM",2,IF(C9="12:15 PM",3,IF(C9="2:00 PM",4,IF(C9="9:15 PM",5,"")))))) -> 4
A10: EMP-0009 | B10: Aleah Mckinnon | C10: 5:45 AM | D10: Thu, Fri | E10: N | F10: N | G10: Y | H10: None | I10: =IF(C10="","",IF(OR(C10="3:45 AM",C10="5:45 AM"),"AM",IF(OR(C10="12:15 PM",C10="2:00 PM"),"PM","Overnight"))) -> AM | K10: =IF(C10="","",IF(C10="3:45 AM",1,IF(C10="5:45 AM",2,IF(C10="12:15 PM",3,IF(C10="2:00 PM",4,IF(C10="9:15 PM",5,"")))))) -> 2
A11: EMP-0010 | B11: Allen Suggs | C11: 3:45 AM | D11: Fri, Sat | E11: N | F11: N | G11: Y | H11: None | I11: =IF(C11="","",IF(OR(C11="3:45 AM",C11="5:45 AM"),"AM",IF(OR(C11="12:15 PM",C11="2:00 PM"),"PM","Overnight"))) -> AM | K11: =IF(C11="","",IF(C11="3:45 AM",1,IF(C11="5:45 AM",2,IF(C11="12:15 PM",3,IF(C11="2:00 PM",4,IF(C11="9:15 PM",5,"")))))) -> 1
A12: EMP-0011 | B12: Alyssa Prince | C12: 12:15 PM | D12: Wed, Thu | E12: N | F12: N | G12: Y | H12: None | I12: =IF(C12="","",IF(OR(C12="3:45 AM",C12="5:45 AM"),"AM",IF(OR(C12="12:15 PM",C12="2:00 PM"),"PM","Overnight"))) -> PM | K12: =IF(C12="","",IF(C12="3:45 AM",1,IF(C12="5:45 AM",2,IF(C12="12:15 PM",3,IF(C12="2:00 PM",4,IF(C12="9:15 PM",5,"")))))) -> 3
A13: EMP-0012 | B13: Amadou Diallo | C13: 12:15 PM | D13: Thu, Fri | E13: N | F13: N | G13: Y | H13: None | I13: =IF(C13="","",IF(OR(C13="3:45 AM",C13="5:45 AM"),"AM",IF(OR(C13="12:15 PM",C13="2:00 PM"),"PM","Overnight"))) -> PM | K13: =IF(C13="","",IF(C13="3:45 AM",1,IF(C13="5:45 AM",2,IF(C13="12:15 PM",3,IF(C13="2:00 PM",4,IF(C13="9:15 PM",5,"")))))) -> 3
... A20: EMP-0019 | B20: Ashley Lazenby | C20: 2:00 PM | D20: Wed, Thu | E20: N | F20: N | G20: Y | H20: None | I20: =IF(C20="","",IF(OR(C20="3:45 AM",C20="5:45 AM"),"AM",IF(OR(C20="12:15 PM",C20="2:00 PM"),"PM","Overnight"))) -> PM | K20: =IF(C20="","",IF(C20="3:45 AM",1,IF(C20="5:45 AM",2,IF(C20="12:15 PM",3,IF(C20="2:00 PM",4,IF(C20="9:15 PM",5,"")))))) -> 4
A21: EMP-0020 | B21: Ashtin Keys | C21: 9:15 PM | E21: N | F21: N | G21: Y | H21: None | I21: =IF(C21="","",IF(OR(C21="3:45 AM",C21="5:45 AM"),"AM",IF(OR(C21="12:15 PM",C21="2:00 PM"),"PM","Overnight"))) -> Overnight | K21: =IF(C21="","",IF(C21="3:45 AM",1,IF(C21="5:45 AM",2,IF(C21="12:15 PM",3,IF(C21="2:00 PM",4,IF(C21="9:15 PM",5,"")))))) -> 5
A22: EMP-0021 | B22: Auniyah Bell | C22: 2:00 PM | D22: Mon, Tue | E22: Y | F22: N | G22: Y | H22: None | I22: =IF(C22="","",IF(OR(C22="3:45 AM",C22="5:45 AM"),"AM",IF(OR(C22="12:15 PM",C22="2:00 PM"),"PM","Overnight"))) -> PM | K22: =IF(C22="","",IF(C22="3:45 AM",1,IF(C22="5:45 AM",2,IF(C22="12:15 PM",3,IF(C22="2:00 PM",4,IF(C22="9:15 PM",5,"")))))) -> 4
A23: EMP-0022 | B23: Benjamin Crosby | C23: 3:45 AM | D23: Wed, Thu | E23: N | F23: N | G23: Y | H23: None | I23: =IF(C23="","",IF(OR(C23="3:45 AM",C23="5:45 AM"),"AM",IF(OR(C23="12:15 PM",C23="2:00 PM"),"PM","Overnight"))) -> AM | K23: =IF(C23="","",IF(C23="3:45 AM",1,IF(C23="5:45 AM",2,IF(C23="12:15 PM",3,IF(C23="2:00 PM",4,IF(C23="9:15 PM",5,"")))))) -> 1
A24: EMP-0023 | B24: Betelhem Wubshet | C24: 12:15 PM | D24: Mon, Tue | E24: N | F24: N | G24: Y | H24: None | I24: =IF(C24="","",IF(OR(C24="3:45 AM",C24="5:45 AM"),"AM",IF(OR(C24="12:15 PM",C24="2:00 PM"),"PM","Overnight"))) -> PM | K24: =IF(C24="","",IF(C24="3:45 AM",1,IF(C24="5:45 AM",2,IF(C24="12:15 PM",3,IF(C24="2:00 PM",4,IF(C24="9:15 PM",5,"")))))) -> 3
A25: EMP-0024 | B25: Beverly Felton | C25: 3:45 AM | D25: Sun, Mon, Tue | E25: N | F25: N | G25: Y | H25: None | I25: =IF(C25="","",IF(OR(C25="3:45 AM",C25="5:45 AM"),"AM",IF(OR(C25="12:15 PM",C25="2:00 PM"),"PM","Overnight"))) -> AM | K25: =IF(C25="","",IF(C25="3:45 AM",1,IF(C25="5:45 AM",2,IF(C25="12:15 PM",3,IF(C25="2:00 PM",4,IF(C25="9:15 PM",5,"")))))) -> 1
A26: EMP-0025 | B26: Bintou Gueye | C26: 5:45 AM | D26: Mon, Tue | E26: N | F26: N | G26: Y | H26: None | I26: =IF(C26="","",IF(OR(C26="3:45 AM",C26="5:45 AM"),"AM",IF(OR(C26="12:15 PM",C26="2:00 PM"),"PM","Overnight"))) -> AM | K26: =IF(C26="","",IF(C26="3:45 AM",1,IF(C26="5:45 AM",2,IF(C26="12:15 PM",3,IF(C26="2:00 PM",4,IF(C26="9:15 PM",5,"")))))) -> 2
A27: EMP-0026 | B27: Birhanu Hailu | C27: 5:45 AM | D27: Thu, Fri | E27: N | F27: N | G27: Y | H27: None | I27: =IF(C27="","",IF(OR(C27="3:45 AM",C27="5:45 AM"),"AM",IF(OR(C27="12:15 PM",C27="2:00 PM"),"PM","Overnight"))) -> AM | K27: =IF(C27="","",IF(C27="3:45 AM",1,IF(C27="5:45 AM",2,IF(C27="12:15 PM",3,IF(C27="2:00 PM",4,IF(C27="9:15 PM",5,"")))))) -> 2
A28: EMP-0027 | B28: Braheem Wooden | C28: 2:00 PM | D28: Tue, Wed | E28: N | F28: N | G28: Y | H28: None | I28: =IF(C28="","",IF(OR(C28="3:45 AM",C28="5:45 AM"),"AM",IF(OR(C28="12:15 PM",C28="2:00 PM"),"PM","Overnight"))) -> PM | K28: =IF(C28="","",IF(C28="3:45 AM",1,IF(C28="5:45 AM",2,IF(C28="12:15 PM",3,IF(C28="2:00 PM",4,IF(C28="9:15 PM",5,"")))))) -> 4
A29: EMP-0028 | B29: Brain Lee | C29: 5:45 AM | D29: Thu, Fri | E29: N | F29: N | G29: Y | H29: None | I29: =IF(C29="","",IF(OR(C29="3:45 AM",C29="5:45 AM"),"AM",IF(OR(C29="12:15 PM",C29="2:00 PM"),"PM","Overnight"))) -> AM | K29: =IF(C29="","",IF(C29="3:45 AM",1,IF(C29="5:45 AM",2,IF(C29="12:15 PM",3,IF(C29="2:00 PM",4,IF(C29="9:15 PM",5,"")))))) -> 2
A30: EMP-0029 | B30: Brianna Bryant | C30: 3:45 AM | D30: Tue, Wed | E30: N | F30: N | G30: Y | H30: None | I30: =IF(C30="","",IF(OR(C30="3:45 AM",C30="5:45 AM"),"AM",IF(OR(C30="12:15 PM",C30="2:00 PM"),"PM","Overnight"))) -> AM | K30: =IF(C30="","",IF(C30="3:45 AM",1,IF(C30="5:45 AM",2,IF(C30="12:15 PM",3,IF(C30="2:00 PM",4,IF(C30="9:15 PM",5,"")))))) -> 1
A31: EMP-0030 | B31: Brittany Gaither | C31: 2:00 PM | D31: Mon, Tue | E31: N | F31: N | G31: Y | H31: None | I31: =IF(C31="","",IF(OR(C31="3:45 AM",C31="5:45 AM"),"AM",IF(OR(C31="12:15 PM",C31="2:00 PM"),"PM","Overnight"))) -> PM | K31: =IF(C31="","",IF(C31="3:45 AM",1,IF(C31="5:45 AM",2,IF(C31="12:15 PM",3,IF(C31="2:00 PM",4,IF(C31="9:15 PM",5,"")))))) -> 4
A32: EMP-0031 | B32: Brittney Quave | C32: 12:15 PM | D32: Thu, Fri | E32: N | F32: N | G32: Y | H32: None | I32: =IF(C32="","",IF(OR(C32="3:45 AM",C32="5:45 AM"),"AM",IF(OR(C32="12:15 PM",C32="2:00 PM"),"PM","Overnight"))) -> PM | K32: =IF(C32="","",IF(C32="3:45 AM",1,IF(C32="5:45 AM",2,IF(C32="12:15 PM",3,IF(C32="2:00 PM",4,IF(C32="9:15 PM",5,"")))))) -> 3
A33: EMP-0032 | B33: Camille Muhammad | C33: 9:15 PM | E33: N | F33: N | G33: Y | H33: None | I33: =IF(C33="","",IF(OR(C33="3:45 AM",C33="5:45 AM"),"AM",IF(OR(C33="12:15 PM",C33="2:00 PM"),"PM","Overnight"))) -> Overnight | K33: =IF(C33="","",IF(C33="3:45 AM",1,IF(C33="5:45 AM",2,IF(C33="12:15 PM",3,IF(C33="2:00 PM",4,IF(C33="9:15 PM",5,"")))))) -> 5
A34: EMP-0033 | B34: Camille Underwood | C34: 9:15 PM | E34: N | F34: N | G34: Y | H34: None | I34: =IF(C34="","",IF(OR(C34="3:45 AM",C34="5:45 AM"),"AM",IF(OR(C34="12:15 PM",C34="2:00 PM"),"PM","Overnight"))) -> Overnight | K34: =IF(C34="","",IF(C34="3:45 AM",1,IF(C34="5:45 AM",2,IF(C34="12:15 PM",3,IF(C34="2:00 PM",4,IF(C34="9:15 PM",5,"")))))) -> 5
A35: EMP-0034 | B35: Carrie Weaver | C35: 12:15 PM | D35: Sat, Sun | E35: N | F35: N | G35: Y | H35: None | I35: =IF(C35="","",IF(OR(C35="3:45 AM",C35="5:45 AM"),"AM",IF(OR(C35="12:15 PM",C35="2:00 PM"),"PM","Overnight"))) -> PM | K35: =IF(C35="","",IF(C35="3:45 AM",1,IF(C35="5:45 AM",2,IF(C35="12:15 PM",3,IF(C35="2:00 PM",4,IF(C35="9:15 PM",5,"")))))) -> 3
A36: EMP-0035 | B36: Cathy Foster | C36: 3:45 AM | D36: Mon, Tue | E36: Y | F36: N | G36: Y | H36: None | I36: =IF(C36="","",IF(OR(C36="3:45 AM",C36="5:45 AM"),"AM",IF(OR(C36="12:15 PM",C36="2:00 PM"),"PM","Overnight"))) -> AM | K36: =IF(C36="","",IF(C36="3:45 AM",1,IF(C36="5:45 AM",2,IF(C36="12:15 PM",3,IF(C36="2:00 PM",4,IF(C36="9:15 PM",5,"")))))) -> 1
A37: EMP-0036 | B37: Cheikh Sylla | C37: 2:00 PM | D37: Thu, Fri | E37: N | F37: N | G37: Y | H37: None | I37: =IF(C37="","",IF(OR(C37="3:45 AM",C37="5:45 AM"),"AM",IF(OR(C37="12:15 PM",C37="2:00 PM"),"PM","Overnight"))) -> PM | K37: =IF(C37="","",IF(C37="3:45 AM",1,IF(C37="5:45 AM",2,IF(C37="12:15 PM",3,IF(C37="2:00 PM",4,IF(C37="9:15 PM",5,"")))))) -> 4
A38: EMP-0037 | B38: Chiedu Memeh | C38: 12:15 PM | D38: Fri, Sat | E38: N | F38: N | G38: Y | H38: None | I38: =IF(C38="","",IF(OR(C38="3:45 AM",C38="5:45 AM"),"AM",IF(OR(C38="12:15 PM",C38="2:00 PM"),"PM","Overnight"))) -> PM | K38: =IF(C38="","",IF(C38="3:45 AM",1,IF(C38="5:45 AM",2,IF(C38="12:15 PM",3,IF(C38="2:00 PM",4,IF(C38="9:15 PM",5,"")))))) -> 3
A39: EMP-0038 | B39: Chris Jungson | C39: 2:00 PM | D39: Mon, Tue | E39: N | F39: N | G39: Y | H39: None | I39: =IF(C39="","",IF(OR(C39="3:45 AM",C39="5:45 AM"),"AM",IF(OR(C39="12:15 PM",C39="2:00 PM"),"PM","Overnight"))) -> PM | K39: =IF(C39="","",IF(C39="3:45 AM",1,IF(C39="5:45 AM",2,IF(C39="12:15 PM",3,IF(C39="2:00 PM",4,IF(C39="9:15 PM",5,"")))))) -> 4
A40: EMP-0039 | B40: Christopher White | C40: 2:00 PM | D40: Sun, Mon | E40: N | F40: N | G40: Y | H40: None | I40: =IF(C40="","",IF(OR(C40="3:45 AM",C40="5:45 AM"),"AM",IF(OR(C40="12:15 PM",C40="2:00 PM"),"PM","Overnight"))) -> PM | K40: =IF(C40="","",IF(C40="3:45 AM",1,IF(C40="5:45 AM",2,IF(C40="12:15 PM",3,IF(C40="2:00 PM",4,IF(C40="9:15 PM",5,"")))))) -> 4
A41: EMP-0040 | B41: Chrystal Harvey | C41: 5:45 AM | D41: Thu, Fri | E41: N | F41: N | G41: Y | H41: None | I41: =IF(C41="","",IF(OR(C41="3:45 AM",C41="5:45 AM"),"AM",IF(OR(C41="12:15 PM",C41="2:00 PM"),"PM","Overnight"))) -> AM | K41: =IF(C41="","",IF(C41="3:45 AM",1,IF(C41="5:45 AM",2,IF(C41="12:15 PM",3,IF(C41="2:00 PM",4,IF(C41="9:15 PM",5,"")))))) -> 2
A42: EMP-0041 | B42: Cicely Thicklin | C42: 5:45 AM | D42: Sat, Sun | E42: N | F42: N | G42: Y | H42: None | I42: =IF(C42="","",IF(OR(C42="3:45 AM",C42="5:45 AM"),"AM",IF(OR(C42="12:15 PM",C42="2:00 PM"),"PM","Overnight"))) -> AM | K42: =IF(C42="","",IF(C42="3:45 AM",1,IF(C42="5:45 AM",2,IF(C42="12:15 PM",3,IF(C42="2:00 PM",4,IF(C42="9:15 PM",5,"")))))) -> 2
A43: EMP-0042 | B43: Crosby Pavon-Lacayo | C43: 3:45 AM | D43: Wed, Thu | E43: N | F43: N | G43: Y | H43: None | I43: =IF(C43="","",IF(OR(C43="3:45 AM",C43="5:45 AM"),"AM",IF(OR(C43="12:15 PM",C43="2:00 PM"),"PM","Overnight"))) -> AM | K43: =IF(C43="","",IF(C43="3:45 AM",1,IF(C43="5:45 AM",2,IF(C43="12:15 PM",3,IF(C43="2:00 PM",4,IF(C43="9:15 PM",5,"")))))) -> 1
A44: EMP-0043 | B44: Curtis Raiford | C44: 3:45 AM | D44: Tue, Wed | E44: Y | F44: N | G44: Y | H44: None | I44: =IF(C44="","",IF(OR(C44="3:45 AM",C44="5:45 AM"),"AM",IF(OR(C44="12:15 PM",C44="2:00 PM"),"PM","Overnight"))) -> AM | K44: =IF(C44="","",IF(C44="3:45 AM",1,IF(C44="5:45 AM",2,IF(C44="12:15 PM",3,IF(C44="2:00 PM",4,IF(C44="9:15 PM",5,"")))))) -> 1
A45: EMP-0044 | B45: Danielle Holmes | C45: 3:45 AM | D45: Sun, Mon | E45: N | F45: N | G45: Y | H45: None | I45: =IF(C45="","",IF(OR(C45="3:45 AM",C45="5:45 AM"),"AM",IF(OR(C45="12:15 PM",C45="2:00 PM"),"PM","Overnight"))) -> AM | K45: =IF(C45="","",IF(C45="3:45 AM",1,IF(C45="5:45 AM",2,IF(C45="12:15 PM",3,IF(C45="2:00 PM",4,IF(C45="9:15 PM",5,"")))))) -> 1
A46: EMP-0045 | B46: Darrius Dunlap | C46: 12:15 PM | D46: Fri, Sat | E46: N | F46: N | G46: Y | H46: None | I46: =IF(C46="","",IF(OR(C46="3:45 AM",C46="5:45 AM"),"AM",IF(OR(C46="12:15 PM",C46="2:00 PM"),"PM","Overnight"))) -> PM | K46: =IF(C46="","",IF(C46="3:45 AM",1,IF(C46="5:45 AM",2,IF(C46="12:15 PM",3,IF(C46="2:00 PM",4,IF(C46="9:15 PM",5,"")))))) -> 3
... A85: EMP-0084 | B85: Khalia Mitchell | C85: 2:00 PM | D85: Sat, Sun | E85: N | F85: N | G85: Y | H85: None | I85: =IF(C85="","",IF(OR(C85="3:45 AM",C85="5:45 AM"),"AM",IF(OR(C85="12:15 PM",C85="2:00 PM"),"PM","Overnight"))) -> PM | K85: =IF(C85="","",IF(C85="3:45 AM",1,IF(C85="5:45 AM",2,IF(C85="12:15 PM",3,IF(C85="2:00 PM",4,IF(C85="9:15 PM",5,"")))))) -> 4
A86: EMP-0085 | B86: Khursheeda Nasreen | C86: 9:15 PM | E86: N | F86: N | G86: Y | H86: None | I86: =IF(C86="","",IF(OR(C86="3:45 AM",C86="5:45 AM"),"AM",IF(OR(C86="12:15 PM",C86="2:00 PM"),"PM","Overnight"))) -> Overnight | K86: =IF(C86="","",IF(C86="3:45 AM",1,IF(C86="5:45 AM",2,IF(C86="12:15 PM",3,IF(C86="2:00 PM",4,IF(C86="9:15 PM",5,"")))))) -> 5
A87: EMP-0086 | B87: Kidest Solomon | C87: 5:45 AM | D87: Thu, Fri | E87: N | F87: N | G87: Y | H87: None | I87: =IF(C87="","",IF(OR(C87="3:45 AM",C87="5:45 AM"),"AM",IF(OR(C87="12:15 PM",C87="2:00 PM"),"PM","Overnight"))) -> AM | K87: =IF(C87="","",IF(C87="3:45 AM",1,IF(C87="5:45 AM",2,IF(C87="12:15 PM",3,IF(C87="2:00 PM",4,IF(C87="9:15 PM",5,"")))))) -> 2
A88: EMP-0087 | B88: Kimberly Morrison | C88: 3:45 AM | D88: Thu, Fri | E88: N | F88: N | G88: Y | H88: None | I88: =IF(C88="","",IF(OR(C88="3:45 AM",C88="5:45 AM"),"AM",IF(OR(C88="12:15 PM",C88="2:00 PM"),"PM","Overnight"))) -> AM | K88: =IF(C88="","",IF(C88="3:45 AM",1,IF(C88="5:45 AM",2,IF(C88="12:15 PM",3,IF(C88="2:00 PM",4,IF(C88="9:15 PM",5,"")))))) -> 1
A89: EMP-0088 | B89: Kimberly Smoot | C89: 5:45 AM | D89: Wed, Thu | E89: N | F89: N | G89: Y | H89: None | I89: =IF(C89="","",IF(OR(C89="3:45 AM",C89="5:45 AM"),"AM",IF(OR(C89="12:15 PM",C89="2:00 PM"),"PM","Overnight"))) -> AM | K89: =IF(C89="","",IF(C89="3:45 AM",1,IF(C89="5:45 AM",2,IF(C89="12:15 PM",3,IF(C89="2:00 PM",4,IF(C89="9:15 PM",5,"")))))) -> 2
A90: EMP-0089 | B90: Kimora Mcnair | C90: 5:45 AM | D90: Mon, Tue | E90: N | F90: N | G90: Y | H90: None | I90: =IF(C90="","",IF(OR(C90="3:45 AM",C90="5:45 AM"),"AM",IF(OR(C90="12:15 PM",C90="2:00 PM"),"PM","Overnight"))) -> AM | K90: =IF(C90="","",IF(C90="3:45 AM",1,IF(C90="5:45 AM",2,IF(C90="12:15 PM",3,IF(C90="2:00 PM",4,IF(C90="9:15 PM",5,"")))))) -> 2
A91: EMP-0090 | B91: Kori Jenkins | C91: 2:00 PM | D91: Thu, Fri | E91: N | F91: N | G91: Y | H91: None | I91: =IF(C91="","",IF(OR(C91="3:45 AM",C91="5:45 AM"),"AM",IF(OR(C91="12:15 PM",C91="2:00 PM"),"PM","Overnight"))) -> PM | K91: =IF(C91="","",IF(C91="3:45 AM",1,IF(C91="5:45 AM",2,IF(C91="12:15 PM",3,IF(C91="2:00 PM",4,IF(C91="9:15 PM",5,"")))))) -> 4
A92: EMP-0091 | B92: Larry Fuller | C92: 3:45 AM | D92: Sat, Sun | E92: N | F92: N | G92: Y | H92: None | I92: =IF(C92="","",IF(OR(C92="3:45 AM",C92="5:45 AM"),"AM",IF(OR(C92="12:15 PM",C92="2:00 PM"),"PM","Overnight"))) -> AM | K92: =IF(C92="","",IF(C92="3:45 AM",1,IF(C92="5:45 AM",2,IF(C92="12:15 PM",3,IF(C92="2:00 PM",4,IF(C92="9:15 PM",5,"")))))) -> 1
A93: EMP-0092 | B93: Lawrence Bonner | C93: 9:15 PM | E93: N | F93: N | G93: Y | H93: None | I93: =IF(C93="","",IF(OR(C93="3:45 AM",C93="5:45 AM"),"AM",IF(OR(C93="12:15 PM",C93="2:00 PM"),"PM","Overnight"))) -> Overnight | K93: =IF(C93="","",IF(C93="3:45 AM",1,IF(C93="5:45 AM",2,IF(C93="12:15 PM",3,IF(C93="2:00 PM",4,IF(C93="9:15 PM",5,"")))))) -> 5
A94: EMP-0093 | B94: Lazaro Lopez | C94: 3:45 AM | D94: Mon, Tue | E94: N | F94: N | G94: Y | H94: None | I94: =IF(C94="","",IF(OR(C94="3:45 AM",C94="5:45 AM"),"AM",IF(OR(C94="12:15 PM",C94="2:00 PM"),"PM","Overnight"))) -> AM | K94: =IF(C94="","",IF(C94="3:45 AM",1,IF(C94="5:45 AM",2,IF(C94="12:15 PM",3,IF(C94="2:00 PM",4,IF(C94="9:15 PM",5,"")))))) -> 1
A95: EMP-0094 | B95: Linda Rachel | C95: 3:45 AM | D95: Sun, Mon | E95: N | F95: N | G95: Y | H95: None | I95: =IF(C95="","",IF(OR(C95="3:45 AM",C95="5:45 AM"),"AM",IF(OR(C95="12:15 PM",C95="2:00 PM"),"PM","Overnight"))) -> AM | K95: =IF(C95="","",IF(C95="3:45 AM",1,IF(C95="5:45 AM",2,IF(C95="12:15 PM",3,IF(C95="2:00 PM",4,IF(C95="9:15 PM",5,"")))))) -> 1
A96: EMP-0095 | B96: Linton Brereton | C96: 5:45 AM | D96: Sun, Mon | E96: N | F96: N | G96: Y | H96: None | I96: =IF(C96="","",IF(OR(C96="3:45 AM",C96="5:45 AM"),"AM",IF(OR(C96="12:15 PM",C96="2:00 PM"),"PM","Overnight"))) -> AM | K96: =IF(C96="","",IF(C96="3:45 AM",1,IF(C96="5:45 AM",2,IF(C96="12:15 PM",3,IF(C96="2:00 PM",4,IF(C96="9:15 PM",5,"")))))) -> 2
A97: EMP-0096 | B97: Lynn Yi-Smith | C97: 5:45 AM | D97: Tue, Wed, Thu, Fri | E97: N | F97: N | G97: Y | H97: None | I97: =IF(C97="","",IF(OR(C97="3:45 AM",C97="5:45 AM"),"AM",IF(OR(C97="12:15 PM",C97="2:00 PM"),"PM","Overnight"))) -> AM | K97: =IF(C97="","",IF(C97="3:45 AM",1,IF(C97="5:45 AM",2,IF(C97="12:15 PM",3,IF(C97="2:00 PM",4,IF(C97="9:15 PM",5,"")))))) -> 2
A98: EMP-0097 | B98: Maglorie Jean | C98: 12:15 PM | D98: Sun, Mon | E98: N | F98: N | G98: Y | H98: None | I98: =IF(C98="","",IF(OR(C98="3:45 AM",C98="5:45 AM"),"AM",IF(OR(C98="12:15 PM",C98="2:00 PM"),"PM","Overnight"))) -> PM | K98: =IF(C98="","",IF(C98="3:45 AM",1,IF(C98="5:45 AM",2,IF(C98="12:15 PM",3,IF(C98="2:00 PM",4,IF(C98="9:15 PM",5,"")))))) -> 3
A99: EMP-0098 | B99: Mamadou Seck | C99: 5:45 AM | D99: Thu, Fri | E99: N | F99: N | G99: Y | H99: None | I99: =IF(C99="","",IF(OR(C99="3:45 AM",C99="5:45 AM"),"AM",IF(OR(C99="12:15 PM",C99="2:00 PM"),"PM","Overnight"))) -> AM | K99: =IF(C99="","",IF(C99="3:45 AM",1,IF(C99="5:45 AM",2,IF(C99="12:15 PM",3,IF(C99="2:00 PM",4,IF(C99="9:15 PM",5,"")))))) -> 2
A100: EMP-0099 | B100: Mariana Garduno | C100: 5:45 AM | D100: Sun, Mon | E100: Y | F100: N | G100: Y | H100: None | I100: =IF(C100="","",IF(OR(C100="3:45 AM",C100="5:45 AM"),"AM",IF(OR(C100="12:15 PM",C100="2:00 PM"),"PM","Overnight"))) -> AM | K100: =IF(C100="","",IF(C100="3:45 AM",1,IF(C100="5:45 AM",2,IF(C100="12:15 PM",3,IF(C100="2:00 PM",4,IF(C100="9:15 PM",5,"")))))) -> 2
A101: EMP-0100 | B101: Marquise Jackson | C101: 5:45 AM | D101: Sat, Sun | E101: N | F101: N | G101: Y | H101: None | I101: =IF(C101="","",IF(OR(C101="3:45 AM",C101="5:45 AM"),"AM",IF(OR(C101="12:15 PM",C101="2:00 PM"),"PM","Overnight"))) -> AM | K101: =IF(C101="","",IF(C101="3:45 AM",1,IF(C101="5:45 AM",2,IF(C101="12:15 PM",3,IF(C101="2:00 PM",4,IF(C101="9:15 PM",5,"")))))) -> 2
A102: EMP-0101 | B102: Marquita Howard | C102: 9:15 PM | E102: N | F102: N | G102: Y | H102: None | I102: =IF(C102="","",IF(OR(C102="3:45 AM",C102="5:45 AM"),"AM",IF(OR(C102="12:15 PM",C102="2:00 PM"),"PM","Overnight"))) -> Overnight | K102: =IF(C102="","",IF(C102="3:45 AM",1,IF(C102="5:45 AM",2,IF(C102="12:15 PM",3,IF(C102="2:00 PM",4,IF(C102="9:15 PM",5,"")))))) -> 5
A103: EMP-0102 | B103: Maryse Camille | C103: 3:45 AM | D103: Fri, Sat | E103: N | F103: N | G103: Y | H103: None | I103: =IF(C103="","",IF(OR(C103="3:45 AM",C103="5:45 AM"),"AM",IF(OR(C103="12:15 PM",C103="2:00 PM"),"PM","Overnight"))) -> AM | K103: =IF(C103="","",IF(C103="3:45 AM",1,IF(C103="5:45 AM",2,IF(C103="12:15 PM",3,IF(C103="2:00 PM",4,IF(C103="9:15 PM",5,"")))))) -> 1
A104: EMP-0103 | B104: Micheal Manning | C104: 5:45 AM | D104: Tue, Wed | E104: N | F104: N | G104: Y | H104: None | I104: =IF(C104="","",IF(OR(C104="3:45 AM",C104="5:45 AM"),"AM",IF(OR(C104="12:15 PM",C104="2:00 PM"),"PM","Overnight"))) -> AM | K104: =IF(C104="","",IF(C104="3:45 AM",1,IF(C104="5:45 AM",2,IF(C104="12:15 PM",3,IF(C104="2:00 PM",4,IF(C104="9:15 PM",5,"")))))) -> 2
A105: EMP-0104 | B105: Micheal Watkins | C105: 3:45 AM | D105: Tue, Wed | E105: N | F105: N | G105: Y | H105: None | I105: =IF(C105="","",IF(OR(C105="3:45 AM",C105="5:45 AM"),"AM",IF(OR(C105="12:15 PM",C105="2:00 PM"),"PM","Overnight"))) -> AM | K105: =IF(C105="","",IF(C105="3:45 AM",1,IF(C105="5:45 AM",2,IF(C105="12:15 PM",3,IF(C105="2:00 PM",4,IF(C105="9:15 PM",5,"")))))) -> 1
A106: EMP-0105 | B106: Mildred Tarres | C106: 5:45 AM | D106: Wed, Thu | E106: N | F106: N | G106: Y | H106: None | I106: =IF(C106="","",IF(OR(C106="3:45 AM",C106="5:45 AM"),"AM",IF(OR(C106="12:15 PM",C106="2:00 PM"),"PM","Overnight"))) -> AM | K106: =IF(C106="","",IF(C106="3:45 AM",1,IF(C106="5:45 AM",2,IF(C106="12:15 PM",3,IF(C106="2:00 PM",4,IF(C106="9:15 PM",5,"")))))) -> 2
A107: EMP-0106 | B107: Miya Ross | C107: 5:45 AM | D107: Tue, Wed | E107: N | F107: N | G107: Y | H107: None | I107: =IF(C107="","",IF(OR(C107="3:45 AM",C107="5:45 AM"),"AM",IF(OR(C107="12:15 PM",C107="2:00 PM"),"PM","Overnight"))) -> AM | K107: =IF(C107="","",IF(C107="3:45 AM",1,IF(C107="5:45 AM",2,IF(C107="12:15 PM",3,IF(C107="2:00 PM",4,IF(C107="9:15 PM",5,"")))))) -> 2
A108: EMP-0107 | B108: Moneshia Echols | C108: 3:45 AM | D108: Thu, Fri | E108: N | F108: N | G108: Y | H108: None | I108: =IF(C108="","",IF(OR(C108="3:45 AM",C108="5:45 AM"),"AM",IF(OR(C108="12:15 PM",C108="2:00 PM"),"PM","Overnight"))) -> AM | K108: =IF(C108="","",IF(C108="3:45 AM",1,IF(C108="5:45 AM",2,IF(C108="12:15 PM",3,IF(C108="2:00 PM",4,IF(C108="9:15 PM",5,"")))))) -> 1
A109: EMP-0108 | B109: Monica Ortiz | C109: 5:45 AM | D109: Tue, Wed | E109: N | F109: N | G109: Y | H109: None | I109: =IF(C109="","",IF(OR(C109="3:45 AM",C109="5:45 AM"),"AM",IF(OR(C109="12:15 PM",C109="2:00 PM"),"PM","Overnight"))) -> AM | K109: =IF(C109="","",IF(C109="3:45 AM",1,IF(C109="5:45 AM",2,IF(C109="12:15 PM",3,IF(C109="2:00 PM",4,IF(C109="9:15 PM",5,"")))))) -> 2
A110: EMP-0109 | B110: Monique Hicks | C110: 5:45 AM | D110: Tue, Wed | E110: N | F110: N | G110: Y | H110: None | I110: =IF(C110="","",IF(OR(C110="3:45 AM",C110="5:45 AM"),"AM",IF(OR(C110="12:15 PM",C110="2:00 PM"),"PM","Overnight"))) -> AM | K110: =IF(C110="","",IF(C110="3:45 AM",1,IF(C110="5:45 AM",2,IF(C110="12:15 PM",3,IF(C110="2:00 PM",4,IF(C110="9:15 PM",5,"")))))) -> 2
A111: EMP-0110 | B111: Mosrur Jafer | C111: 5:45 AM | D111: Mon, Tue | E111: N | F111: N | G111: Y | H111: None | I111: =IF(C111="","",IF(OR(C111="3:45 AM",C111="5:45 AM"),"AM",IF(OR(C111="12:15 PM",C111="2:00 PM"),"PM","Overnight"))) -> AM | K111: =IF(C111="","",IF(C111="3:45 AM",1,IF(C111="5:45 AM",2,IF(C111="12:15 PM",3,IF(C111="2:00 PM",4,IF(C111="9:15 PM",5,"")))))) -> 2
A112: EMP-0111 | B112: Mwasiti Sadiki | C112: 5:45 AM | D112: Mon, Tue | E112: N | F112: N | G112: Y | H112: None | I112: =IF(C112="","",IF(OR(C112="3:45 AM",C112="5:45 AM"),"AM",IF(OR(C112="12:15 PM",C112="2:00 PM"),"PM","Overnight"))) -> AM | K112: =IF(C112="","",IF(C112="3:45 AM",1,IF(C112="5:45 AM",2,IF(C112="12:15 PM",3,IF(C112="2:00 PM",4,IF(C112="9:15 PM",5,"")))))) -> 2
A113: EMP-0112 | B113: Natasha Carbon | C113: 3:45 AM | D113: Thu, Fri | E113: N | F113: N | G113: Y | H113: None | I113: =IF(C113="","",IF(OR(C113="3:45 AM",C113="5:45 AM"),"AM",IF(OR(C113="12:15 PM",C113="2:00 PM"),"PM","Overnight"))) -> AM | K113: =IF(C113="","",IF(C113="3:45 AM",1,IF(C113="5:45 AM",2,IF(C113="12:15 PM",3,IF(C113="2:00 PM",4,IF(C113="9:15 PM",5,"")))))) -> 1
A114: EMP-0113 | B114: Oumou Sane | C114: 2:00 PM | D114: Mon, Tue | E114: N | F114: N | G114: Y | H114: None | I114: =IF(C114="","",IF(OR(C114="3:45 AM",C114="5:45 AM"),"AM",IF(OR(C114="12:15 PM",C114="2:00 PM"),"PM","Overnight"))) -> PM | K114: =IF(C114="","",IF(C114="3:45 AM",1,IF(C114="5:45 AM",2,IF(C114="12:15 PM",3,IF(C114="2:00 PM",4,IF(C114="9:15 PM",5,"")))))) -> 4
... A119: EMP-0118 | B119: Princess Vance | C119: 2:00 PM | D119: Tue, Wed | E119: N | F119: N | G119: Y | H119: None | I119: =IF(C119="","",IF(OR(C119="3:45 AM",C119="5:45 AM"),"AM",IF(OR(C119="12:15 PM",C119="2:00 PM"),"PM","Overnight"))) -> PM | K119: =IF(C119="","",IF(C119="3:45 AM",1,IF(C119="5:45 AM",2,IF(C119="12:15 PM",3,IF(C119="2:00 PM",4,IF(C119="9:15 PM",5,"")))))) -> 4
A120: EMP-0119 | B120: Quintavious Battle | C120: 9:15 PM | E120: N | F120: N | G120: Y | H120: None | I120: =IF(C120="","",IF(OR(C120="3:45 AM",C120="5:45 AM"),"AM",IF(OR(C120="12:15 PM",C120="2:00 PM"),"PM","Overnight"))) -> Overnight | K120: =IF(C120="","",IF(C120="3:45 AM",1,IF(C120="5:45 AM",2,IF(C120="12:15 PM",3,IF(C120="2:00 PM",4,IF(C120="9:15 PM",5,"")))))) -> 5
A121: EMP-0120 | B121: Reginald Mundy | C121: 9:15 PM | E121: N | F121: N | G121: Y | H121: None | I121: =IF(C121="","",IF(OR(C121="3:45 AM",C121="5:45 AM"),"AM",IF(OR(C121="12:15 PM",C121="2:00 PM"),"PM","Overnight"))) -> Overnight | K121: =IF(C121="","",IF(C121="3:45 AM",1,IF(C121="5:45 AM",2,IF(C121="12:15 PM",3,IF(C121="2:00 PM",4,IF(C121="9:15 PM",5,"")))))) -> 5
A122: EMP-0121 | B122: Renetheia Denson | C122: 5:45 AM | D122: Fri, Sat | E122: Y | F122: N | G122: Y | H122: None | I122: =IF(C122="","",IF(OR(C122="3:45 AM",C122="5:45 AM"),"AM",IF(OR(C122="12:15 PM",C122="2:00 PM"),"PM","Overnight"))) -> AM | K122: =IF(C122="","",IF(C122="3:45 AM",1,IF(C122="5:45 AM",2,IF(C122="12:15 PM",3,IF(C122="2:00 PM",4,IF(C122="9:15 PM",5,"")))))) -> 2
A123: EMP-0122 | B123: Richard Soro | C123: 2:00 PM | D123: Sat, Sun | E123: N | F123: N | G123: Y | H123: None | I123: =IF(C123="","",IF(OR(C123="3:45 AM",C123="5:45 AM"),"AM",IF(OR(C123="12:15 PM",C123="2:00 PM"),"PM","Overnight"))) -> PM | K123: =IF(C123="","",IF(C123="3:45 AM",1,IF(C123="5:45 AM",2,IF(C123="12:15 PM",3,IF(C123="2:00 PM",4,IF(C123="9:15 PM",5,"")))))) -> 4
A124: EMP-0123 | B124: Rihana Ababulla | C124: 12:15 PM | D124: Thu, Fri | E124: N | F124: N | G124: Y | H124: None | I124: =IF(C124="","",IF(OR(C124="3:45 AM",C124="5:45 AM"),"AM",IF(OR(C124="12:15 PM",C124="2:00 PM"),"PM","Overnight"))) -> PM | K124: =IF(C124="","",IF(C124="3:45 AM",1,IF(C124="5:45 AM",2,IF(C124="12:15 PM",3,IF(C124="2:00 PM",4,IF(C124="9:15 PM",5,"")))))) -> 3
A125: EMP-0124 | B125: Rinku Das | C125: 12:15 PM | D125: Fri, Sat | E125: Y | F125: N | G125: Y | H125: None | I125: =IF(C125="","",IF(OR(C125="3:45 AM",C125="5:45 AM"),"AM",IF(OR(C125="12:15 PM",C125="2:00 PM"),"PM","Overnight"))) -> PM | K125: =IF(C125="","",IF(C125="3:45 AM",1,IF(C125="5:45 AM",2,IF(C125="12:15 PM",3,IF(C125="2:00 PM",4,IF(C125="9:15 PM",5,"")))))) -> 3
A126: EMP-0125 | B126: Roget Rodriguez | C126: 2:00 PM | D126: Tue, Wed | E126: Y | F126: N | G126: Y | H126: None | I126: =IF(C126="","",IF(OR(C126="3:45 AM",C126="5:45 AM"),"AM",IF(OR(C126="12:15 PM",C126="2:00 PM"),"PM","Overnight"))) -> PM | K126: =IF(C126="","",IF(C126="3:45 AM",1,IF(C126="5:45 AM",2,IF(C126="12:15 PM",3,IF(C126="2:00 PM",4,IF(C126="9:15 PM",5,"")))))) -> 4
A127: EMP-0126 | B127: Rozita Davis | C127: 2:00 PM | D127: Sun, Fri | E127: N | F127: N | G127: Y | H127: None | I127: =IF(C127="","",IF(OR(C127="3:45 AM",C127="5:45 AM"),"AM",IF(OR(C127="12:15 PM",C127="2:00 PM"),"PM","Overnight"))) -> PM | K127: =IF(C127="","",IF(C127="3:45 AM",1,IF(C127="5:45 AM",2,IF(C127="12:15 PM",3,IF(C127="2:00 PM",4,IF(C127="9:15 PM",5,"")))))) -> 4
A128: EMP-0127 | B128: Samiroe Ford | C128: 5:45 AM | D128: Wed, Thu | E128: N | F128: N | G128: Y | H128: None | I128: =IF(C128="","",IF(OR(C128="3:45 AM",C128="5:45 AM"),"AM",IF(OR(C128="12:15 PM",C128="2:00 PM"),"PM","Overnight"))) -> AM | K128: =IF(C128="","",IF(C128="3:45 AM",1,IF(C128="5:45 AM",2,IF(C128="12:15 PM",3,IF(C128="2:00 PM",4,IF(C128="9:15 PM",5,"")))))) -> 2
A129: EMP-0128 | B129: Sandra Gerson | C129: 5:45 AM | D129: Sat, Sun | E129: N | F129: N | G129: Y | H129: None | I129: =IF(C129="","",IF(OR(C129="3:45 AM",C129="5:45 AM"),"AM",IF(OR(C129="12:15 PM",C129="2:00 PM"),"PM","Overnight"))) -> AM | K129: =IF(C129="","",IF(C129="3:45 AM",1,IF(C129="5:45 AM",2,IF(C129="12:15 PM",3,IF(C129="2:00 PM",4,IF(C129="9:15 PM",5,"")))))) -> 2
A130: EMP-0129 | B130: Sara Alemu | C130: 5:45 AM | D130: Wed, Thu | E130: N | F130: N | G130: Y | H130: None | I130: =IF(C130="","",IF(OR(C130="3:45 AM",C130="5:45 AM"),"AM",IF(OR(C130="12:15 PM",C130="2:00 PM"),"PM","Overnight"))) -> AM | K130: =IF(C130="","",IF(C130="3:45 AM",1,IF(C130="5:45 AM",2,IF(C130="12:15 PM",3,IF(C130="2:00 PM",4,IF(C130="9:15 PM",5,"")))))) -> 2
A131: EMP-0130 | B131: Sarah Harden | C131: 12:15 PM | D131: Sun, Mon | E131: N | F131: N | G131: Y | H131: None | I131: =IF(C131="","",IF(OR(C131="3:45 AM",C131="5:45 AM"),"AM",IF(OR(C131="12:15 PM",C131="2:00 PM"),"PM","Overnight"))) -> PM | K131: =IF(C131="","",IF(C131="3:45 AM",1,IF(C131="5:45 AM",2,IF(C131="12:15 PM",3,IF(C131="2:00 PM",4,IF(C131="9:15 PM",5,"")))))) -> 3
A132: EMP-0131 | B132: Sarita Jewell | C132: 5:45 AM | D132: Tue, Wed | E132: N | F132: N | G132: Y | H132: None | I132: =IF(C132="","",IF(OR(C132="3:45 AM",C132="5:45 AM"),"AM",IF(OR(C132="12:15 PM",C132="2:00 PM"),"PM","Overnight"))) -> AM | K132: =IF(C132="","",IF(C132="3:45 AM",1,IF(C132="5:45 AM",2,IF(C132="12:15 PM",3,IF(C132="2:00 PM",4,IF(C132="9:15 PM",5,"")))))) -> 2
A133: EMP-0132 | B133: Shanta Harvey | C133: 5:45 AM | D133: Sun, Mon | E133: N | F133: N | G133: Y | H133: None | I133: =IF(C133="","",IF(OR(C133="3:45 AM",C133="5:45 AM"),"AM",IF(OR(C133="12:15 PM",C133="2:00 PM"),"PM","Overnight"))) -> AM | K133: =IF(C133="","",IF(C133="3:45 AM",1,IF(C133="5:45 AM",2,IF(C133="12:15 PM",3,IF(C133="2:00 PM",4,IF(C133="9:15 PM",5,"")))))) -> 2
... A159: EMP-0158 | B159: Salma Bardai | C159: 5:45 AM | D159: Mon, Tue | E159: N | F159: N | G159: Y | H159: None | I159: =IF(C159="","",IF(OR(C159="3:45 AM",C159="5:45 AM"),"AM",IF(OR(C159="12:15 PM",C159="2:00 PM"),"PM","Overnight"))) -> AM | K159: =IF(C159="","",IF(C159="3:45 AM",1,IF(C159="5:45 AM",2,IF(C159="12:15 PM",3,IF(C159="2:00 PM",4,IF(C159="9:15 PM",5,"")))))) -> 2

Sheet Position Library
A1: Position # | B1: Area | C1: Position Name | D1: Tier | E1: Priority Relief Required
A2: 1 | B2: Main Security Checkpoint | C2: Front Entrance | D2: Tier 1 | E2: Y
A3: 2 | B3: Main Security Checkpoint | C3: ADA Entrance | D3: Tier 1 | E3: Y
A4: 3 | B4: Main Security Checkpoint | C4: Lanes 17 - 18 | D4: Tier 2 | E4: Y
A5: 4 | B5: Main Security Checkpoint | C5: Inside Center | D5: Tier 1 | E5: Y
A6: 5 | B6: Main Security Checkpoint | C6: Lanes 1 - 3 / Pre-Check | D6: Tier 1 | E6: Y
A7: 6 | B7: Main Security Checkpoint | C7: MSC Escalator | D7: Tier 4 | E7: N
A8: 7 | B8: Main Security Checkpoint | C8: MSC Escalator | D8: Tier 4 | E8: N
A9: 8 | B9: Main Security Checkpoint | C9: Inside Center | D9: Tier 1 | E9: Y
A10: 9 | B10: Main Security Checkpoint | C10: Front Entrance | D10: Tier 2 | E10: Y
A11: 10 | B11: Atrium | C11: KIA | D11: Tier 4 | E11: N
A12: 11 | B12: Atrium | C12: West Elevator | D12: Tier 4 | E12: N
A13: 12 | B13: Atrium | C13: KIA | D13: Tier 4 | E13: N
... A53: 52 | B53: Lower North Security Checkpoint | C53: Divest | D53: Tier 1 | E53: Y

Sheet Position Relationships
A1: Position ID | B1: Priority 1 | C1: Priority 2 | D1: Priority 3 | E1: Priority 4 | F1: Priority 5
A2: 1 | B2: 9
A3: 2 | B3: 9
A4: 3 | B4: 5
A5: 4 | B5: 5
A6: 5 | B6: 3
A7: 6
A8: 7
A9: 8 | B9: 3 | C9: 4 | D9: 5
A10: 9 | B10: 1
A11: 10
A12: 11
A13: 12
A14: 13
A15: 14 | B15: 16 | C15: 17
A16: 15 | B16: 14 | C16: 16 | D16: 17
A17: 16 | B17: 17
A18: 17 | B18: 16 | C18: 15 | D18: 14
A19: 18 | B19: 19 | C19: 20 | D19: 21
A20: 19 | B20: 20 | C20: 21
A21: 20 | B21: 21
A22: 21
A23: 22
A24: 23
A25: 24 | B25: 29 | C25: 49 | D25: 50 | E25: 51 | F25: 52
A26: 25 | B26: 27 | C26: 30 | D26: 28
A27: 26 | B27: 27 | C27: 28
A28: 27
A29: 28
A30: 29
A31: 30 | B31: 25
A32: 31
A33: 32 | B33: 31
A34: 33 | B34: 31
A35: 34
A36: 35 | B36: 36 | C36: 37
A37: 36
A38: 37 | B38: 35 | C38: 36
A39: 38 | B39: 35 | C39: 36 | D39: 37
A40: 39 | B40: 40
A41: 40 | B41: 39
A42: 41
A43: 42
A44: 43
A45: 44
A46: 45
A47: 46 | B47: 47 | C47: 48 | D47: 49
A48: 47 | B48: 46 | C48: 48 | D48: 49
A49: 48 | B49: 46 | C49: 47 | D49: 49
A50: 49 | B50: 46 | C50: 47 | D50: 48
A51: 50 | B51: 51 | C51: 52
A52: 51 | B52: 50 | C52: 52
A53: 52 | B53: 50 | C53: 51

Sheet Qualification Matrix
A1: Employee ID | B1: Employee Name | C1: Information Desk | D1: Main Inside | E1: Survey | F1: Divest | G1: # of days | H1: General Qualifications
A2: EMP-0001 | B2: Aaliyah Snider | C2: N | D2: N | E2: N | F2: Y | H2: 2
A3: EMP-0002 | B3: Abdou Mballo | C3: N | D3: N | E3: N | F3: Y | H3: 2
A4: EMP-0003 | B4: Abebe Ambaye | C4: N | D4: N | E4: N | F4: Y | H4: 2
A5: EMP-0004 | B5: Adeyeye Opaaje | C5: N | D5: N | E5: N | F5: Y | H5: 2
A6: EMP-0005 | B6: Adrian Franklin | C6: N | D6: N | E6: N | F6: Y | H6: 2
A7: EMP-0006 | B7: Agnes Bammannage | C7: N | D7: N | E7: N | F7: Y | H7: 2
A8: EMP-0007 | B8: Ahamed John | C8: N | D8: N | E8: N | F8: Y | H8: 2
A9: EMP-0008 | B9: Akuugo Nduaguba | C9: N | D9: N | E9: N | F9: Y | H9: 2
A10: EMP-0009 | B10: Aleah Mckinnon | C10: N | D10: N | E10: N | F10: Y | H10: 2
A11: EMP-0010 | B11: Allen Suggs | C11: N | D11: N | E11: N | F11: Y | H11: 2
A12: EMP-0011 | B12: Alyssa Prince | C12: N | D12: N | E12: N | F12: Y | H12: 2
A13: EMP-0012 | B13: Amadou Diallo | C13: N | D13: N | E13: N | F13: Y | H13: 2
... A152: EMP-0151 | B152: Vinnie Petrov | C152: N | D152: N | E152: N | F152: Y | H152: 2
A153: EMP-0152 | B153: Yahkirah Manggrum | C153: N | D153: N | E153: N | F153: Y | G153: 2 | H153: 2
A154: EMP-0153 | B154: Yen Vuong | C154: N | D154: N | E154: N | F154: Y | H154: 2
A155: EMP-0154 | B155: Yitshhaq Sagahon | C155: N | D155: N | E155: N | F155: Y | H155: 2
A156: EMP-0155 | B156: Youba Coly | C156: N | D156: N | E156: N | F156: Y | H156: 2
A157: EMP-0156 | B157: Youssouf Traore | C157: N | D157: N | E157: N | F157: Y | H157: 2
A158: EMP-0157 | B158: Zinash Shiferaw | C158: N | D158: N | E158: N | F158: Y | H158: 2
A159: EMP-0158 | B159: Salma Bardai | C159: N | D159: N | E159: N | F159: Y | H159: 2
A160: EMP-0159 | B160: Veronica Laster | C160: N | D160: N | E160: N | F160: Y | G160: 2 | H160: 2
A161: EMP-0160 | B161: Vinnie Petrov | C161: N | D161: N | E161: N | F161: Y | H161: 2
A162: EMP-0161 | B162: Yahkirah Manggrum | C162: N | D162: N | E162: N | F162: Y | H162: 2
A163: EMP-0162 | B163: Yen Vuong | C163: N | D163: N | E163: N | F163: Y | H163: 2
A164: EMP-0163 | B164: Yitshhaq Sagahon | C164: N | D164: N | E164: N | F164: Y | H164: 2
A165: EMP-0164 | B165: Youba Coly | C165: N | D165: N | E165: N | F165: Y | H165: 2
A166: EMP-0165 | B166: Youssouf Traore | C166: N | D166: N | E166: N | F166: Y | H166: 2
A167: EMP-0166 | B167: Zinash Shiferaw | C167: N | D167: N | E167: N | F167: Y | H167: 2
A168: EMP-0167 | B168: Salma Bardai | C168: N | D168: N | E168: N | F168: Y | H168: 2

Sheet Daily Workforce
A1: Daily Workforce
A2: Schedule Date | B2: 46231 | D2: Shift Group | G2: Scheduled | H2: =SUMPRODUCT(--($B$6:$B$205<>"")) -> 112 | I2: Present | J2: =SUMPRODUCT(--($B$6:$B$205<>""),--($H$6:$H$205="Present")) -> 112 | K2: Leads | L2: =SUMPRODUCT(--($B$6:$B$205<>""),--($F$6:$F$205="Y")) -> 9 | M2: Assignment Eligible | N2: =SUMPRODUCT(--($B$6:$B$205<>""),--($N$6:$N$205="Y")) -> 103
A3: Select the schedule date and, if needed, a shift group. Blank Shift Group shows the full day. Set these before changing attendance status.
A5: Date | B5: Employee ID | C5: Employee Name | D5: Shift | E5: Shift Group | F5: Lead | G5: Mentor | H5: Status | I5: Lunch Preference | J5: Information Desk | K5: Main Inside | L5: Survey | M5: Divest | N5: Assignment Eligible | O5: Notes | P5: General Qualifications | Q5: 30-Day Divest Hours | R5: 30-Day Divest Days | S5: Consecutive Divest Days | T5: 30-Day Opening Assignments | U5: 30-Day Lunch Relief Assignments | V5: Divest Fairness Score
A6: =IF($B6="","",$B$2) -> 46231 | B6: =IF($B$2="","",IFERROR(INDEX('Employee Master'!$A$2:$A$159,MATCH(ROWS($B$6:B6),Lists!$P$2:$P$159,0)),"")) -> EMP-0007 | C6: =IF($B6="","",IFERROR(INDEX('Employee Master'!$B$2:$B$159,MATCH($B6,'Employee Master'!$A$2:$A$159,0)),"")) -> Ahamed John | D6: =IF($B6="","",IFERROR(INDEX('Employee Master'!$C$2:$C$159,MATCH($B6,'Employee Master'!$A$2:$A$159,0)),"")) -> 3:45 AM | E6: =IF($B6="","",IFERROR(INDEX('Employee Master'!$I$2:$I$159,MATCH($B6,'Employee Master'!$A$2:$A$159,0)),"")) -> AM | F6: =IF($B6="","",IFERROR(INDEX('Employee Master'!$E$2:$E$159,MATCH($B6,'Employee Master'!$A$2:$A$159,0)),"")) -> N | G6: =IF($B6="","",IFERROR(INDEX('Employee Master'!$F$2:$F$159,MATCH($B6,'Employee Master'!$A$2:$A$159,0)),"")) -> N | H6: =IF($B6="","","Present") -> Present | I6: =IF($B6="","",IFERROR(INDEX('Employee Master'!$H$2:$H$159,MATCH($B6,'Employee Master'!$A$2:$A$159,0)),"")) -> None | J6: =IF($B6="","",IFERROR(INDEX('Qualification Matrix'!$C$2:$C$168,MATCH($B6,'Qualification Matrix'!$A$2:$A$168,0)),2)) -> N | K6: =IF($B6="","",IFERROR(INDEX('Qualification Matrix'!$D$2:$D$168,MATCH($B6,'Qualification Matrix'!$A$2:$A$168,0)),2)) -> N | L6: =IF($B6="","",IFERROR(INDEX('Qualification Matrix'!$E$2:$E$168,MATCH($B6,'Qualification Matrix'!$A$2:$A$168,0)),2)) -> N | M6: =IF($B6="","",IFERROR(INDEX('Qualification Matrix'!$F$2:$F$168,MATCH($B6,'Qualification Matrix'!$A$2:$A$168,0)),2)) -> Y | N6: =IF($B6="","",IF(AND($H6="Present",$F6<>"Y"),"Y","N")) -> Y | P6: =IF($B6="","",IFERROR(INDEX('Qualification Matrix'!$H$2:$H$168,MATCH($B6,'Qualification Matrix'!$A$2:$A$168,0)),"")) -> 2 | Q6: =IF($B6="","",SUMIFS('Rotation History'!$M$2:$M$1000,'Rotation History'!$B$2:$B$1000,$B6,'Rotation History'!$A$2:$A$1000,">="&($B$2-30),'Rotation History'!$A$2:$A$1000,"<"&$B$2)) -> 0 | R6: =IF($B6="","",COUNTIFS('Rotation History'!$B$2:$B$1000,$B6,'Rotation History'!$M$2:$M$1000,">0",'Rotation History'!$A$2:$A$1000,">="&($B$2-30),'Rotation History'!$A$2:$A$1000,"<"&$B$2)) -> 0 | S6: =IF($B6="","",IF(COUNTIFS('Rotation History'!$B$2:$B$1000,$B6,'Rotation History'!$A$2:$A$1000,$B$2-1,'Rotation History'!$M$2:$M$1000,">0")=0,0,1+IF(COUNTIFS('Rotation History'!$B$2:$B$1000,$B6,'Rotation History'!$A$2:$A$1000,$B$2-2,'Rotation History'!$M$2:$M$1000,">0")=0,0,1+IF(COUNTIFS('Rotation History'!$B$2:$B$1000,$B6,'Rotation History'!$A$2:$A$1000,$B$2-3,'Rotation History'!$M$2:$M$1000,">0")=0,0,1+IF(COUNTIFS('Rotation History'!$B$2:$B$1000,$B6,'Rotation History'!$A$2:$A$1000,$B$2-4,'Rotation History'!$M$2:$M$1000,">0")=0,0,1))))) -> 0 | T6: =IF($B6="","",COUNTIFS('Rotation History'!$B$2:$B$1000,$B6,'Rotation History'!$K$2:$K$1000,"Opening",'Rotation History'!$A$2:$A$1000,">="&($B$2-30),'Rotation History'!$A$2:$A$1000,"<"&$B$2)) -> 0 | U6: =IF($B6="","",COUNTIFS('Rotation History'!$B$2:$B$1000,$B6,'Rotation History'!$K$2:$K$1000,"Lunch Relief",'Rotation History'!$A$2:$A$1000,">="&($B$2-30),'Rotation History'!$A$2:$A$1000,"<"&$B$2)) -> 0 | V6: =IF($B6="","",$Q6*10+$R6*2+$S6*20+$T6*3+$U6) -> 0
A7: =IF($B7="","",$B$2) -> 46231 | B7: =IF($B$2="","",IFERROR(INDEX('Employee Master'!$A$2:$A$159,MATCH(ROWS($B$6:B7),Lists!$P$2:$P$159,0)),"")) -> EMP-0010 | C7: =IF($B7="","",IFERROR(INDEX('Employee Master'!$B$2:$B$159,MATCH($B7,'Employee Master'!$A$2:$A$159,0)),"")) -> Allen Suggs | D7: =IF($B7="","",IFERROR(INDEX('Employee Master'!$C$2:$C$159,MATCH($B7,'Employee Master'!$A$2:$A$159,0)),"")) -> 3:45 AM | E7: =IF($B7="","",IFERROR(INDEX('Employee Master'!$I$2:$I$159,MATCH($B7,'Employee Master'!$A$2:$A$159,0)),"")) -> AM | F7: =IF($B7="","",IFERROR(INDEX('Employee Master'!$E$2:$E$159,MATCH($B7,'Employee Master'!$A$2:$A$159,0)),"")) -> N | G7: =IF($B7="","",IFERROR(INDEX('Employee Master'!$F$2:$F$159,MATCH($B7,'Employee Master'!$A$2:$A$159,0)),"")) -> N | H7: =IF($B7="","","Present") -> Present | I7: =IF($B7="","",IFERROR(INDEX('Employee Master'!$H$2:$H$159,MATCH($B7,'Employee Master'!$A$2:$A$159,0)),"")) -> None | J7: =IF($B7="","",IFERROR(INDEX('Qualification Matrix'!$C$2:$C$168,MATCH($B7,'Qualification Matrix'!$A$2:$A$168,0)),2)) -> N | K7: =IF($B7="","",IFERROR(INDEX('Qualification Matrix'!$D$2:$D$168,MATCH($B7,'Qualification Matrix'!$A$2:$A$168,0)),2)) -> N | L7: =IF($B7="","",IFERROR(INDEX('Qualification Matrix'!$E$2:$E$168,MATCH($B7,'Qualification Matrix'!$A$2:$A$168,0)),2)) -> N | M7: =IF($B7="","",IFERROR(INDEX('Qualification Matrix'!$F$2:$F$168,MATCH($B7,'Qualification Matrix'!$A$2:$A$168,0)),2)) -> Y | N7: =IF($B7="","",IF(AND($H7="Present",$F7<>"Y"),"Y","N")) -> Y | P7: =IF($B7="","",IFERROR(INDEX('Qualification Matrix'!$H$2:$H$168,MATCH($B7,'Qualification Matrix'!$A$2:$A$168,0)),"")) -> 2 | Q7: =IF($B7="","",SUMIFS('Rotation History'!$M$2:$M$1000,'Rotation History'!$B$2:$B$1000,$B7,'Rotation History'!$A$2:$A$1000,">="&($B$2-30),'Rotation History'!$A$2:$A$1000,"<"&$B$2)) -> 0 | R7: =IF($B7="","",COUNTIFS('Rotation History'!$B$2:$B$1000,$B7,'Rotation History'!$M$2:$M$1000,">0",'Rotation History'!$A$2:$A$1000,">="&($B$2-30),'Rotation History'!$A$2:$A$1000,"<"&$B$2)) -> 0 | S7: =IF($B7="","",IF(COUNTIFS('Rotation History'!$B$2:$B$1000,$B7,'Rotation History'!$A$2:$A$1000,$B$2-1,'Rotation History'!$M$2:$M$1000,">0")=0,0,1+IF(COUNTIFS('Rotation History'!$B$2:$B$1000,$B7,'Rotation History'!$A$2:$A$1000,$B$2-2,'Rotation History'!$M$2:$M$1000,">0")=0,0,1+IF(COUNTIFS('Rotation History'!$B$2:$B$1000,$B7,'Rotation History'!$A$2:$A$1000,$B$2-3,'Rotation History'!$M$2:$M$1000,">0")=0,0,1+IF(COUNTIFS('Rotation History'!$B$2:$B$1000,$B7,'Rotation History'!$A$2:$A$1000,$B$2-4,'Rotation History'!$M$2:$M$1000,">0")=0,0,1))))) -> 0 | T7: =IF($B7="","",COUNTIFS('Rotation History'!$B$2:$B$1000,$B7,'Rotation History'!$K$2:$K$1000,"Opening",'Rotation History'!$A$2:$A$1000,">="&($B$2-30),'Rotation History'!$A$2:$A$1000,"<"&$B$2)) -> 0 | U7: =IF($B7="","",COUNTIFS('Rotation History'!$B$2:$B$1000,$B7,'Rotation History'!$K$2:$K$1000,"Lunch Relief",'Rotation History'!$A$2:$A$1000,">="&($B$2-30),'Rotation History'!$A$2:$A$1000,"<"&$B$2)) -> 0 | V7: =IF($B7="","",$Q7*10+$R7*2+$S7*20+$T7*3+$U7) -> 0
A8: =IF($B8="","",$B$2) -> 46231 | B8: =IF($B$2="","",IFERROR(INDEX('Employee Master'!$A$2:$A$159,MATCH(ROWS($B$6:B8),Lists!$P$2:$P$159,0)),"")) -> EMP-0022 | C8: =IF($B8="","",IFERROR(INDEX('Employee Master'!$B$2:$B$159,MATCH($B8,'Employee Master'!$A$2:$A$159,0)),"")) -> Benjamin Crosby | D8: =IF($B8="","",IFERROR(INDEX('Employee Master'!$C$2:$C$159,MATCH($B8,'Employee Master'!$A$2:$A$159,0)),"")) -> 3:45 AM | E8: =IF($B8="","",IFERROR(INDEX('Employee Master'!$I$2:$I$159,MATCH($B8,'Employee Master'!$A$2:$A$159,0)),"")) -> AM | F8: =IF($B8="","",IFERROR(INDEX('Employee Master'!$E$2:$E$159,MATCH($B8,'Employee Master'!$A$2:$A$159,0)),"")) -> N | G8: =IF($B8="","",IFERROR(INDEX('Employee Master'!$F$2:$F$159,MATCH($B8,'Employee Master'!$A$2:$A$159,0)),"")) -> N | H8: =IF($B8="","","Present") -> Present | I8: =IF($B8="","",IFERROR(INDEX('Employee Master'!$H$2:$H$159,MATCH($B8,'Employee Master'!$A$2:$A$159,0)),"")) -> None | J8: =IF($B8="","",IFERROR(INDEX('Qualification Matrix'!$C$2:$C$168,MATCH($B8,'Qualification Matrix'!$A$2:$A$168,0)),2)) -> N | K8: =IF($B8="","",IFERROR(INDEX('Qualification Matrix'!$D$2:$D$168,MATCH($B8,'Qualification Matrix'!$A$2:$A$168,0)),2)) -> N | L8: =IF($B8="","",IFERROR(INDEX('Qualification Matrix'!$E$2:$E$168,MATCH($B8,'Qualification Matrix'!$A$2:$A$168,0)),2)) -> N | M8: =IF($B8="","",IFERROR(INDEX('Qualification Matrix'!$F$2:$F$168,MATCH($B8,'Qualification Matrix'!$A$2:$A$168,0)),2)) -> Y | N8: =IF($B8="","",IF(AND($H8="Present",$F8<>"Y"),"Y","N")) -> Y | P8: =IF($B8="","",IFERROR(INDEX('Qualification Matrix'!$H$2:$H$168,MATCH($B8,'Qualification Matrix'!$A$2:$A$168,0)),"")) -> 2 | Q8: =IF($B8="","",SUMIFS('Rotation History'!$M$2:$M$1000,'Rotation History'!$B$2:$B$1000,$B8,'Rotation History'!$A$2:$A$1000,">="&($B$2-30),'Rotation History'!$A$2:$A$1000,"<"&$B$2)) -> 0 | R8: =IF($B8="","",COUNTIFS('Rotation History'!$B$2:$B$1000,$B8,'Rotation History'!$M$2:$M$1000,">0",'Rotation History'!$A$2:$A$1000,">="&($B$2-30),'Rotation History'!$A$2:$A$1000,"<"&$B$2)) -> 0 | S8: =IF($B8="","",IF(COUNTIFS('Rotation History'!$B$2:$B$1000,$B8,'Rotation History'!$A$2:$A$1000,$B$2-1,'Rotation History'!$M$2:$M$1000,">0")=0,0,1+IF(COUNTIFS('Rotation History'!$B$2:$B$1000,$B8,'Rotation History'!$A$2:$A$1000,$B$2-2,'Rotation History'!$M$2:$M$1000,">0")=0,0,1+IF(COUNTIFS('Rotation History'!$B$2:$B$1000,$B8,'Rotation History'!$A$2:$A$1000,$B$2-3,'Rotation History'!$M$2:$M$1000,">0")=0,0,1+IF(COUNTIFS('Rotation History'!$B$2:$B$1000,$B8,'Rotation History'!$A$2:$A$1000,$B$2-4,'Rotation History'!$M$2:$M$1000,">0")=0,0,1))))) -> 0 | T8: =IF($B8="","",COUNTIFS('Rotation History'!$B$2:$B$1000,$B8,'Rotation History'!$K$2:$K$1000,"Opening",'Rotation History'!$A$2:$A$1000,">="&($B$2-30),'Rotation History'!$A$2:$A$1000,"<"&$B$2)) -> 0 | U8: =IF($B8="","",COUNTIFS('Rotation History'!$B$2:$B$1000,$B8,'Rotation History'!$K$2:$K$1000,"Lunch Relief",'Rotation History'!$A$2:$A$1000,">="&($B$2-30),'Rotation History'!$A$2:$A$1000,"<"&$B$2)) -> 0 | V8: =IF($B8="","",$Q8*10+$R8*2+$S8*20+$T8*3+$U8) -> 0
A9: =IF($B9="","",$B$2) -> 46231 | B9: =IF($B$2="","",IFERROR(INDEX('Employee Master'!$A$2:$A$159,MATCH(ROWS($B$6:B9),Lists!$P$2:$P$159,0)),"")) -> EMP-0042 | C9: =IF($B9="","",IFERROR(INDEX('Employee Master'!$B$2:$B$159,MATCH($B9,'Employee Master'!$A$2:$A$159,0)),"")) -> Crosby Pavon-Lacayo | D9: =IF($B9="","",IFERROR(INDEX('Employee Master'!$C$2:$C$159,MATCH($B9,'Employee Master'!$A$2:$A$159,0)),"")) -> 3:45 AM | E9: =IF($B9="","",IFERROR(INDEX('Employee Master'!$I$2:$I$159,MATCH($B9,'Employee Master'!$A$2:$A$159,0)),"")) -> AM | F9: =IF($B9="","",IFERROR(INDEX('Employee Master'!$E$2:$E$159,MATCH($B9,'Employee Master'!$A$2:$A$159,0)),"")) -> N | G9: =IF($B9="","",IFERROR(INDEX('Employee Master'!$F$2:$F$159,MATCH($B9,'Employee Master'!$A$2:$A$159,0)),"")) -> N | H9: =IF($B9="","","Present") -> Present | I9: =IF($B9="","",IFERROR(INDEX('Employee Master'!$H$2:$H$159,MATCH($B9,'Employee Master'!$A$2:$A$159,0)),"")) -> None | J9: =IF($B9="","",IFERROR(INDEX('Qualification Matrix'!$C$2:$C$168,MATCH($B9,'Qualification Matrix'!$A$2:$A$168,0)),2)) -> N | K9: =IF($B9="","",IFERROR(INDEX('Qualification Matrix'!$D$2:$D$168,MATCH($B9,'Qualification Matrix'!$A$2:$A$168,0)),2)) -> N | L9: =IF($B9="","",IFERROR(INDEX('Qualification Matrix'!$E$2:$E$168,MATCH($B9,'Qualification Matrix'!$A$2:$A$168,0)),2)) -> N | M9: =IF($B9="","",IFERROR(INDEX('Qualification Matrix'!$F$2:$F$168,MATCH($B9,'Qualification Matrix'!$A$2:$A$168,0)),2)) -> Y | N9: =IF($B9="","",IF(AND($H9="Present",$F9<>"Y"),"Y","N")) -> Y | P9: =IF($B9="","",IFERROR(INDEX('Qualification Matrix'!$H$2:$H$168,MATCH($B9,'Qualification Matrix'!$A$2:$A$168,0)),"")) -> 2 | Q9: =IF($B9="","",SUMIFS('Rotation History'!$M$2:$M$1000,'Rotation History'!$B$2:$B$1000,$B9,'Rotation History'!$A$2:$A$1000,">="&($B$2-30),'Rotation History'!$A$2:$A$1000,"<"&$B$2)) -> 0 | R9: =IF($B9="","",COUNTIFS('Rotation History'!$B$2:$B$1000,$B9,'Rotation History'!$M$2:$M$1000,">0",'Rotation History'!$A$2:$A$1000,">="&($B$2-30),'Rotation History'!$A$2:$A$1000,"<"&$B$2)) -> 0 | S9: =IF($B9="","",IF(COUNTIFS('Rotation History'!$B$2:$B$1000,$B9,'Rotation History'!$A$2:$A$1000,$B$2-1,'Rotation History'!$M$2:$M$1000,">0")=0,0,1+IF(COUNTIFS('Rotation History'!$B$2:$B$1000,$B9,'Rotation History'!$A$2:$A$1000,$B$2-2,'Rotation History'!$M$2:$M$1000,">0")=0,0,1+IF(COUNTIFS('Rotation History'!$B$2:$B$1000,$B9,'Rotation History'!$A$2:$A$1000,$B$2-3,'Rotation History'!$M$2:$M$1000,">0")=0,0,1+IF(COUNTIFS('Rotation History'!$B$2:$B$1000,$B9,'Rotation History'!$A$2:$A$1000,$B$2-4,'Rotation History'!$M$2:$M$1000,">0")=0,0,1))))) -> 0 | T9: =IF($B9="","",COUNTIFS('Rotation History'!$B$2:$B$1000,$B9,'Rotation History'!$K$2:$K$1000,"Opening",'Rotation History'!$A$2:$A$1000,">="&($B$2-30),'Rotation History'!$A$2:$A$1000,"<"&$B$2)) -> 0 | U9: =IF($B9="","",COUNTIFS('Rotation History'!$B$2:$B$1000,$B9,'Rotation History'!$K$2:$K$1000,"Lunch Relief",'Rotation History'!$A$2:$A$1000,">="&($B$2-30),'Rotation History'!$A$2:$A$1000,"<"&$B$2)) -> 0 | V9: =IF($B9="","",$Q9*10+$R9*2+$S9*20+$T9*3+$U9) -> 0
A10: =IF($B10="","",$B$2) -> 46231 | B10: =IF($B$2="","",IFERROR(INDEX('Employee Master'!$A$2:$A$159,MATCH(ROWS($B$6:B10),Lists!$P$2:$P$159,0)),"")) -> EMP-0044 | C10: =IF($B10="","",IFERROR(INDEX('Employee Master'!$B$2:$B$159,MATCH($B10,'Employee Master'!$A$2:$A$159,0)),"")) -> Danielle Holmes | D10: =IF($B10="","",IFERROR(INDEX('Employee Master'!$C$2:$C$159,MATCH($B10,'Employee Master'!$A$2:$A$159,0)),"")) -> 3:45 AM | E10: =IF($B10="","",IFERROR(INDEX('Employee Master'!$I$2:$I$159,MATCH($B10,'Employee Master'!$A$2:$A$159,0)),"")) -> AM | F10: =IF($B10="","",IFERROR(INDEX('Employee Master'!$E$2:$E$159,MATCH($B10,'Employee Master'!$A$2:$A$159,0)),"")) -> N | G10: =IF($B10="","",IFERROR(INDEX('Employee Master'!$F$2:$F$159,MATCH($B10,'Employee Master'!$A$2:$A$159,0)),"")) -> N | H10: =IF($B10="","","Present") -> Present | I10: =IF($B10="","",IFERROR(INDEX('Employee Master'!$H$2:$H$159,MATCH($B10,'Employee Master'!$A$2:$A$159,0)),"")) -> None | J10: =IF($B10="","",IFERROR(INDEX('Qualification Matrix'!$C$2:$C$168,MATCH($B10,'Qualification Matrix'!$A$2:$A$168,0)),2)) -> N | K10: =IF($B10="","",IFERROR(INDEX('Qualification Matrix'!$D$2:$D$168,MATCH($B10,'Qualification Matrix'!$A$2:$A$168,0)),2)) -> N | L10: =IF($B10="","",IFERROR(INDEX('Qualification Matrix'!$E$2:$E$168,MATCH($B10,'Qualification Matrix'!$A$2:$A$168,0)),2)) -> N | M10: =IF($B10="","",IFERROR(INDEX('Qualification Matrix'!$F$2:$F$168,MATCH($B10,'Qualification Matrix'!$A$2:$A$168,0)),2)) -> Y | N10: =IF($B10="","",IF(AND($H10="Present",$F10<>"Y"),"Y","N")) -> Y | P10: =IF($B10="","",IFERROR(INDEX('Qualification Matrix'!$H$2:$H$168,MATCH($B10,'Qualification Matrix'!$A$2:$A$168,0)),"")) -> 2 | Q10: =IF($B10="","",SUMIFS('Rotation History'!$M$2:$M$1000,'Rotation History'!$B$2:$B$1000,$B10,'Rotation History'!$A$2:$A$1000,">="&($B$2-30),'Rotation History'!$A$2:$A$1000,"<"&$B$2)) -> 0 | R10: =IF($B10="","",COUNTIFS('Rotation History'!$B$2:$B$1000,$B10,'Rotation History'!$M$2:$M$1000,">0",'Rotation History'!$A$2:$A$1000,">="&($B$2-30),'Rotation History'!$A$2:$A$1000,"<"&$B$2)) -> 0 | S10: =IF($B10="","",IF(COUNTIFS('Rotation History'!$B$2:$B$1000,$B10,'Rotation History'!$A$2:$A$1000,$B$2-1,'Rotation History'!$M$2:$M$1000,">0")=0,0,1+IF(COUNTIFS('Rotation History'!$B$2:$B$1000,$B10,'Rotation History'!$A$2:$A$1000,$B$2-2,'Rotation History'!$M$2:$M$1000,">0")=0,0,1+IF(COUNTIFS('Rotation History'!$B$2:$B$1000,$B10,'Rotation History'!$A$2:$A$1000,$B$2-3,'Rotation History'!$M$2:$M$1000,">0")=0,0,1+IF(COUNTIFS('Rotation History'!$B$2:$B$1000,$B10,'Rotation History'!$A$2:$A$1000,$B$2-4,'Rotation History'!$M$2:$M$1000,">0")=0,0,1))))) -> 0 | T10: =IF($B10="","",COUNTIFS('Rotation History'!$B$2:$B$1000,$B10,'Rotation History'!$K$2:$K$1000,"Opening",'Rotation History'!$A$2:$A$1000,">="&($B$2-30),'Rotation History'!$A$2:$A$1000,"<"&$B$2)) -> 0 | U10: =IF($B10="","",COUNTIFS('Rotation History'!$B$2:$B$1000,$B10,'Rotation History'!$K$2:$K$1000,"Lunch Relief",'Rotation History'!$A$2:$A$1000,">="&($B$2-30),'Rotation History'!$A$2:$A$1000,"<"&$B$2)) -> 0 | V10: =IF($B10="","",$Q10*10+$R10*2+$S10*20+$T10*3+$U10) -> 0
A11: =IF($B11="","",$B$2) -> 46231 | B11: =IF($B$2="","",IFERROR(INDEX('Employee Master'!$A$2:$A$159,MATCH(ROWS($B$6:B11),Lists!$P$2:$P$159,0)),"")) -> EMP-0049 | C11: =IF($B11="","",IFERROR(INDEX('Employee Master'!$B$2:$B$159,MATCH($B11,'Employee Master'!$A$2:$A$159,0)),"")) -> Demetrius Thomas | D11: =IF($B11="","",IFERROR(INDEX('Employee Master'!$C$2:$C$159,MATCH($B11,'Employee Master'!$A$2:$A$159,0)),"")) -> 3:45 AM | E11: =IF($B11="","",IFERROR(INDEX('Employee Master'!$I$2:$I$159,MATCH($B11,'Employee Master'!$A$2:$A$159,0)),"")) -> AM | F11: =IF($B11="","",IFERROR(INDEX('Employee Master'!$E$2:$E$159,MATCH($B11,'Employee Master'!$A$2:$A$159,0)),"")) -> N | G11: =IF($B11="","",IFERROR(INDEX('Employee Master'!$F$2:$F$159,MATCH($B11,'Employee Master'!$A$2:$A$159,0)),"")) -> N | H11: =IF($B11="","","Present") -> Present | I11: =IF($B11="","",IFERROR(INDEX('Employee Master'!$H$2:$H$159,MATCH($B11,'Employee Master'!$A$2:$A$159,0)),"")) -> None | J11: =IF($B11="","",IFERROR(INDEX('Qualification Matrix'!$C$2:$C$168,MATCH($B11,'Qualification Matrix'!$A$2:$A$168,0)),2)) -> N | K11: =IF($B11="","",IFERROR(INDEX('Qualification Matrix'!$D$2:$D$168,MATCH($B11,'Qualification Matrix'!$A$2:$A$168,0)),2)) -> N | L11: =IF($B11="","",IFERROR(INDEX('Qualification Matrix'!$E$2:$E$168,MATCH($B11,'Qualification Matrix'!$A$2:$A$168,0)),2)) -> N | M11: =IF($B11="","",IFERROR(INDEX('Qualification Matrix'!$F$2:$F$168,MATCH($B11,'Qualification Matrix'!$A$2:$A$168,0)),2)) -> Y | N11: =IF($B11="","",IF(AND($H11="Present",$F11<>"Y"),"Y","N")) -> Y | P11: =IF($B11="","",IFERROR(INDEX('Qualification Matrix'!$H$2:$H$168,MATCH($B11,'Qualification Matrix'!$A$2:$A$168,0)),"")) -> 2 | Q11: =IF($B11="","",SUMIFS('Rotation History'!$M$2:$M$1000,'Rotation History'!$B$2:$B$1000,$B11,'Rotation History'!$A$2:$A$1000,">="&($B$2-30),'Rotation History'!$A$2:$A$1000,"<"&$B$2)) -> 0 | R11: =IF($B11="","",COUNTIFS('Rotation History'!$B$2:$B$1000,$B11,'Rotation History'!$M$2:$M$1000,">0",'Rotation History'!$A$2:$A$1000,">="&($B$2-30),'Rotation History'!$A$2:$A$1000,"<"&$B$2)) -> 0 | S11: =IF($B11="","",IF(COUNTIFS('Rotation History'!$B$2:$B$1000,$B11,'Rotation History'!$A$2:$A$1000,$B$2-1,'Rotation History'!$M$2:$M$1000,">0")=0,0,1+IF(COUNTIFS('Rotation History'!$B$2:$B$1000,$B11,'Rotation History'!$A$2:$A$1000,$B$2-2,'Rotation History'!$M$2:$M$1000,">0")=0,0,1+IF(COUNTIFS('Rotation History'!$B$2:$B$1000,$B11,'Rotation History'!$A$2:$A$1000,$B$2-3,'Rotation History'!$M$2:$M$1000,">0")=0,0,1+IF(COUNTIFS('Rotation History'!$B$2:$B$1000,$B11,'Rotation History'!$A$2:$A$1000,$B$2-4,'Rotation History'!$M$2:$M$1000,">0")=0,0,1))))) -> 0 | T11: =IF($B11="","",COUNTIFS('Rotation History'!$B$2:$B$1000,$B11,'Rotation History'!$K$2:$K$1000,"Opening",'Rotation History'!$A$2:$A$1000,">="&($B$2-30),'Rotation History'!$A$2:$A$1000,"<"&$B$2)) -> 0 | U11: =IF($B11="","",COUNTIFS('Rotation History'!$B$2:$B$1000,$B11,'Rotation History'!$K$2:$K$1000,"Lunch Relief",'Rotation History'!$A$2:$A$1000,">="&($B$2-30),'Rotation History'!$A$2:$A$1000,"<"&$B$2)) -> 0 | V11: =IF($B11="","",$Q11*10+$R11*2+$S11*20+$T11*3+$U11) -> 0
A12: =IF($B12="","",$B$2) -> 46231 | B12: =IF($B$2="","",IFERROR(INDEX('Employee Master'!$A$2:$A$159,MATCH(ROWS($B$6:B12),Lists!$P$2:$P$159,0)),"")) -> EMP-0054 | C12: =IF($B12="","",IFERROR(INDEX('Employee Master'!$B$2:$B$159,MATCH($B12,'Employee Master'!$A$2:$A$159,0)),"")) -> Diane Nails | D12: =IF($B12="","",IFERROR(INDEX('Employee Master'!$C$2:$C$159,MATCH($B12,'Employee Master'!$A$2:$A$159,0)),"")) -> 3:45 AM | E12: =IF($B12="","",IFERROR(INDEX('Employee Master'!$I$2:$I$159,MATCH($B12,'Employee Master'!$A$2:$A$159,0)),"")) -> AM | F12: =IF($B12="","",IFERROR(INDEX('Employee Master'!$E$2:$E$159,MATCH($B12,'Employee Master'!$A$2:$A$159,0)),"")) -> N | G12: =IF($B12="","",IFERROR(INDEX('Employee Master'!$F$2:$F$159,MATCH($B12,'Employee Master'!$A$2:$A$159,0)),"")) -> N | H12: =IF($B12="","","Present") -> Present | I12: =IF($B12="","",IFERROR(INDEX('Employee Master'!$H$2:$H$159,MATCH($B12,'Employee Master'!$A$2:$A$159,0)),"")) -> None | J12: =IF($B12="","",IFERROR(INDEX('Qualification Matrix'!$C$2:$C$168,MATCH($B12,'Qualification Matrix'!$A$2:$A$168,0)),2)) -> N | K12: =IF($B12="","",IFERROR(INDEX('Qualification Matrix'!$D$2:$D$168,MATCH($B12,'Qualification Matrix'!$A$2:$A$168,0)),2)) -> N | L12: =IF($B12="","",IFERROR(INDEX('Qualification Matrix'!$E$2:$E$168,MATCH($B12,'Qualification Matrix'!$A$2:$A$168,0)),2)) -> N | M12: =IF($B12="","",IFERROR(INDEX('Qualification Matrix'!$F$2:$F$168,MATCH($B12,'Qualification Matrix'!$A$2:$A$168,0)),2)) -> Y | N12: =IF($B12="","",IF(AND($H12="Present",$F12<>"Y"),"Y","N")) -> Y | P12: =IF($B12="","",IFERROR(INDEX('Qualification Matrix'!$H$2:$H$168,MATCH($B12,'Qualification Matrix'!$A$2:$A$168,0)),"")) -> 2 | Q12: =IF($B12="","",SUMIFS('Rotation History'!$M$2:$M$1000,'Rotation History'!$B$2:$B$1000,$B12,'Rotation History'!$A$2:$A$1000,">="&($B$2-30),'Rotation History'!$A$2:$A$1000,"<"&$B$2)) -> 0 | R12: =IF($B12="","",COUNTIFS('Rotation History'!$B$2:$B$1000,$B12,'Rotation History'!$M$2:$M$1000,">0",'Rotation History'!$A$2:$A$1000,">="&($B$2-30),'Rotation History'!$A$2:$A$1000,"<"&$B$2)) -> 0 | S12: =IF($B12="","",IF(COUNTIFS('Rotation History'!$B$2:$B$1000,$B12,'Rotation History'!$A$2:$A$1000,$B$2-1,'Rotation History'!$M$2:$M$1000,">0")=0,0,1+IF(COUNTIFS('Rotation History'!$B$2:$B$1000,$B12,'Rotation History'!$A$2:$A$1000,$B$2-2,'Rotation History'!$M$2:$M$1000,">0")=0,0,1+IF(COUNTIFS('Rotation History'!$B$2:$B$1000,$B12,'Rotation History'!$A$2:$A$1000,$B$2-3,'Rotation History'!$M$2:$M$1000,">0")=0,0,1+IF(COUNTIFS('Rotation History'!$B$2:$B$1000,$B12,'Rotation History'!$A$2:$A$1000,$B$2-4,'Rotation History'!$M$2:$M$1000,">0")=0,0,1))))) -> 0 | T12: =IF($B12="","",COUNTIFS('Rotation History'!$B$2:$B$1000,$B12,'Rotation History'!$K$2:$K$1000,"Opening",'Rotation History'!$A$2:$A$1000,">="&($B$2-30),'Rotation History'!$A$2:$A$1000,"<"&$B$2)) -> 0 | U12: =IF($B12="","",COUNTIFS('Rotation History'!$B$2:$B$1000,$B12,'Rotation History'!$K$2:$K$1000,"Lunch Relief",'Rotation History'!$A$2:$A$1000,">="&($B$2-30),'Rotation History'!$A$2:$A$1000,"<"&$B$2)) -> 0 | V12: =IF($B12="","",$Q12*10+$R12*2+$S12*20+$T12*3+$U12) -> 0
A13: =IF($B13="","",$B$2) -> 46231 | B13: =IF($B$2="","",IFERROR(INDEX('Employee Master'!$A$2:$A$159,MATCH(ROWS($B$6:B13),Lists!$P$2:$P$159,0)),"")) -> EMP-0059 | C13: =IF($B13="","",IFERROR(INDEX('Employee Master'!$B$2:$B$159,MATCH($B13,'Employee Master'!$A$2:$A$159,0)),"")) -> Emonnie Dorsey | D13: =IF($B13="","",IFERROR(INDEX('Employee Master'!$C$2:$C$159,MATCH($B13,'Employee Master'!$A$2:$A$159,0)),"")) -> 3:45 AM | E13: =IF($B13="","",IFERROR(INDEX('Employee Master'!$I$2:$I$159,MATCH($B13,'Employee Master'!$A$2:$A$159,0)),"")) -> AM | F13: =IF($B13="","",IFERROR(INDEX('Employee Master'!$E$2:$E$159,MATCH($B13,'Employee Master'!$A$2:$A$159,0)),"")) -> N | G13: =IF($B13="","",IFERROR(INDEX('Employee Master'!$F$2:$F$159,MATCH($B13,'Employee Master'!$A$2:$A$159,0)),"")) -> N | H13: =IF($B13="","","Present") -> Present | I13: =IF($B13="","",IFERROR(INDEX('Employee Master'!$H$2:$H$159,MATCH($B13,'Employee Master'!$A$2:$A$159,0)),"")) -> None | J13: =IF($B13="","",IFERROR(INDEX('Qualification Matrix'!$C$2:$C$168,MATCH($B13,'Qualification Matrix'!$A$2:$A$168,0)),2)) -> N | K13: =IF($B13="","",IFERROR(INDEX('Qualification Matrix'!$D$2:$D$168,MATCH($B13,'Qualification Matrix'!$A$2:$A$168,0)),2)) -> N | L13: =IF($B13="","",IFERROR(INDEX('Qualification Matrix'!$E$2:$E$168,MATCH($B13,'Qualification Matrix'!$A$2:$A$168,0)),2)) -> N | M13: =IF($B13="","",IFERROR(INDEX('Qualification Matrix'!$F$2:$F$168,MATCH($B13,'Qualification Matrix'!$A$2:$A$168,0)),2)) -> Y | N13: =IF($B13="","",IF(AND($H13="Present",$F13<>"Y"),"Y","N")) -> Y | P13: =IF($B13="","",IFERROR(INDEX('Qualification Matrix'!$H$2:$H$168,MATCH($B13,'Qualification Matrix'!$A$2:$A$168,0)),"")) -> 2 | Q13: =IF($B13="","",SUMIFS('Rotation History'!$M$2:$M$1000,'Rotation History'!$B$2:$B$1000,$B13,'Rotation History'!$A$2:$A$1000,">="&($B$2-30),'Rotation History'!$A$2:$A$1000,"<"&$B$2)) -> 0 | R13: =IF($B13="","",COUNTIFS('Rotation History'!$B$2:$B$1000,$B13,'Rotation History'!$M$2:$M$1000,">0",'Rotation History'!$A$2:$A$1000,">="&($B$2-30),'Rotation History'!$A$2:$A$1000,"<"&$B$2)) -> 0 | S13: =IF($B13="","",IF(COUNTIFS('Rotation History'!$B$2:$B$1000,$B13,'Rotation History'!$A$2:$A$1000,$B$2-1,'Rotation History'!$M$2:$M$1000,">0")=0,0,1+IF(COUNTIFS('Rotation History'!$B$2:$B$1000,$B13,'Rotation History'!$A$2:$A$1000,$B$2-2,'Rotation History'!$M$2:$M$1000,">0")=0,0,1+IF(COUNTIFS('Rotation History'!$B$2:$B$1000,$B13,'Rotation History'!$A$2:$A$1000,$B$2-3,'Rotation History'!$M$2:$M$1000,">0")=0,0,1+IF(COUNTIFS('Rotation History'!$B$2:$B$1000,$B13,'Rotation History'!$A$2:$A$1000,$B$2-4,'Rotation History'!$M$2:$M$1000,">0")=0,0,1))))) -> 0 | T13: =IF($B13="","",COUNTIFS('Rotation History'!$B$2:$B$1000,$B13,'Rotation History'!$K$2:$K$1000,"Opening",'Rotation History'!$A$2:$A$1000,">="&($B$2-30),'Rotation History'!$A$2:$A$1000,"<"&$B$2)) -> 0 | U13: =IF($B13="","",COUNTIFS('Rotation History'!$B$2:$B$1000,$B13,'Rotation History'!$K$2:$K$1000,"Lunch Relief",'Rotation History'!$A$2:$A$1000,">="&($B$2-30),'Rotation History'!$A$2:$A$1000,"<"&$B$2)) -> 0 | V13: =IF($B13="","",$Q13*10+$R13*2+$S13*20+$T13*3+$U13) -> 0
A14: =IF($B14="","",$B$2) -> 46231 | B14: =IF($B$2="","",IFERROR(INDEX('Employee Master'!$A$2:$A$159,MATCH(ROWS($B$6:B14),Lists!$P$2:$P$159,0)),"")) -> EMP-0067 | C14: =IF($B14="","",IFERROR(INDEX('Employee Master'!$B$2:$B$159,MATCH($B14,'Employee Master'!$A$2:$A$159,0)),"")) -> Haddyjatou Ndure | D14: =IF($B14="","",IFERROR(INDEX('Employee Master'!$C$2:$C$159,MATCH($B14,'Employee Master'!$A$2:$A$159,0)),"")) -> 3:45 AM | E14: =IF($B14="","",IFERROR(INDEX('Employee Master'!$I$2:$I$159,MATCH($B14,'Employee Master'!$A$2:$A$159,0)),"")) -> AM | F14: =IF($B14="","",IFERROR(INDEX('Employee Master'!$E$2:$E$159,MATCH($B14,'Employee Master'!$A$2:$A$159,0)),"")) -> N | G14: =IF($B14="","",IFERROR(INDEX('Employee Master'!$F$2:$F$159,MATCH($B14,'Employee Master'!$A$2:$A$159,0)),"")) -> N | H14: =IF($B14="","","Present") -> Present | I14: =IF($B14="","",IFERROR(INDEX('Employee Master'!$H$2:$H$159,MATCH($B14,'Employee Master'!$A$2:$A$159,0)),"")) -> None | J14: =IF($B14="","",IFERROR(INDEX('Qualification Matrix'!$C$2:$C$168,MATCH($B14,'Qualification Matrix'!$A$2:$A$168,0)),2)) -> N | K14: =IF($B14="","",IFERROR(INDEX('Qualification Matrix'!$D$2:$D$168,MATCH($B14,'Qualification Matrix'!$A$2:$A$168,0)),2)) -> N | L14: =IF($B14="","",IFERROR(INDEX('Qualification Matrix'!$E$2:$E$168,MATCH($B14,'Qualification Matrix'!$A$2:$A$168,0)),2)) -> N | M14: =IF($B14="","",IFERROR(INDEX('Qualification Matrix'!$F$2:$F$168,MATCH($B14,'Qualification Matrix'!$A$2:$A$168,0)),2)) -> Y | N14: =IF($B14="","",IF(AND($H14="Present",$F14<>"Y"),"Y","N")) -> Y | P14: =IF($B14="","",IFERROR(INDEX('Qualification Matrix'!$H$2:$H$168,MATCH($B14,'Qualification Matrix'!$A$2:$A$168,0)),"")) -> 2 | Q14: =IF($B14="","",SUMIFS('Rotation History'!$M$2:$M$1000,'Rotation History'!$B$2:$B$1000,$B14,'Rotation History'!$A$2:$A$1000,">="&($B$2-30),'Rotation History'!$A$2:$A$1000,"<"&$B$2)) -> 0 | R14: =IF($B14="","",COUNTIFS('Rotation History'!$B$2:$B$1000,$B14,'Rotation History'!$M$2:$M$1000,">0",'Rotation History'!$A$2:$A$1000,">="&($B$2-30),'Rotation History'!$A$2:$A$1000,"<"&$B$2)) -> 0 | S14: =IF($B14="","",IF(COUNTIFS('Rotation History'!$B$2:$B$1000,$B14,'Rotation History'!$A$2:$A$1000,$B$2-1,'Rotation History'!$M$2:$M$1000,">0")=0,0,1+IF(COUNTIFS('Rotation History'!$B$2:$B$1000,$B14,'Rotation History'!$A$2:$A$1000,$B$2-2,'Rotation History'!$M$2:$M$1000,">0")=0,0,1+IF(COUNTIFS('Rotation History'!$B$2:$B$1000,$B14,'Rotation History'!$A$2:$A$1000,$B$2-3,'Rotation History'!$M$2:$M$1000,">0")=0,0,1+IF(COUNTIFS('Rotation History'!$B$2:$B$1000,$B14,'Rotation History'!$A$2:$A$1000,$B$2-4,'Rotation History'!$M$2:$M$1000,">0")=0,0,1))))) -> 0 | T14: =IF($B14="","",COUNTIFS('Rotation History'!$B$2:$B$1000,$B14,'Rotation History'!$K$2:$K$1000,"Opening",'Rotation History'!$A$2:$A$1000,">="&($B$2-30),'Rotation History'!$A$2:$A$1000,"<"&$B$2)) -> 0 | U14: =IF($B14="","",COUNTIFS('Rotation History'!$B$2:$B$1000,$B14,'Rotation History'!$K$2:$K$1000,"Lunch Relief",'Rotation History'!$A$2:$A$1000,">="&($B$2-30),'Rotation History'!$A$2:$A$1000,"<"&$B$2)) -> 0 | V14: =IF($B14="","",$Q14*10+$R14*2+$S14*20+$T14*3+$U14) -> 0
A15: =IF($B15="","",$B$2) -> 46231 | B15: =IF($B$2="","",IFERROR(INDEX('Employee Master'!$A$2:$A$159,MATCH(ROWS($B$6:B15),Lists!$P$2:$P$159,0)),"")) -> EMP-0081 | C15: =IF($B15="","",IFERROR(INDEX('Employee Master'!$B$2:$B$159,MATCH($B15,'Employee Master'!$A$2:$A$159,0)),"")) -> Keera Moore | D15: =IF($B15="","",IFERROR(INDEX('Employee Master'!$C$2:$C$159,MATCH($B15,'Employee Master'!$A$2:$A$159,0)),"")) -> 3:45 AM | E15: =IF($B15="","",IFERROR(INDEX('Employee Master'!$I$2:$I$159,MATCH($B15,'Employee Master'!$A$2:$A$159,0)),"")) -> AM | F15: =IF($B15="","",IFERROR(INDEX('Employee Master'!$E$2:$E$159,MATCH($B15,'Employee Master'!$A$2:$A$159,0)),"")) -> Y | G15: =IF($B15="","",IFERROR(INDEX('Employee Master'!$F$2:$F$159,MATCH($B15,'Employee Master'!$A$2:$A$159,0)),"")) -> N | H15: =IF($B15="","","Present") -> Present | I15: =IF($B15="","",IFERROR(INDEX('Employee Master'!$H$2:$H$159,MATCH($B15,'Employee Master'!$A$2:$A$159,0)),"")) -> None | J15: =IF($B15="","",IFERROR(INDEX('Qualification Matrix'!$C$2:$C$168,MATCH($B15,'Qualification Matrix'!$A$2:$A$168,0)),2)) -> N | K15: =IF($B15="","",IFERROR(INDEX('Qualification Matrix'!$D$2:$D$168,MATCH($B15,'Qualification Matrix'!$A$2:$A$168,0)),2)) -> N | L15: =IF($B15="","",IFERROR(INDEX('Qualification Matrix'!$E$2:$E$168,MATCH($B15,'Qualification Matrix'!$A$2:$A$168,0)),2)) -> N | M15: =IF($B15="","",IFERROR(INDEX('Qualification Matrix'!$F$2:$F$168,MATCH($B15,'Qualification Matrix'!$A$2:$A$168,0)),2)) -> Y | N15: =IF($B15="","",IF(AND($H15="Present",$F15<>"Y"),"Y","N")) -> N | P15: =IF($B15="","",IFERROR(INDEX('Qualification Matrix'!$H$2:$H$168,MATCH($B15,'Qualification Matrix'!$A$2:$A$168,0)),"")) -> 2 | Q15: =IF($B15="","",SUMIFS('Rotation History'!$M$2:$M$1000,'Rotation History'!$B$2:$B$1000,$B15,'Rotation History'!$A$2:$A$1000,">="&($B$2-30),'Rotation History'!$A$2:$A$1000,"<"&$B$2)) -> 0 | R15: =IF($B15="","",COUNTIFS('Rotation History'!$B$2:$B$1000,$B15,'Rotation History'!$M$2:$M$1000,">0",'Rotation History'!$A$2:$A$1000,">="&($B$2-30),'Rotation History'!$A$2:$A$1000,"<"&$B$2)) -> 0 | S15: =IF($B15="","",IF(COUNTIFS('Rotation History'!$B$2:$B$1000,$B15,'Rotation History'!$A$2:$A$1000,$B$2-1,'Rotation History'!$M$2:$M$1000,">0")=0,0,1+IF(COUNTIFS('Rotation History'!$B$2:$B$1000,$B15,'Rotation History'!$A$2:$A$1000,$B$2-2,'Rotation History'!$M$2:$M$1000,">0")=0,0,1+IF(COUNTIFS('Rotation History'!$B$2:$B$1000,$B15,'Rotation History'!$A$2:$A$1000,$B$2-3,'Rotation History'!$M$2:$M$1000,">0")=0,0,1+IF(COUNTIFS('Rotation History'!$B$2:$B$1000,$B15,'Rotation History'!$A$2:$A$1000,$B$2-4,'Rotation History'!$M$2:$M$1000,">0")=0,0,1))))) -> 0 | T15: =IF($B15="","",COUNTIFS('Rotation History'!$B$2:$B$1000,$B15,'Rotation History'!$K$2:$K$1000,"Opening",'Rotation History'!$A$2:$A$1000,">="&($B$2-30),'Rotation History'!$A$2:$A$1000,"<"&$B$2)) -> 0 | U15: =IF($B15="","",COUNTIFS('Rotation History'!$B$2:$B$1000,$B15,'Rotation History'!$K$2:$K$1000,"Lunch Relief",'Rotation History'!$A$2:$A$1000,">="&($B$2-30),'Rotation History'!$A$2:$A$1000,"<"&$B$2)) -> 0 | V15: =IF($B15="","",$Q15*10+$R15*2+$S15*20+$T15*3+$U15) -> 0
A16: =IF($B16="","",$B$2) -> 46231 | B16: =IF($B$2="","",IFERROR(INDEX('Employee Master'!$A$2:$A$159,MATCH(ROWS($B$6:B16),Lists!$P$2:$P$159,0)),"")) -> EMP-0082 | C16: =IF($B16="","",IFERROR(INDEX('Employee Master'!$B$2:$B$159,MATCH($B16,'Employee Master'!$A$2:$A$159,0)),"")) -> Kelon Arnold | D16: =IF($B16="","",IFERROR(INDEX('Employee Master'!$C$2:$C$159,MATCH($B16,'Employee Master'!$A$2:$A$159,0)),"")) -> 3:45 AM | E16: =IF($B16="","",IFERROR(INDEX('Employee Master'!$I$2:$I$159,MATCH($B16,'Employee Master'!$A$2:$A$159,0)),"")) -> AM | F16: =IF($B16="","",IFERROR(INDEX('Employee Master'!$E$2:$E$159,MATCH($B16,'Employee Master'!$A$2:$A$159,0)),"")) -> N | G16: =IF($B16="","",IFERROR(INDEX('Employee Master'!$F$2:$F$159,MATCH($B16,'Employee Master'!$A$2:$A$159,0)),"")) -> N | H16: =IF($B16="","","Present") -> Present | I16: =IF($B16="","",IFERROR(INDEX('Employee Master'!$H$2:$H$159,MATCH($B16,'Employee Master'!$A$2:$A$159,0)),"")) -> None | J16: =IF($B16="","",IFERROR(INDEX('Qualification Matrix'!$C$2:$C$168,MATCH($B16,'Qualification Matrix'!$A$2:$A$168,0)),2)) -> N | K16: =IF($B16="","",IFERROR(INDEX('Qualification Matrix'!$D$2:$D$168,MATCH($B16,'Qualification Matrix'!$A$2:$A$168,0)),2)) -> N | L16: =IF($B16="","",IFERROR(INDEX('Qualification Matrix'!$E$2:$E$168,MATCH($B16,'Qualification Matrix'!$A$2:$A$168,0)),2)) -> N | M16: =IF($B16="","",IFERROR(INDEX('Qualification Matrix'!$F$2:$F$168,MATCH($B16,'Qualification Matrix'!$A$2:$A$168,0)),2)) -> Y | N16: =IF($B16="","",IF(AND($H16="Present",$F16<>"Y"),"Y","N")) -> Y | P16: =IF($B16="","",IFERROR(INDEX('Qualification Matrix'!$H$2:$H$168,MATCH($B16,'Qualification Matrix'!$A$2:$A$168,0)),"")) -> 2 | Q16: =IF($B16="","",SUMIFS('Rotation History'!$M$2:$M$1000,'Rotation History'!$B$2:$B$1000,$B16,'Rotation History'!$A$2:$A$1000,">="&($B$2-30),'Rotation History'!$A$2:$A$1000,"<"&$B$2)) -> 0 | R16: =IF($B16="","",COUNTIFS('Rotation History'!$B$2:$B$1000,$B16,'Rotation History'!$M$2:$M$1000,">0",'Rotation History'!$A$2:$A$1000,">="&($B$2-30),'Rotation History'!$A$2:$A$1000,"<"&$B$2)) -> 0 | S16: =IF($B16="","",IF(COUNTIFS('Rotation History'!$B$2:$B$1000,$B16,'Rotation History'!$A$2:$A$1000,$B$2-1,'Rotation History'!$M$2:$M$1000,">0")=0,0,1+IF(COUNTIFS('Rotation History'!$B$2:$B$1000,$B16,'Rotation History'!$A$2:$A$1000,$B$2-2,'Rotation History'!$M$2:$M$1000,">0")=0,0,1+IF(COUNTIFS('Rotation History'!$B$2:$B$1000,$B16,'Rotation History'!$A$2:$A$1000,$B$2-3,'Rotation History'!$M$2:$M$1000,">0")=0,0,1+IF(COUNTIFS('Rotation History'!$B$2:$B$1000,$B16,'Rotation History'!$A$2:$A$1000,$B$2-4,'Rotation History'!$M$2:$M$1000,">0")=0,0,1))))) -> 0 | T16: =IF($B16="","",COUNTIFS('Rotation History'!$B$2:$B$1000,$B16,'Rotation History'!$K$2:$K$1000,"Opening",'Rotation History'!$A$2:$A$1000,">="&($B$2-30),'Rotation History'!$A$2:$A$1000,"<"&$B$2)) -> 0 | U16: =IF($B16="","",COUNTIFS('Rotation History'!$B$2:$B$1000,$B16,'Rotation History'!$K$2:$K$1000,"Lunch Relief",'Rotation History'!$A$2:$A$1000,">="&($B$2-30),'Rotation History'!$A$2:$A$1000,"<"&$B$2)) -> 0 | V16: =IF($B16="","",$Q16*10+$R16*2+$S16*20+$T16*3+$U16) -> 0
A17: =IF($B17="","",$B$2) -> 46231 | B17: =IF($B$2="","",IFERROR(INDEX('Employee Master'!$A$2:$A$159,MATCH(ROWS($B$6:B17),Lists!$P$2:$P$159,0)),"")) -> EMP-0087 | C17: =IF($B17="","",IFERROR(INDEX('Employee Master'!$B$2:$B$159,MATCH($B17,'Employee Master'!$A$2:$A$159,0)),"")) -> Kimberly Morrison | D17: =IF($B17="","",IFERROR(INDEX('Employee Master'!$C$2:$C$159,MATCH($B17,'Employee Master'!$A$2:$A$159,0)),"")) -> 3:45 AM | E17: =IF($B17="","",IFERROR(INDEX('Employee Master'!$I$2:$I$159,MATCH($B17,'Employee Master'!$A$2:$A$159,0)),"")) -> AM | F17: =IF($B17="","",IFERROR(INDEX('Employee Master'!$E$2:$E$159,MATCH($B17,'Employee Master'!$A$2:$A$159,0)),"")) -> N | G17: =IF($B17="","",IFERROR(INDEX('Employee Master'!$F$2:$F$159,MATCH($B17,'Employee Master'!$A$2:$A$159,0)),"")) -> N | H17: =IF($B17="","","Present") -> Present | I17: =IF($B17="","",IFERROR(INDEX('Employee Master'!$H$2:$H$159,MATCH($B17,'Employee Master'!$A$2:$A$159,0)),"")) -> None | J17: =IF($B17="","",IFERROR(INDEX('Qualification Matrix'!$C$2:$C$168,MATCH($B17,'Qualification Matrix'!$A$2:$A$168,0)),2)) -> N | K17: =IF($B17="","",IFERROR(INDEX('Qualification Matrix'!$D$2:$D$168,MATCH($B17,'Qualification Matrix'!$A$2:$A$168,0)),2)) -> N | L17: =IF($B17="","",IFERROR(INDEX('Qualification Matrix'!$E$2:$E$168,MATCH($B17,'Qualification Matrix'!$A$2:$A$168,0)),2)) -> N | M17: =IF($B17="","",IFERROR(INDEX('Qualification Matrix'!$F$2:$F$168,MATCH($B17,'Qualification Matrix'!$A$2:$A$168,0)),2)) -> Y | N17: =IF($B17="","",IF(AND($H17="Present",$F17<>"Y"),"Y","N")) -> Y | P17: =IF($B17="","",IFERROR(INDEX('Qualification Matrix'!$H$2:$H$168,MATCH($B17,'Qualification Matrix'!$A$2:$A$168,0)),"")) -> 2 | Q17: =IF($B17="","",SUMIFS('Rotation History'!$M$2:$M$1000,'Rotation History'!$B$2:$B$1000,$B17,'Rotation History'!$A$2:$A$1000,">="&($B$2-30),'Rotation History'!$A$2:$A$1000,"<"&$B$2)) -> 0 | R17: =IF($B17="","",COUNTIFS('Rotation History'!$B$2:$B$1000,$B17,'Rotation History'!$M$2:$M$1000,">0",'Rotation History'!$A$2:$A$1000,">="&($B$2-30),'Rotation History'!$A$2:$A$1000,"<"&$B$2)) -> 0 | S17: =IF($B17="","",IF(COUNTIFS('Rotation History'!$B$2:$B$1000,$B17,'Rotation History'!$A$2:$A$1000,$B$2-1,'Rotation History'!$M$2:$M$1000,">0")=0,0,1+IF(COUNTIFS('Rotation History'!$B$2:$B$1000,$B17,'Rotation History'!$A$2:$A$1000,$B$2-2,'Rotation History'!$M$2:$M$1000,">0")=0,0,1+IF(COUNTIFS('Rotation History'!$B$2:$B$1000,$B17,'Rotation History'!$A$2:$A$1000,$B$2-3,'Rotation History'!$M$2:$M$1000,">0")=0,0,1+IF(COUNTIFS('Rotation History'!$B$2:$B$1000,$B17,'Rotation History'!$A$2:$A$1000,$B$2-4,'Rotation History'!$M$2:$M$1000,">0")=0,0,1))))) -> 0 | T17: =IF($B17="","",COUNTIFS('Rotation History'!$B$2:$B$1000,$B17,'Rotation History'!$K$2:$K$1000,"Opening",'Rotation History'!$A$2:$A$1000,">="&($B$2-30),'Rotation History'!$A$2:$A$1000,"<"&$B$2)) -> 0 | U17: =IF($B17="","",COUNTIFS('Rotation History'!$B$2:$B$1000,$B17,'Rotation History'!$K$2:$K$1000,"Lunch Relief",'Rotation History'!$A$2:$A$1000,">="&($B$2-30),'Rotation History'!$A$2:$A$1000,"<"&$B$2)) -> 0 | V17: =IF($B17="","",$Q17*10+$R17*2+$S17*20+$T17*3+$U17) -> 0
... A205: =IF($B205="","",$B$2) | B205: =IF($B$2="","",IFERROR(INDEX('Employee Master'!$A$2:$A$159,MATCH(ROWS($B$6:B205),Lists!$P$2:$P$159,0)),"")) | C205: =IF($B205="","",IFERROR(INDEX('Employee Master'!$B$2:$B$159,MATCH($B205,'Employee Master'!$A$2:$A$159,0)),"")) | D205: =IF($B205="","",IFERROR(INDEX('Employee Master'!$C$2:$C$159,MATCH($B205,'Employee Master'!$A$2:$A$159,0)),"")) | E205: =IF($B205="","",IFERROR(INDEX('Employee Master'!$I$2:$I$159,MATCH($B205,'Employee Master'!$A$2:$A$159,0)),"")) | F205: =IF($B205="","",IFERROR(INDEX('Employee Master'!$E$2:$E$159,MATCH($B205,'Employee Master'!$A$2:$A$159,0)),"")) | G205: =IF($B205="","",IFERROR(INDEX('Employee Master'!$F$2:$F$159,MATCH($B205,'Employee Master'!$A$2:$A$159,0)),"")) | H205: =IF($B205="","","Present") | I205: =IF($B205="","",IFERROR(INDEX('Employee Master'!$H$2:$H$159,MATCH($B205,'Employee Master'!$A$2:$A$159,0)),"")) | J205: =IF($B205="","",IFERROR(INDEX('Qualification Matrix'!$C$2:$C$168,MATCH($B205,'Qualification Matrix'!$A$2:$A$168,0)),2)) | K205: =IF($B205="","",IFERROR(INDEX('Qualification Matrix'!$D$2:$D$168,MATCH($B205,'Qualification Matrix'!$A$2:$A$168,0)),2)) | L205: =IF($B205="","",IFERROR(INDEX('Qualification Matrix'!$E$2:$E$168,MATCH($B205,'Qualification Matrix'!$A$2:$A$168,0)),2)) | M205: =IF($B205="","",IFERROR(INDEX('Qualification Matrix'!$F$2:$F$168,MATCH($B205,'Qualification Matrix'!$A$2:$A$168,0)),2)) | N205: =IF($B205="","",IF(AND($H205="Present",$F205<>"Y"),"Y","N")) | P205: =IF($B205="","",IFERROR(INDEX('Qualification Matrix'!$H$2:$H$168,MATCH($B205,'Qualification Matrix'!$A$2:$A$168,0)),"")) | Q205: =IF($B205="","",SUMIFS('Rotation History'!$M$2:$M$1000,'Rotation History'!$B$2:$B$1000,$B205,'Rotation History'!$A$2:$A$1000,">="&($B$2-30),'Rotation History'!$A$2:$A$1000,"<"&$B$2)) | R205: =IF($B205="","",COUNTIFS('Rotation History'!$B$2:$B$1000,$B205,'Rotation History'!$M$2:$M$1000,">0",'Rotation History'!$A$2:$A$1000,">="&($B$2-30),'Rotation History'!$A$2:$A$1000,"<"&$B$2)) | S205: =IF($B205="","",IF(COUNTIFS('Rotation History'!$B$2:$B$1000,$B205,'Rotation History'!$A$2:$A$1000,$B$2-1,'Rotation History'!$M$2:$M$1000,">0")=0,0,1+IF(COUNTIFS('Rotation History'!$B$2:$B$1000,$B205,'Rotation History'!$A$2:$A$1000,$B$2-2,'Rotation History'!$M$2:$M$1000,">0")=0,0,1+IF(COUNTIFS('Rotation History'!$B$2:$B$1000,$B205,'Rotation History'!$A$2:$A$1000,$B$2-3,'Rotation History'!$M$2:$M$1000,">0")=0,0,1+IF(COUNTIFS('Rotation History'!$B$2:$B$1000,$B205,'Rotation History'!$A$2:$A$1000,$B$2-4,'Rotation History'!$M$2:$M$1000,">0")=0,0,1))))) | T205: =IF($B205="","",COUNTIFS('Rotation History'!$B$2:$B$1000,$B205,'Rotation History'!$K$2:$K$1000,"Opening",'Rotation History'!$A$2:$A$1000,">="&($B$2-30),'Rotation History'!$A$2:$A$1000,"<"&$B$2)) | U205: =IF($B205="","",COUNTIFS('Rotation History'!$B$2:$B$1000,$B205,'Rotation History'!$K$2:$K$1000,"Lunch Relief",'Rotation History'!$A$2:$A$1000,">="&($B$2-30),'Rotation History'!$A$2:$A$1000,"<"&$B$2)) | V205: =IF($B205="","",$Q205*10+$R205*2+$S205*20+$T205*3+$U205)

Sheet Daily Schedule
A1: Daily Schedule Assignment, Handoff & Break Engine
A2: Schedule Date | B2: ='Daily Workforce'!$B$2 -> 46231 | D2: Shift Group | E2: =IF('Daily Workforce'!$E$2="","Full Day",'Daily Workforce'!$E$2) -> Full Day | G2: Eligible Employees | H2: ='Daily Workforce'!$N$2 -> 103 | J2: Filled Positions | K2: =COUNTIF($M$6:$M$57,"FILLED") -> 49 | M2: Unfilled Positions | N2: =COUNTIF($M$6:$M$57,"UNFILLED") -> 3 | P2: Lunches Assigned | Q2: =COUNTIF($M$6:$M$57,"FILLED") -> 49 | R2: Opening Tier 1 Gaps | S2: =COUNTIF($R$6:$R$57,"OPENING GAP") -> 4
A3: RULES v1.1 ACTIVE: Tier 1 positions must never go unstaffed. Lunches are assigned under mutual-exclusion constraints (see Coverage Rules sheet). Check “Tier1 Break Conflict Check” sheet for any SAME-LUNCH or NO-RELIEF violations before accepting the schedule. All seven Divest openings reserved for qualified 3:45 AM staff; 5:45 AM takeovers fairness-ranked; each Divest lunch has a separate qualified lower-tier reliever on a different wave.
A5: Position ID | B5: Area | C5: Position | D5: Tier | E5: Required Qualification | F5: Employee ID | G5: Assigned Employee | H5: Shift | I5: Start | J5: End | K5: Lunch Preference | L5: Qualification Check | M5: Coverage Status | N5: Assigned Lunch | O5: Relief Position ID | P5: Relief Employee | Q5: Break Coverage | R5: Opening Coverage | S5: Notes
A6: 46 | B6: =IF($A6="","",IFERROR(INDEX('Position Library'!$B$2:$B$53,MATCH($A6,'Position Library'!$A$2:$A$53,0)),"")) -> North Security Checkpoint | C6: =IF($A6="","",IFERROR(INDEX('Position Library'!$C$2:$C$53,MATCH($A6,'Position Library'!$A$2:$A$53,0)),"")) -> Divest | D6: =IF($A6="","",IFERROR(INDEX('Position Library'!$D$2:$D$53,MATCH($A6,'Position Library'!$A$2:$A$53,0)),"")) -> Tier 1 | E6: =IF($A6="","",IF($A6=45,"Information Desk = Y",IF(OR($A6=4,$A6=8),IF(OR(WEEKDAY($B$2,2)=1,WEEKDAY($B$2,2)=4,WEEKDAY($B$2,2)=5,WEEKDAY($B$2,2)=7),"Main Inside = 3","Main Inside >= 2"),IF(AND($A6>=46,$A6<=52),"Divest = Y","General Qualifications >= 2")))) -> Divest = Y | F6: =IF($A6="","",IF(MIN(Lists!Q2:HH2)>=999999999,"",IFERROR(INDEX('Daily Workforce'!$B$6:$B$205,MATCH(MIN(Lists!Q2:HH2),Lists!Q2:HH2,0)),""))) -> EMP-0007 | G6: =IF($F6="","",IFERROR(INDEX('Daily Workforce'!$C$6:$C$205,MATCH($F6,'Daily Workforce'!$B$6:$B$205,0)),"")) -> Ahamed John | H6: =IF($F6="","",IFERROR(INDEX('Daily Workforce'!$D$6:$D$205,MATCH($F6,'Daily Workforce'!$B$6:$B$205,0)),"")) -> 3:45 AM | I6: =IF($H6="","",$H6) -> 3:45 AM | J6: =IF($H6="","",IF($H6="3:45 AM","12:45 PM",IF($H6="5:45 AM","2:45 PM",IF($H6="12:15 PM","9:15 PM",IF($H6="2:00 PM","11:00 PM",IF($H6="9:15 PM","6:15 AM","")))))) -> 12:45 PM | K6: =IF($F6="","",IFERROR(INDEX('Daily Workforce'!$I$6:$I$205,MATCH($F6,'Daily Workforce'!$B$6:$B$205,0)),"")) -> None | L6: =IF($A6="","",IF($F6="","NO QUALIFIED EMPLOYEE","QUALIFIED")) -> QUALIFIED | M6: =IF($A6="","",IF($F6="","UNFILLED","FILLED")) -> FILLED | N6: =IF($F6="","",IF($H6="3:45 AM",IF(OR($K6="8:00 AM",$K6="9:00 AM"),$K6,CHOOSE(MOD(COUNTIF($H$6:$H6,$H6)-1,3)+1,"8:00 AM","8:00 AM","9:00 AM")),IF($H6="5:45 AM",IF(OR($K6="9:00 AM",$K6="10:00 AM"),$K6,CHOOSE(MOD(COUNTIF($H$6:$H6,$H6)-1,3)+1,"10:00 AM","10:00 AM","9:00 AM")),IF(AND($K6<>"",$K6<>"None"),$K6,IF($H6="12:15 PM",CHOOSE(MOD(COUNTIF($H$6:$H6,$H6)-1,2)+1,"4:00 PM","5:00 PM"),IF($H6="2:00 PM",CHOOSE(MOD(COUNTIF($H$6:$H6,$H6)-1,2)+1,"6:00 PM","7:00 PM"),IF($H6="9:15 PM",CHOOSE(MOD(COUNTIF($H$6:$H6,$H6)-1,2)+1,"1:00 AM","2:00 AM"),""))))))) -> 8:00 AM | O6: =Lists!$JP2 -> 7 | P6: =Lists!$JO2 -> EMP-0076 | Q6: =Lists!$JR2 -> COVERED | R6: =IF($A6="","",IF($D6<>"Tier 1","N/A",IF(OR($E$2="PM",$E$2="Overnight"),"N/A",IF($H6="3:45 AM","COVERED","OPENING GAP")))) -> COVERED | S6: See Divest Coverage Plan
A7: 47 | B7: =IF($A7="","",IFERROR(INDEX('Position Library'!$B$2:$B$53,MATCH($A7,'Position Library'!$A$2:$A$53,0)),"")) -> North Security Checkpoint | C7: =IF($A7="","",IFERROR(INDEX('Position Library'!$C$2:$C$53,MATCH($A7,'Position Library'!$A$2:$A$53,0)),"")) -> Divest | D7: =IF($A7="","",IFERROR(INDEX('Position Library'!$D$2:$D$53,MATCH($A7,'Position Library'!$A$2:$A$53,0)),"")) -> Tier 1 | E7: =IF($A7="","",IF($A7=45,"Information Desk = Y",IF(OR($A7=4,$A7=8),IF(OR(WEEKDAY($B$2,2)=1,WEEKDAY($B$2,2)=4,WEEKDAY($B$2,2)=5,WEEKDAY($B$2,2)=7),"Main Inside = 3","Main Inside >= 2"),IF(AND($A7>=46,$A7<=52),"Divest = Y","General Qualifications >= 2")))) -> Divest = Y | F7: =IF($A7="","",IF(MIN(Lists!Q3:HH3)>=999999999,"",IFERROR(INDEX('Daily Workforce'!$B$6:$B$205,MATCH(MIN(Lists!Q3:HH3),Lists!Q3:HH3,0)),""))) -> EMP-0010 | G7: =IF($F7="","",IFERROR(INDEX('Daily Workforce'!$C$6:$C$205,MATCH($F7,'Daily Workforce'!$B$6:$B$205,0)),"")) -> Allen Suggs | H7: =IF($F7="","",IFERROR(INDEX('Daily Workforce'!$D$6:$D$205,MATCH($F7,'Daily Workforce'!$B$6:$B$205,0)),"")) -> 3:45 AM | I7: =IF($H7="","",$H7) -> 3:45 AM | J7: =IF($H7="","",IF($H7="3:45 AM","12:45 PM",IF($H7="5:45 AM","2:45 PM",IF($H7="12:15 PM","9:15 PM",IF($H7="2:00 PM","11:00 PM",IF($H7="9:15 PM","6:15 AM","")))))) -> 12:45 PM | K7: =IF($F7="","",IFERROR(INDEX('Daily Workforce'!$I$6:$I$205,MATCH($F7,'Daily Workforce'!$B$6:$B$205,0)),"")) -> None | L7: =IF($A7="","",IF($F7="","NO QUALIFIED EMPLOYEE","QUALIFIED")) -> QUALIFIED | M7: =IF($A7="","",IF($F7="","UNFILLED","FILLED")) -> FILLED | N7: =IF($F7="","",IF($H7="3:45 AM",IF(OR($K7="8:00 AM",$K7="9:00 AM"),$K7,CHOOSE(MOD(COUNTIF($H$6:$H7,$H7)-1,3)+1,"8:00 AM","8:00 AM","9:00 AM")),IF($H7="5:45 AM",IF(OR($K7="9:00 AM",$K7="10:00 AM"),$K7,CHOOSE(MOD(COUNTIF($H$6:$H7,$H7)-1,3)+1,"10:00 AM","10:00 AM","9:00 AM")),IF(AND($K7<>"",$K7<>"None"),$K7,IF($H7="12:15 PM",CHOOSE(MOD(COUNTIF($H$6:$H7,$H7)-1,2)+1,"4:00 PM","5:00 PM"),IF($H7="2:00 PM",CHOOSE(MOD(COUNTIF($H$6:$H7,$H7)-1,2)+1,"6:00 PM","7:00 PM"),IF($H7="9:15 PM",CHOOSE(MOD(COUNTIF($H$6:$H7,$H7)-1,2)+1,"1:00 AM","2:00 AM"),""))))))) -> 8:00 AM | O7: =Lists!$JP3 -> 6 | P7: =Lists!$JO3 -> EMP-0074 | Q7: =Lists!$JR3 -> COVERED | R7: =IF($A7="","",IF($D7<>"Tier 1","N/A",IF(OR($E$2="PM",$E$2="Overnight"),"N/A",IF($H7="3:45 AM","COVERED","OPENING GAP")))) -> COVERED | S7: See Divest Coverage Plan
A8: 48 | B8: =IF($A8="","",IFERROR(INDEX('Position Library'!$B$2:$B$53,MATCH($A8,'Position Library'!$A$2:$A$53,0)),"")) -> North Security Checkpoint | C8: =IF($A8="","",IFERROR(INDEX('Position Library'!$C$2:$C$53,MATCH($A8,'Position Library'!$A$2:$A$53,0)),"")) -> Divest | D8: =IF($A8="","",IFERROR(INDEX('Position Library'!$D$2:$D$53,MATCH($A8,'Position Library'!$A$2:$A$53,0)),"")) -> Tier 1 | E8: =IF($A8="","",IF($A8=45,"Information Desk = Y",IF(OR($A8=4,$A8=8),IF(OR(WEEKDAY($B$2,2)=1,WEEKDAY($B$2,2)=4,WEEKDAY($B$2,2)=5,WEEKDAY($B$2,2)=7),"Main Inside = 3","Main Inside >= 2"),IF(AND($A8>=46,$A8<=52),"Divest = Y","General Qualifications >= 2")))) -> Divest = Y | F8: =IF($A8="","",IF(MIN(Lists!Q4:HH4)>=999999999,"",IFERROR(INDEX('Daily Workforce'!$B$6:$B$205,MATCH(MIN(Lists!Q4:HH4),Lists!Q4:HH4,0)),""))) -> EMP-0022 | G8: =IF($F8="","",IFERROR(INDEX('Daily Workforce'!$C$6:$C$205,MATCH($F8,'Daily Workforce'!$B$6:$B$205,0)),"")) -> Benjamin Crosby | H8: =IF($F8="","",IFERROR(INDEX('Daily Workforce'!$D$6:$D$205,MATCH($F8,'Daily Workforce'!$B$6:$B$205,0)),"")) -> 3:45 AM | I8: =IF($H8="","",$H8) -> 3:45 AM | J8: =IF($H8="","",IF($H8="3:45 AM","12:45 PM",IF($H8="5:45 AM","2:45 PM",IF($H8="12:15 PM","9:15 PM",IF($H8="2:00 PM","11:00 PM",IF($H8="9:15 PM","6:15 AM","")))))) -> 12:45 PM | K8: =IF($F8="","",IFERROR(INDEX('Daily Workforce'!$I$6:$I$205,MATCH($F8,'Daily Workforce'!$B$6:$B$205,0)),"")) -> None | L8: =IF($A8="","",IF($F8="","NO QUALIFIED EMPLOYEE","QUALIFIED")) -> QUALIFIED | M8: =IF($A8="","",IF($F8="","UNFILLED","FILLED")) -> FILLED | N8: =IF($F8="","",IF($H8="3:45 AM",IF(OR($K8="8:00 AM",$K8="9:00 AM"),$K8,CHOOSE(MOD(COUNTIF($H$6:$H8,$H8)-1,3)+1,"8:00 AM","8:00 AM","9:00 AM")),IF($H8="5:45 AM",IF(OR($K8="9:00 AM",$K8="10:00 AM"),$K8,CHOOSE(MOD(COUNTIF($H$6:$H8,$H8)-1,3)+1,"10:00 AM","10:00 AM","9:00 AM")),IF(AND($K8<>"",$K8<>"None"),$K8,IF($H8="12:15 PM",CHOOSE(MOD(COUNTIF($H$6:$H8,$H8)-1,2)+1,"4:00 PM","5:00 PM"),IF($H8="2:00 PM",CHOOSE(MOD(COUNTIF($H$6:$H8,$H8)-1,2)+1,"6:00 PM","7:00 PM"),IF($H8="9:15 PM",CHOOSE(MOD(COUNTIF($H$6:$H8,$H8)-1,2)+1,"1:00 AM","2:00 AM"),""))))))) -> 9:00 AM | O8: =Lists!$JP4 -> 12 | P8: =Lists!$JO4 -> EMP-0095 | Q8: =Lists!$JR4 -> COVERED | R8: =IF($A8="","",IF($D8<>"Tier 1","N/A",IF(OR($E$2="PM",$E$2="Overnight"),"N/A",IF($H8="3:45 AM","COVERED","OPENING GAP")))) -> COVERED | S8: See Divest Coverage Plan
A9: 49 | B9: =IF($A9="","",IFERROR(INDEX('Position Library'!$B$2:$B$53,MATCH($A9,'Position Library'!$A$2:$A$53,0)),"")) -> North Security Checkpoint | C9: =IF($A9="","",IFERROR(INDEX('Position Library'!$C$2:$C$53,MATCH($A9,'Position Library'!$A$2:$A$53,0)),"")) -> Divest | D9: =IF($A9="","",IFERROR(INDEX('Position Library'!$D$2:$D$53,MATCH($A9,'Position Library'!$A$2:$A$53,0)),"")) -> Tier 1 | E9: =IF($A9="","",IF($A9=45,"Information Desk = Y",IF(OR($A9=4,$A9=8),IF(OR(WEEKDAY($B$2,2)=1,WEEKDAY($B$2,2)=4,WEEKDAY($B$2,2)=5,WEEKDAY($B$2,2)=7),"Main Inside = 3","Main Inside >= 2"),IF(AND($A9>=46,$A9<=52),"Divest = Y","General Qualifications >= 2")))) -> Divest = Y | F9: =IF($A9="","",IF(MIN(Lists!Q5:HH5)>=999999999,"",IFERROR(INDEX('Daily Workforce'!$B$6:$B$205,MATCH(MIN(Lists!Q5:HH5),Lists!Q5:HH5,0)),""))) -> EMP-0042 | G9: =IF($F9="","",IFERROR(INDEX('Daily Workforce'!$C$6:$C$205,MATCH($F9,'Daily Workforce'!$B$6:$B$205,0)),"")) -> Crosby Pavon-Lacayo | H9: =IF($F9="","",IFERROR(INDEX('Daily Workforce'!$D$6:$D$205,MATCH($F9,'Daily Workforce'!$B$6:$B$205,0)),"")) -> 3:45 AM | I9: =IF($H9="","",$H9) -> 3:45 AM | J9: =IF($H9="","",IF($H9="3:45 AM","12:45 PM",IF($H9="5:45 AM","2:45 PM",IF($H9="12:15 PM","9:15 PM",IF($H9="2:00 PM","11:00 PM",IF($H9="9:15 PM","6:15 AM","")))))) -> 12:45 PM | K9: =IF($F9="","",IFERROR(INDEX('Daily Workforce'!$I$6:$I$205,MATCH($F9,'Daily Workforce'!$B$6:$B$205,0)),"")) -> None | L9: =IF($A9="","",IF($F9="","NO QUALIFIED EMPLOYEE","QUALIFIED")) -> QUALIFIED | M9: =IF($A9="","",IF($F9="","UNFILLED","FILLED")) -> FILLED | N9: =IF($F9="","",IF($H9="3:45 AM",IF(OR($K9="8:00 AM",$K9="9:00 AM"),$K9,CHOOSE(MOD(COUNTIF($H$6:$H9,$H9)-1,3)+1,"8:00 AM","8:00 AM","9:00 AM")),IF($H9="5:45 AM",IF(OR($K9="9:00 AM",$K9="10:00 AM"),$K9,CHOOSE(MOD(COUNTIF($H$6:$H9,$H9)-1,3)+1,"10:00 AM","10:00 AM","9:00 AM")),IF(AND($K9<>"",$K9<>"None"),$K9,IF($H9="12:15 PM",CHOOSE(MOD(COUNTIF($H$6:$H9,$H9)-1,2)+1,"4:00 PM","5:00 PM"),IF($H9="2:00 PM",CHOOSE(MOD(COUNTIF($H$6:$H9,$H9)-1,2)+1,"6:00 PM","7:00 PM"),IF($H9="9:15 PM",CHOOSE(MOD(COUNTIF($H$6:$H9,$H9)-1,2)+1,"1:00 AM","2:00 AM"),""))))))) -> 8:00 AM | O9: =Lists!$JP5 -> 21 | P9: =Lists!$JO5 -> EMP-0105 | Q9: =Lists!$JR5 -> COVERED | R9: =IF($A9="","",IF($D9<>"Tier 1","N/A",IF(OR($E$2="PM",$E$2="Overnight"),"N/A",IF($H9="3:45 AM","COVERED","OPENING GAP")))) -> COVERED | S9: See Divest Coverage Plan
A10: 50 | B10: =IF($A10="","",IFERROR(INDEX('Position Library'!$B$2:$B$53,MATCH($A10,'Position Library'!$A$2:$A$53,0)),"")) -> Lower North Security Checkpoint | C10: =IF($A10="","",IFERROR(INDEX('Position Library'!$C$2:$C$53,MATCH($A10,'Position Library'!$A$2:$A$53,0)),"")) -> Divest | D10: =IF($A10="","",IFERROR(INDEX('Position Library'!$D$2:$D$53,MATCH($A10,'Position Library'!$A$2:$A$53,0)),"")) -> Tier 1 | E10: =IF($A10="","",IF($A10=45,"Information Desk = Y",IF(OR($A10=4,$A10=8),IF(OR(WEEKDAY($B$2,2)=1,WEEKDAY($B$2,2)=4,WEEKDAY($B$2,2)=5,WEEKDAY($B$2,2)=7),"Main Inside = 3","Main Inside >= 2"),IF(AND($A10>=46,$A10<=52),"Divest = Y","General Qualifications >= 2")))) -> Divest = Y | F10: =IF($A10="","",IF(MIN(Lists!Q6:HH6)>=999999999,"",IFERROR(INDEX('Daily Workforce'!$B$6:$B$205,MATCH(MIN(Lists!Q6:HH6),Lists!Q6:HH6,0)),""))) -> EMP-0044 | G10: =IF($F10="","",IFERROR(INDEX('Daily Workforce'!$C$6:$C$205,MATCH($F10,'Daily Workforce'!$B$6:$B$205,0)),"")) -> Danielle Holmes | H10: =IF($F10="","",IFERROR(INDEX('Daily Workforce'!$D$6:$D$205,MATCH($F10,'Daily Workforce'!$B$6:$B$205,0)),"")) -> 3:45 AM | I10: =IF($H10="","",$H10) -> 3:45 AM | J10: =IF($H10="","",IF($H10="3:45 AM","12:45 PM",IF($H10="5:45 AM","2:45 PM",IF($H10="12:15 PM","9:15 PM",IF($H10="2:00 PM","11:00 PM",IF($H10="9:15 PM","6:15 AM","")))))) -> 12:45 PM | K10: =IF($F10="","",IFERROR(INDEX('Daily Workforce'!$I$6:$I$205,MATCH($F10,'Daily Workforce'!$B$6:$B$205,0)),"")) -> None | L10: =IF($A10="","",IF($F10="","NO QUALIFIED EMPLOYEE","QUALIFIED")) -> QUALIFIED | M10: =IF($A10="","",IF($F10="","UNFILLED","FILLED")) -> FILLED | N10: =IF($F10="","",IF($H10="3:45 AM",IF(OR($K10="8:00 AM",$K10="9:00 AM"),$K10,CHOOSE(MOD(COUNTIF($H$6:$H10,$H10)-1,3)+1,"8:00 AM","8:00 AM","9:00 AM")),IF($H10="5:45 AM",IF(OR($K10="9:00 AM",$K10="10:00 AM"),$K10,CHOOSE(MOD(COUNTIF($H$6:$H10,$H10)-1,3)+1,"10:00 AM","10:00 AM","9:00 AM")),IF(AND($K10<>"",$K10<>"None"),$K10,IF($H10="12:15 PM",CHOOSE(MOD(COUNTIF($H$6:$H10,$H10)-1,2)+1,"4:00 PM","5:00 PM"),IF($H10="2:00 PM",CHOOSE(MOD(COUNTIF($H$6:$H10,$H10)-1,2)+1,"6:00 PM","7:00 PM"),IF($H10="9:15 PM",CHOOSE(MOD(COUNTIF($H$6:$H10,$H10)-1,2)+1,"1:00 AM","2:00 AM"),""))))))) -> 8:00 AM | O10: =Lists!$JP6 -> 10 | P10: =Lists!$JO6 -> EMP-0086 | Q10: =Lists!$JR6 -> COVERED | R10: =IF($A10="","",IF($D10<>"Tier 1","N/A",IF(OR($E$2="PM",$E$2="Overnight"),"N/A",IF($H10="3:45 AM","COVERED","OPENING GAP")))) -> COVERED | S10: See Divest Coverage Plan
A11: 51 | B11: =IF($A11="","",IFERROR(INDEX('Position Library'!$B$2:$B$53,MATCH($A11,'Position Library'!$A$2:$A$53,0)),"")) -> Lower North Security Checkpoint | C11: =IF($A11="","",IFERROR(INDEX('Position Library'!$C$2:$C$53,MATCH($A11,'Position Library'!$A$2:$A$53,0)),"")) -> Divest | D11: =IF($A11="","",IFERROR(INDEX('Position Library'!$D$2:$D$53,MATCH($A11,'Position Library'!$A$2:$A$53,0)),"")) -> Tier 1 | E11: =IF($A11="","",IF($A11=45,"Information Desk = Y",IF(OR($A11=4,$A11=8),IF(OR(WEEKDAY($B$2,2)=1,WEEKDAY($B$2,2)=4,WEEKDAY($B$2,2)=5,WEEKDAY($B$2,2)=7),"Main Inside = 3","Main Inside >= 2"),IF(AND($A11>=46,$A11<=52),"Divest = Y","General Qualifications >= 2")))) -> Divest = Y | F11: =IF($A11="","",IF(MIN(Lists!Q7:HH7)>=999999999,"",IFERROR(INDEX('Daily Workforce'!$B$6:$B$205,MATCH(MIN(Lists!Q7:HH7),Lists!Q7:HH7,0)),""))) -> EMP-0049 | G11: =IF($F11="","",IFERROR(INDEX('Daily Workforce'!$C$6:$C$205,MATCH($F11,'Daily Workforce'!$B$6:$B$205,0)),"")) -> Demetrius Thomas | H11: =IF($F11="","",IFERROR(INDEX('Daily Workforce'!$D$6:$D$205,MATCH($F11,'Daily Workforce'!$B$6:$B$205,0)),"")) -> 3:45 AM | I11: =IF($H11="","",$H11) -> 3:45 AM | J11: =IF($H11="","",IF($H11="3:45 AM","12:45 PM",IF($H11="5:45 AM","2:45 PM",IF($H11="12:15 PM","9:15 PM",IF($H11="2:00 PM","11:00 PM",IF($H11="9:15 PM","6:15 AM","")))))) -> 12:45 PM | K11: =IF($F11="","",IFERROR(INDEX('Daily Workforce'!$I$6:$I$205,MATCH($F11,'Daily Workforce'!$B$6:$B$205,0)),"")) -> None | L11: =IF($A11="","",IF($F11="","NO QUALIFIED EMPLOYEE","QUALIFIED")) -> QUALIFIED | M11: =IF($A11="","",IF($F11="","UNFILLED","FILLED")) -> FILLED | N11: =IF($F11="","",IF($H11="3:45 AM",IF(OR($K11="8:00 AM",$K11="9:00 AM"),$K11,CHOOSE(MOD(COUNTIF($H$6:$H11,$H11)-1,3)+1,"8:00 AM","8:00 AM","9:00 AM")),IF($H11="5:45 AM",IF(OR($K11="9:00 AM",$K11="10:00 AM"),$K11,CHOOSE(MOD(COUNTIF($H$6:$H11,$H11)-1,3)+1,"10:00 AM","10:00 AM","9:00 AM")),IF(AND($K11<>"",$K11<>"None"),$K11,IF($H11="12:15 PM",CHOOSE(MOD(COUNTIF($H$6:$H11,$H11)-1,2)+1,"4:00 PM","5:00 PM"),IF($H11="2:00 PM",CHOOSE(MOD(COUNTIF($H$6:$H11,$H11)-1,2)+1,"6:00 PM","7:00 PM"),IF($H11="9:15 PM",CHOOSE(MOD(COUNTIF($H$6:$H11,$H11)-1,2)+1,"1:00 AM","2:00 AM"),""))))))) -> 9:00 AM | O11: =Lists!$JP7 -> 28 | P11: =Lists!$JO7 -> EMP-0129 | Q11: =Lists!$JR7 -> COVERED | R11: =IF($A11="","",IF($D11<>"Tier 1","N/A",IF(OR($E$2="PM",$E$2="Overnight"),"N/A",IF($H11="3:45 AM","COVERED","OPENING GAP")))) -> COVERED | S11: See Divest Coverage Plan
A12: 52 | B12: =IF($A12="","",IFERROR(INDEX('Position Library'!$B$2:$B$53,MATCH($A12,'Position Library'!$A$2:$A$53,0)),"")) -> Lower North Security Checkpoint | C12: =IF($A12="","",IFERROR(INDEX('Position Library'!$C$2:$C$53,MATCH($A12,'Position Library'!$A$2:$A$53,0)),"")) -> Divest | D12: =IF($A12="","",IFERROR(INDEX('Position Library'!$D$2:$D$53,MATCH($A12,'Position Library'!$A$2:$A$53,0)),"")) -> Tier 1 | E12: =IF($A12="","",IF($A12=45,"Information Desk = Y",IF(OR($A12=4,$A12=8),IF(OR(WEEKDAY($B$2,2)=1,WEEKDAY($B$2,2)=4,WEEKDAY($B$2,2)=5,WEEKDAY($B$2,2)=7),"Main Inside = 3","Main Inside >= 2"),IF(AND($A12>=46,$A12<=52),"Divest = Y","General Qualifications >= 2")))) -> Divest = Y | F12: =IF($A12="","",IF(MIN(Lists!Q8:HH8)>=999999999,"",IFERROR(INDEX('Daily Workforce'!$B$6:$B$205,MATCH(MIN(Lists!Q8:HH8),Lists!Q8:HH8,0)),""))) -> EMP-0054 | G12: =IF($F12="","",IFERROR(INDEX('Daily Workforce'!$C$6:$C$205,MATCH($F12,'Daily Workforce'!$B$6:$B$205,0)),"")) -> Diane Nails | H12: =IF($F12="","",IFERROR(INDEX('Daily Workforce'!$D$6:$D$205,MATCH($F12,'Daily Workforce'!$B$6:$B$205,0)),"")) -> 3:45 AM | I12: =IF($H12="","",$H12) -> 3:45 AM | J12: =IF($H12="","",IF($H12="3:45 AM","12:45 PM",IF($H12="5:45 AM","2:45 PM",IF($H12="12:15 PM","9:15 PM",IF($H12="2:00 PM","11:00 PM",IF($H12="9:15 PM","6:15 AM","")))))) -> 12:45 PM | K12: =IF($F12="","",IFERROR(INDEX('Daily Workforce'!$I$6:$I$205,MATCH($F12,'Daily Workforce'!$B$6:$B$205,0)),"")) -> None | L12: =IF($A12="","",IF($F12="","NO QUALIFIED EMPLOYEE","QUALIFIED")) -> QUALIFIED | M12: =IF($A12="","",IF($F12="","UNFILLED","FILLED")) -> FILLED | N12: =IF($F12="","",IF($H12="3:45 AM",IF(OR($K12="8:00 AM",$K12="9:00 AM"),$K12,CHOOSE(MOD(COUNTIF($H$6:$H12,$H12)-1,3)+1,"8:00 AM","8:00 AM","9:00 AM")),IF($H12="5:45 AM",IF(OR($K12="9:00 AM",$K12="10:00 AM"),$K12,CHOOSE(MOD(COUNTIF($H$6:$H12,$H12)-1,3)+1,"10:00 AM","10:00 AM","9:00 AM")),IF(AND($K12<>"",$K12<>"None"),$K12,IF($H12="12:15 PM",CHOOSE(MOD(COUNTIF($H$6:$H12,$H12)-1,2)+1,"4:00 PM","5:00 PM"),IF($H12="2:00 PM",CHOOSE(MOD(COUNTIF($H$6:$H12,$H12)-1,2)+1,"6:00 PM","7:00 PM"),IF($H12="9:15 PM",CHOOSE(MOD(COUNTIF($H$6:$H12,$H12)-1,2)+1,"1:00 AM","2:00 AM"),""))))))) -> 8:00 AM | O12: =Lists!$JP8 -> 42 | P12: =Lists!$JO8 -> EMP-0134 | Q12: =Lists!$JR8 -> COVERED | R12: =IF($A12="","",IF($D12<>"Tier 1","N/A",IF(OR($E$2="PM",$E$2="Overnight"),"N/A",IF($H12="3:45 AM","COVERED","OPENING GAP")))) -> COVERED | S12: See Divest Coverage Plan
A13: 1 | B13: =IF($A13="","",IFERROR(INDEX('Position Library'!$B$2:$B$53,MATCH($A13,'Position Library'!$A$2:$A$53,0)),"")) -> Main Security Checkpoint | C13: =IF($A13="","",IFERROR(INDEX('Position Library'!$C$2:$C$53,MATCH($A13,'Position Library'!$A$2:$A$53,0)),"")) -> Front Entrance | D13: =IF($A13="","",IFERROR(INDEX('Position Library'!$D$2:$D$53,MATCH($A13,'Position Library'!$A$2:$A$53,0)),"")) -> Tier 1 | E13: =IF($A13="","",IF($A13=45,"Information Desk = Y",IF(OR($A13=4,$A13=8),IF(OR(WEEKDAY($B$2,2)=1,WEEKDAY($B$2,2)=4,WEEKDAY($B$2,2)=5,WEEKDAY($B$2,2)=7),"Main Inside = 3","Main Inside >= 2"),IF(AND($A13>=46,$A13<=52),"Divest = Y","General Qualifications >= 2")))) -> General Qualifications >= 2 | F13: =IF($A13="","",IFERROR(INDEX('Daily Workforce'!$B$6:$B$205,MATCH(1,Lists!Q9:HH9,0)),"")) -> EMP-0059 | G13: =IF($F13="","",IFERROR(INDEX('Daily Workforce'!$C$6:$C$205,MATCH($F13,'Daily Workforce'!$B$6:$B$205,0)),"")) -> Emonnie Dorsey | H13: =IF($F13="","",IFERROR(INDEX('Daily Workforce'!$D$6:$D$205,MATCH($F13,'Daily Workforce'!$B$6:$B$205,0)),"")) -> 3:45 AM | I13: =IF($H13="","",$H13) -> 3:45 AM | J13: =IF($H13="","",IF($H13="3:45 AM","12:45 PM",IF($H13="5:45 AM","2:45 PM",IF($H13="12:15 PM","9:15 PM",IF($H13="2:00 PM","11:00 PM",IF($H13="9:15 PM","6:15 AM","")))))) -> 12:45 PM | K13: =IF($F13="","",IFERROR(INDEX('Daily Workforce'!$I$6:$I$205,MATCH($F13,'Daily Workforce'!$B$6:$B$205,0)),"")) -> None | L13: =IF($A13="","",IF($F13="","NO QUALIFIED EMPLOYEE","QUALIFIED")) -> QUALIFIED | M13: =IF($A13="","",IF($F13="","UNFILLED","FILLED")) -> FILLED | N13: =IF($F13="","",IF($H13="3:45 AM",IF(OR($K13="8:00 AM",$K13="9:00 AM"),$K13,CHOOSE(MOD(COUNTIF($H$6:$H13,$H13)-1,3)+1,"8:00 AM","8:00 AM","9:00 AM")),IF($H13="5:45 AM",IF(OR($K13="9:00 AM",$K13="10:00 AM"),$K13,CHOOSE(MOD(COUNTIF($H$6:$H13,$H13)-1,3)+1,"10:00 AM","10:00 AM","9:00 AM")),IF(AND($K13<>"",$K13<>"None"),$K13,IF($H13="12:15 PM",CHOOSE(MOD(COUNTIF($H$6:$H13,$H13)-1,2)+1,"4:00 PM","5:00 PM"),IF($H13="2:00 PM",CHOOSE(MOD(COUNTIF($H$6:$H13,$H13)-1,2)+1,"6:00 PM","7:00 PM"),IF($H13="9:15 PM",CHOOSE(MOD(COUNTIF($H$6:$H13,$H13)-1,2)+1,"1:00 AM","2:00 AM"),""))))))) -> 8:00 AM | O13: =IF($A13="","",IF(IFERROR(INDEX('Position Library'!$E$2:$E$53,MATCH($A13,'Position Library'!$A$2:$A$53,0)),"N")="Y",IF(AND(IFERROR(VALUE(INDEX('Position Relationships'!$B$2:$F$53,MATCH($A13,'Position Relationships'!$A$2:$A$53,0),1)),"")<>"",IFERROR(INDEX($N$6:$N$57,MATCH(IFERROR(VALUE(INDEX('Position Relationships'!$B$2:$F$53,MATCH($A13,'Position Relationships'!$A$2:$A$53,0),1)),""),$A$6:$A$57,0)),"")<>"",IFERROR(INDEX($N$6:$N$57,MATCH(IFERROR(VALUE(INDEX('Position Relationships'!$B$2:$F$53,MATCH($A13,'Position Relationships'!$A$2:$A$53,0),1)),""),$A$6:$A$57,0)),"")<>$N13),IFERROR(VALUE(INDEX('Position Relationships'!$B$2:$F$53,MATCH($A13,'Position Relationships'!$A$2:$A$53,0),1)),""),IF(AND(IFERROR(VALUE(INDEX('Position Relationships'!$B$2:$F$53,MATCH($A13,'Position Relationships'!$A$2:$A$53,0),2)),"")<>"",IFERROR(INDEX($N$6:$N$57,MATCH(IFERROR(VALUE(INDEX('Position Relationships'!$B$2:$F$53,MATCH($A13,'Position Relationships'!$A$2:$A$53,0),2)),""),$A$6:$A$57,0)),"")<>"",IFERROR(INDEX($N$6:$N$57,MATCH(IFERROR(VALUE(INDEX('Position Relationships'!$B$2:$F$53,MATCH($A13,'Position Relationships'!$A$2:$A$53,0),2)),""),$A$6:$A$57,0)),"")<>$N13),IFERROR(VALUE(INDEX('Position Relationships'!$B$2:$F$53,MATCH($A13,'Position Relationships'!$A$2:$A$53,0),2)),""),IF(AND(IFERROR(VALUE(INDEX('Position Relationships'!$B$2:$F$53,MATCH($A13,'Position Relationships'!$A$2:$A$53,0),3)),"")<>"",IFERROR(INDEX($N$6:$N$57,MATCH(IFERROR(VALUE(INDEX('Position Relationships'!$B$2:$F$53,MATCH($A13,'Position Relationships'!$A$2:$A$53,0),3)),""),$A$6:$A$57,0)),"")<>"",IFERROR(INDEX($N$6:$N$57,MATCH(IFERROR(VALUE(INDEX('Position Relationships'!$B$2:$F$53,MATCH($A13,'Position Relationships'!$A$2:$A$53,0),3)),""),$A$6:$A$57,0)),"")<>$N13),IFERROR(VALUE(INDEX('Position Relationships'!$B$2:$F$53,MATCH($A13,'Position Relationships'!$A$2:$A$53,0),3)),""),IF(AND(IFERROR(VALUE(INDEX('Position Relationships'!$B$2:$F$53,MATCH($A13,'Position Relationships'!$A$2:$A$53,0),4)),"")<>"",IFERROR(INDEX($N$6:$N$57,MATCH(IFERROR(VALUE(INDEX('Position Relationships'!$B$2:$F$53,MATCH($A13,'Position Relationships'!$A$2:$A$53,0),4)),""),$A$6:$A$57,0)),"")<>"",IFERROR(INDEX($N$6:$N$57,MATCH(IFERROR(VALUE(INDEX('Position Relationships'!$B$2:$F$53,MATCH($A13,'Position Relationships'!$A$2:$A$53,0),4)),""),$A$6:$A$57,0)),"")<>$N13),IFERROR(VALUE(INDEX('Position Relationships'!$B$2:$F$53,MATCH($A13,'Position Relationships'!$A$2:$A$53,0),4)),""),IF(AND(IFERROR(VALUE(INDEX('Position Relationships'!$B$2:$F$53,MATCH($A13,'Position Relationships'!$A$2:$A$53,0),5)),"")<>"",IFERROR(INDEX($N$6:$N$57,MATCH(IFERROR(VALUE(INDEX('Position Relationships'!$B$2:$F$53,MATCH($A13,'Position Relationships'!$A$2:$A$53,0),5)),""),$A$6:$A$57,0)),"")<>"",IFERROR(INDEX($N$6:$N$57,MATCH(IFERROR(VALUE(INDEX('Position Relationships'!$B$2:$F$53,MATCH($A13,'Position Relationships'!$A$2:$A$53,0),5)),""),$A$6:$A$57,0)),"")<>$N13),IFERROR(VALUE(INDEX('Position Relationships'!$B$2:$F$53,MATCH($A13,'Position Relationships'!$A$2:$A$53,0),5)),""),""))))),"")) -> 9 | P13: =IF($O13="","",IFERROR(INDEX($F$6:$F$57,MATCH($O13,$A$6:$A$57,0)),"")) -> EMP-0018 | Q13: =IF($A13="","",IF($M13<>"FILLED","POSITION UNFILLED",IF(IFERROR(INDEX('Position Library'!$E$2:$E$53,MATCH($A13,'Position Library'!$A$2:$A$53,0)),"N")<>"Y","NOT REQUIRED",IF(OR($O13="",$P13=""),"RELIEF GAP","COVERED")))) -> COVERED | R13: =IF($A13="","",IF($D13<>"Tier 1","N/A",IF(OR($E$2="PM",$E$2="Overnight"),"N/A",IF($H13="3:45 AM","COVERED","OPENING GAP")))) -> COVERED
A14: 2 | B14: =IF($A14="","",IFERROR(INDEX('Position Library'!$B$2:$B$53,MATCH($A14,'Position Library'!$A$2:$A$53,0)),"")) -> Main Security Checkpoint | C14: =IF($A14="","",IFERROR(INDEX('Position Library'!$C$2:$C$53,MATCH($A14,'Position Library'!$A$2:$A$53,0)),"")) -> ADA Entrance | D14: =IF($A14="","",IFERROR(INDEX('Position Library'!$D$2:$D$53,MATCH($A14,'Position Library'!$A$2:$A$53,0)),"")) -> Tier 1 | E14: =IF($A14="","",IF($A14=45,"Information Desk = Y",IF(OR($A14=4,$A14=8),IF(OR(WEEKDAY($B$2,2)=1,WEEKDAY($B$2,2)=4,WEEKDAY($B$2,2)=5,WEEKDAY($B$2,2)=7),"Main Inside = 3","Main Inside >= 2"),IF(AND($A14>=46,$A14<=52),"Divest = Y","General Qualifications >= 2")))) -> General Qualifications >= 2 | F14: =IF($A14="","",IFERROR(INDEX('Daily Workforce'!$B$6:$B$205,MATCH(1,Lists!Q10:HH10,0)),"")) -> EMP-0067 | G14: =IF($F14="","",IFERROR(INDEX('Daily Workforce'!$C$6:$C$205,MATCH($F14,'Daily Workforce'!$B$6:$B$205,0)),"")) -> Haddyjatou Ndure | H14: =IF($F14="","",IFERROR(INDEX('Daily Workforce'!$D$6:$D$205,MATCH($F14,'Daily Workforce'!$B$6:$B$205,0)),"")) -> 3:45 AM | I14: =IF($H14="","",$H14) -> 3:45 AM | J14: =IF($H14="","",IF($H14="3:45 AM","12:45 PM",IF($H14="5:45 AM","2:45 PM",IF($H14="12:15 PM","9:15 PM",IF($H14="2:00 PM","11:00 PM",IF($H14="9:15 PM","6:15 AM","")))))) -> 12:45 PM | K14: =IF($F14="","",IFERROR(INDEX('Daily Workforce'!$I$6:$I$205,MATCH($F14,'Daily Workforce'!$B$6:$B$205,0)),"")) -> None | L14: =IF($A14="","",IF($F14="","NO QUALIFIED EMPLOYEE","QUALIFIED")) -> QUALIFIED | M14: =IF($A14="","",IF($F14="","UNFILLED","FILLED")) -> FILLED | N14: =IF($F14="","",IF($H14="3:45 AM",IF(OR($K14="8:00 AM",$K14="9:00 AM"),$K14,CHOOSE(MOD(COUNTIF($H$6:$H14,$H14)-1,3)+1,"8:00 AM","8:00 AM","9:00 AM")),IF($H14="5:45 AM",IF(OR($K14="9:00 AM",$K14="10:00 AM"),$K14,CHOOSE(MOD(COUNTIF($H$6:$H14,$H14)-1,3)+1,"10:00 AM","10:00 AM","9:00 AM")),IF(AND($K14<>"",$K14<>"None"),$K14,IF($H14="12:15 PM",CHOOSE(MOD(COUNTIF($H$6:$H14,$H14)-1,2)+1,"4:00 PM","5:00 PM"),IF($H14="2:00 PM",CHOOSE(MOD(COUNTIF($H$6:$H14,$H14)-1,2)+1,"6:00 PM","7:00 PM"),IF($H14="9:15 PM",CHOOSE(MOD(COUNTIF($H$6:$H14,$H14)-1,2)+1,"1:00 AM","2:00 AM"),""))))))) -> 9:00 AM | O14: =IF($A14="","",IF(IFERROR(INDEX('Position Library'!$E$2:$E$53,MATCH($A14,'Position Library'!$A$2:$A$53,0)),"N")="Y",IF(AND(IFERROR(VALUE(INDEX('Position Relationships'!$B$2:$F$53,MATCH($A14,'Position Relationships'!$A$2:$A$53,0),1)),"")<>"",IFERROR(INDEX($N$6:$N$57,MATCH(IFERROR(VALUE(INDEX('Position Relationships'!$B$2:$F$53,MATCH($A14,'Position Relationships'!$A$2:$A$53,0),1)),""),$A$6:$A$57,0)),"")<>"",IFERROR(INDEX($N$6:$N$57,MATCH(IFERROR(VALUE(INDEX('Position Relationships'!$B$2:$F$53,MATCH($A14,'Position Relationships'!$A$2:$A$53,0),1)),""),$A$6:$A$57,0)),"")<>$N14),IFERROR(VALUE(INDEX('Position Relationships'!$B$2:$F$53,MATCH($A14,'Position Relationships'!$A$2:$A$53,0),1)),""),IF(AND(IFERROR(VALUE(INDEX('Position Relationships'!$B$2:$F$53,MATCH($A14,'Position Relationships'!$A$2:$A$53,0),2)),"")<>"",IFERROR(INDEX($N$6:$N$57,MATCH(IFERROR(VALUE(INDEX('Position Relationships'!$B$2:$F$53,MATCH($A14,'Position Relationships'!$A$2:$A$53,0),2)),""),$A$6:$A$57,0)),"")<>"",IFERROR(INDEX($N$6:$N$57,MATCH(IFERROR(VALUE(INDEX('Position Relationships'!$B$2:$F$53,MATCH($A14,'Position Relationships'!$A$2:$A$53,0),2)),""),$A$6:$A$57,0)),"")<>$N14),IFERROR(VALUE(INDEX('Position Relationships'!$B$2:$F$53,MATCH($A14,'Position Relationships'!$A$2:$A$53,0),2)),""),IF(AND(IFERROR(VALUE(INDEX('Position Relationships'!$B$2:$F$53,MATCH($A14,'Position Relationships'!$A$2:$A$53,0),3)),"")<>"",IFERROR(INDEX($N$6:$N$57,MATCH(IFERROR(VALUE(INDEX('Position Relationships'!$B$2:$F$53,MATCH($A14,'Position Relationships'!$A$2:$A$53,0),3)),""),$A$6:$A$57,0)),"")<>"",IFERROR(INDEX($N$6:$N$57,MATCH(IFERROR(VALUE(INDEX('Position Relationships'!$B$2:$F$53,MATCH($A14,'Position Relationships'!$A$2:$A$53,0),3)),""),$A$6:$A$57,0)),"")<>$N14),IFERROR(VALUE(INDEX('Position Relationships'!$B$2:$F$53,MATCH($A14,'Position Relationships'!$A$2:$A$53,0),3)),""),IF(AND(IFERROR(VALUE(INDEX('Position Relationships'!$B$2:$F$53,MATCH($A14,'Position Relationships'!$A$2:$A$53,0),4)),"")<>"",IFERROR(INDEX($N$6:$N$57,MATCH(IFERROR(VALUE(INDEX('Position Relationships'!$B$2:$F$53,MATCH($A14,'Position Relationships'!$A$2:$A$53,0),4)),""),$A$6:$A$57,0)),"")<>"",IFERROR(INDEX($N$6:$N$57,MATCH(IFERROR(VALUE(INDEX('Position Relationships'!$B$2:$F$53,MATCH($A14,'Position Relationships'!$A$2:$A$53,0),4)),""),$A$6:$A$57,0)),"")<>$N14),IFERROR(VALUE(INDEX('Position Relationships'!$B$2:$F$53,MATCH($A14,'Position Relationships'!$A$2:$A$53,0),4)),""),IF(AND(IFERROR(VALUE(INDEX('Position Relationships'!$B$2:$F$53,MATCH($A14,'Position Relationships'!$A$2:$A$53,0),5)),"")<>"",IFERROR(INDEX($N$6:$N$57,MATCH(IFERROR(VALUE(INDEX('Position Relationships'!$B$2:$F$53,MATCH($A14,'Position Relationships'!$A$2:$A$53,0),5)),""),$A$6:$A$57,0)),"")<>"",IFERROR(INDEX($N$6:$N$57,MATCH(IFERROR(VALUE(INDEX('Position Relationships'!$B$2:$F$53,MATCH($A14,'Position Relationships'!$A$2:$A$53,0),5)),""),$A$6:$A$57,0)),"")<>$N14),IFERROR(VALUE(INDEX('Position Relationships'!$B$2:$F$53,MATCH($A14,'Position Relationships'!$A$2:$A$53,0),5)),""),""))))),"")) | P14: =IF($O14="","",IFERROR(INDEX($F$6:$F$57,MATCH($O14,$A$6:$A$57,0)),"")) | Q14: =IF($A14="","",IF($M14<>"FILLED","POSITION UNFILLED",IF(IFERROR(INDEX('Position Library'!$E$2:$E$53,MATCH($A14,'Position Library'!$A$2:$A$53,0)),"N")<>"Y","NOT REQUIRED",IF(OR($O14="",$P14=""),"RELIEF GAP","COVERED")))) -> RELIEF GAP | R14: =IF($A14="","",IF($D14<>"Tier 1","N/A",IF(OR($E$2="PM",$E$2="Overnight"),"N/A",IF($H14="3:45 AM","COVERED","OPENING GAP")))) -> COVERED
A15: 4 | B15: =IF($A15="","",IFERROR(INDEX('Position Library'!$B$2:$B$53,MATCH($A15,'Position Library'!$A$2:$A$53,0)),"")) -> Main Security Checkpoint | C15: =IF($A15="","",IFERROR(INDEX('Position Library'!$C$2:$C$53,MATCH($A15,'Position Library'!$A$2:$A$53,0)),"")) -> Inside Center | D15: =IF($A15="","",IFERROR(INDEX('Position Library'!$D$2:$D$53,MATCH($A15,'Position Library'!$A$2:$A$53,0)),"")) -> Tier 1 | E15: =IF($A15="","",IF($A15=45,"Information Desk = Y",IF(OR($A15=4,$A15=8),IF(OR(WEEKDAY($B$2,2)=1,WEEKDAY($B$2,2)=4,WEEKDAY($B$2,2)=5,WEEKDAY($B$2,2)=7),"Main Inside = 3","Main Inside >= 2"),IF(AND($A15>=46,$A15<=52),"Divest = Y","General Qualifications >= 2")))) -> Main Inside >= 2 | F15: =IF($A15="","",IFERROR(INDEX('Daily Workforce'!$B$6:$B$205,MATCH(1,Lists!Q11:HH11,0)),"")) | G15: =IF($F15="","",IFERROR(INDEX('Daily Workforce'!$C$6:$C$205,MATCH($F15,'Daily Workforce'!$B$6:$B$205,0)),"")) | H15: =IF($F15="","",IFERROR(INDEX('Daily Workforce'!$D$6:$D$205,MATCH($F15,'Daily Workforce'!$B$6:$B$205,0)),"")) | I15: =IF($H15="","",$H15) | J15: =IF($H15="","",IF($H15="3:45 AM","12:45 PM",IF($H15="5:45 AM","2:45 PM",IF($H15="12:15 PM","9:15 PM",IF($H15="2:00 PM","11:00 PM",IF($H15="9:15 PM","6:15 AM","")))))) | K15: =IF($F15="","",IFERROR(INDEX('Daily Workforce'!$I$6:$I$205,MATCH($F15,'Daily Workforce'!$B$6:$B$205,0)),"")) | L15: =IF($A15="","",IF($F15="","NO QUALIFIED EMPLOYEE","QUALIFIED")) -> NO QUALIFIED EMPLOYEE | M15: =IF($A15="","",IF($F15="","UNFILLED","FILLED")) -> UNFILLED | N15: =IF($F15="","",IF($H15="3:45 AM",IF(OR($K15="8:00 AM",$K15="9:00 AM"),$K15,CHOOSE(MOD(COUNTIF($H$6:$H15,$H15)-1,3)+1,"8:00 AM","8:00 AM","9:00 AM")),IF($H15="5:45 AM",IF(OR($K15="9:00 AM",$K15="10:00 AM"),$K15,CHOOSE(MOD(COUNTIF($H$6:$H15,$H15)-1,3)+1,"10:00 AM","10:00 AM","9:00 AM")),IF(AND($K15<>"",$K15<>"None"),$K15,IF($H15="12:15 PM",CHOOSE(MOD(COUNTIF($H$6:$H15,$H15)-1,2)+1,"4:00 PM","5:00 PM"),IF($H15="2:00 PM",CHOOSE(MOD(COUNTIF($H$6:$H15,$H15)-1,2)+1,"6:00 PM","7:00 PM"),IF($H15="9:15 PM",CHOOSE(MOD(COUNTIF($H$6:$H15,$H15)-1,2)+1,"1:00 AM","2:00 AM"),""))))))) | O15: =IF($A15="","",IF(IFERROR(INDEX('Position Library'!$E$2:$E$53,MATCH($A15,'Position Library'!$A$2:$A$53,0)),"N")="Y",IF(AND(IFERROR(VALUE(INDEX('Position Relationships'!$B$2:$F$53,MATCH($A15,'Position Relationships'!$A$2:$A$53,0),1)),"")<>"",IFERROR(INDEX($N$6:$N$57,MATCH(IFERROR(VALUE(INDEX('Position Relationships'!$B$2:$F$53,MATCH($A15,'Position Relationships'!$A$2:$A$53,0),1)),""),$A$6:$A$57,0)),"")<>"",IFERROR(INDEX($N$6:$N$57,MATCH(IFERROR(VALUE(INDEX('Position Relationships'!$B$2:$F$53,MATCH($A15,'Position Relationships'!$A$2:$A$53,0),1)),""),$A$6:$A$57,0)),"")<>$N15),IFERROR(VALUE(INDEX('Position Relationships'!$B$2:$F$53,MATCH($A15,'Position Relationships'!$A$2:$A$53,0),1)),""),IF(AND(IFERROR(VALUE(INDEX('Position Relationships'!$B$2:$F$53,MATCH($A15,'Position Relationships'!$A$2:$A$53,0),2)),"")<>"",IFERROR(INDEX($N$6:$N$57,MATCH(IFERROR(VALUE(INDEX('Position Relationships'!$B$2:$F$53,MATCH($A15,'Position Relationships'!$A$2:$A$53,0),2)),""),$A$6:$A$57,0)),"")<>"",IFERROR(INDEX($N$6:$N$57,MATCH(IFERROR(VALUE(INDEX('Position Relationships'!$B$2:$F$53,MATCH($A15,'Position Relationships'!$A$2:$A$53,0),2)),""),$A$6:$A$57,0)),"")<>$N15),IFERROR(VALUE(INDEX('Position Relationships'!$B$2:$F$53,MATCH($A15,'Position Relationships'!$A$2:$A$53,0),2)),""),IF(AND(IFERROR(VALUE(INDEX('Position Relationships'!$B$2:$F$53,MATCH($A15,'Position Relationships'!$A$2:$A$53,0),3)),"")<>"",IFERROR(INDEX($N$6:$N$57,MATCH(IFERROR(VALUE(INDEX('Position Relationships'!$B$2:$F$53,MATCH($A15,'Position Relationships'!$A$2:$A$53,0),3)),""),$A$6:$A$57,0)),"")<>"",IFERROR(INDEX($N$6:$N$57,MATCH(IFERROR(VALUE(INDEX('Position Relationships'!$B$2:$F$53,MATCH($A15,'Position Relationships'!$A$2:$A$53,0),3)),""),$A$6:$A$57,0)),"")<>$N15),IFERROR(VALUE(INDEX('Position Relationships'!$B$2:$F$53,MATCH($A15,'Position Relationships'!$A$2:$A$53,0),3)),""),IF(AND(IFERROR(VALUE(INDEX('Position Relationships'!$B$2:$F$53,MATCH($A15,'Position Relationships'!$A$2:$A$53,0),4)),"")<>"",IFERROR(INDEX($N$6:$N$57,MATCH(IFERROR(VALUE(INDEX('Position Relationships'!$B$2:$F$53,MATCH($A15,'Position Relationships'!$A$2:$A$53,0),4)),""),$A$6:$A$57,0)),"")<>"",IFERROR(INDEX($N$6:$N$57,MATCH(IFERROR(VALUE(INDEX('Position Relationships'!$B$2:$F$53,MATCH($A15,'Position Relationships'!$A$2:$A$53,0),4)),""),$A$6:$A$57,0)),"")<>$N15),IFERROR(VALUE(INDEX('Position Relationships'!$B$2:$F$53,MATCH($A15,'Position Relationships'!$A$2:$A$53,0),4)),""),IF(AND(IFERROR(VALUE(INDEX('Position Relationships'!$B$2:$F$53,MATCH($A15,'Position Relationships'!$A$2:$A$53,0),5)),"")<>"",IFERROR(INDEX($N$6:$N$57,MATCH(IFERROR(VALUE(INDEX('Position Relationships'!$B$2:$F$53,MATCH($A15,'Position Relationships'!$A$2:$A$53,0),5)),""),$A$6:$A$57,0)),"")<>"",IFERROR(INDEX($N$6:$N$57,MATCH(IFERROR(VALUE(INDEX('Position Relationships'!$B$2:$F$53,MATCH($A15,'Position Relationships'!$A$2:$A$53,0),5)),""),$A$6:$A$57,0)),"")<>$N15),IFERROR(VALUE(INDEX('Position Relationships'!$B$2:$F$53,MATCH($A15,'Position Relationships'!$A$2:$A$53,0),5)),""),""))))),"")) -> 5 | P15: =IF($O15="","",IFERROR(INDEX($F$6:$F$57,MATCH($O15,$A$6:$A$57,0)),"")) -> EMP-0082 | Q15: =IF($A15="","",IF($M15<>"FILLED","POSITION UNFILLED",IF(IFERROR(INDEX('Position Library'!$E$2:$E$53,MATCH($A15,'Position Library'!$A$2:$A$53,0)),"N")<>"Y","NOT REQUIRED",IF(OR($O15="",$P15=""),"RELIEF GAP","COVERED")))) -> POSITION UNFILLED | R15: =IF($A15="","",IF($D15<>"Tier 1","N/A",IF(OR($E$2="PM",$E$2="Overnight"),"N/A",IF($H15="3:45 AM","COVERED","OPENING GAP")))) -> OPENING GAP
A16: 5 | B16: =IF($A16="","",IFERROR(INDEX('Position Library'!$B$2:$B$53,MATCH($A16,'Position Library'!$A$2:$A$53,0)),"")) -> Main Security Checkpoint | C16: =IF($A16="","",IFERROR(INDEX('Position Library'!$C$2:$C$53,MATCH($A16,'Position Library'!$A$2:$A$53,0)),"")) -> Lanes 1 - 3 / Pre-Check | D16: =IF($A16="","",IFERROR(INDEX('Position Library'!$D$2:$D$53,MATCH($A16,'Position Library'!$A$2:$A$53,0)),"")) -> Tier 1 | E16: =IF($A16="","",IF($A16=45,"Information Desk = Y",IF(OR($A16=4,$A16=8),IF(OR(WEEKDAY($B$2,2)=1,WEEKDAY($B$2,2)=4,WEEKDAY($B$2,2)=5,WEEKDAY($B$2,2)=7),"Main Inside = 3","Main Inside >= 2"),IF(AND($A16>=46,$A16<=52),"Divest = Y","General Qualifications >= 2")))) -> General Qualifications >= 2 | F16: =IF($A16="","",IFERROR(INDEX('Daily Workforce'!$B$6:$B$205,MATCH(1,Lists!Q12:HH12,0)),"")) -> EMP-0082 | G16: =IF($F16="","",IFERROR(INDEX('Daily Workforce'!$C$6:$C$205,MATCH($F16,'Daily Workforce'!$B$6:$B$205,0)),"")) -> Kelon Arnold | H16: =IF($F16="","",IFERROR(INDEX('Daily Workforce'!$D$6:$D$205,MATCH($F16,'Daily Workforce'!$B$6:$B$205,0)),"")) -> 3:45 AM | I16: =IF($H16="","",$H16) -> 3:45 AM | J16: =IF($H16="","",IF($H16="3:45 AM","12:45 PM",IF($H16="5:45 AM","2:45 PM",IF($H16="12:15 PM","9:15 PM",IF($H16="2:00 PM","11:00 PM",IF($H16="9:15 PM","6:15 AM","")))))) -> 12:45 PM | K16: =IF($F16="","",IFERROR(INDEX('Daily Workforce'!$I$6:$I$205,MATCH($F16,'Daily Workforce'!$B$6:$B$205,0)),"")) -> None | L16: =IF($A16="","",IF($F16="","NO QUALIFIED EMPLOYEE","QUALIFIED")) -> QUALIFIED | M16: =IF($A16="","",IF($F16="","UNFILLED","FILLED")) -> FILLED | N16: =IF($F16="","",IF($H16="3:45 AM",IF(OR($K16="8:00 AM",$K16="9:00 AM"),$K16,CHOOSE(MOD(COUNTIF($H$6:$H16,$H16)-1,3)+1,"8:00 AM","8:00 AM","9:00 AM")),IF($H16="5:45 AM",IF(OR($K16="9:00 AM",$K16="10:00 AM"),$K16,CHOOSE(MOD(COUNTIF($H$6:$H16,$H16)-1,3)+1,"10:00 AM","10:00 AM","9:00 AM")),IF(AND($K16<>"",$K16<>"None"),$K16,IF($H16="12:15 PM",CHOOSE(MOD(COUNTIF($H$6:$H16,$H16)-1,2)+1,"4:00 PM","5:00 PM"),IF($H16="2:00 PM",CHOOSE(MOD(COUNTIF($H$6:$H16,$H16)-1,2)+1,"6:00 PM","7:00 PM"),IF($H16="9:15 PM",CHOOSE(MOD(COUNTIF($H$6:$H16,$H16)-1,2)+1,"1:00 AM","2:00 AM"),""))))))) -> 8:00 AM | O16: =IF($A16="","",IF(IFERROR(INDEX('Position Library'!$E$2:$E$53,MATCH($A16,'Position Library'!$A$2:$A$53,0)),"N")="Y",IF(AND(IFERROR(VALUE(INDEX('Position Relationships'!$B$2:$F$53,MATCH($A16,'Position Relationships'!$A$2:$A$53,0),1)),"")<>"",IFERROR(INDEX($N$6:$N$57,MATCH(IFERROR(VALUE(INDEX('Position Relationships'!$B$2:$F$53,MATCH($A16,'Position Relationships'!$A$2:$A$53,0),1)),""),$A$6:$A$57,0)),"")<>"",IFERROR(INDEX($N$6:$N$57,MATCH(IFERROR(VALUE(INDEX('Position Relationships'!$B$2:$F$53,MATCH($A16,'Position Relationships'!$A$2:$A$53,0),1)),""),$A$6:$A$57,0)),"")<>$N16),IFERROR(VALUE(INDEX('Position Relationships'!$B$2:$F$53,MATCH($A16,'Position Relationships'!$A$2:$A$53,0),1)),""),IF(AND(IFERROR(VALUE(INDEX('Position Relationships'!$B$2:$F$53,MATCH($A16,'Position Relationships'!$A$2:$A$53,0),2)),"")<>"",IFERROR(INDEX($N$6:$N$57,MATCH(IFERROR(VALUE(INDEX('Position Relationships'!$B$2:$F$53,MATCH($A16,'Position Relationships'!$A$2:$A$53,0),2)),""),$A$6:$A$57,0)),"")<>"",IFERROR(INDEX($N$6:$N$57,MATCH(IFERROR(VALUE(INDEX('Position Relationships'!$B$2:$F$53,MATCH($A16,'Position Relationships'!$A$2:$A$53,0),2)),""),$A$6:$A$57,0)),"")<>$N16),IFERROR(VALUE(INDEX('Position Relationships'!$B$2:$F$53,MATCH($A16,'Position Relationships'!$A$2:$A$53,0),2)),""),IF(AND(IFERROR(VALUE(INDEX('Position Relationships'!$B$2:$F$53,MATCH($A16,'Position Relationships'!$A$2:$A$53,0),3)),"")<>"",IFERROR(INDEX($N$6:$N$57,MATCH(IFERROR(VALUE(INDEX('Position Relationships'!$B$2:$F$53,MATCH($A16,'Position Relationships'!$A$2:$A$53,0),3)),""),$A$6:$A$57,0)),"")<>"",IFERROR(INDEX($N$6:$N$57,MATCH(IFERROR(VALUE(INDEX('Position Relationships'!$B$2:$F$53,MATCH($A16,'Position Relationships'!$A$2:$A$53,0),3)),""),$A$6:$A$57,0)),"")<>$N16),IFERROR(VALUE(INDEX('Position Relationships'!$B$2:$F$53,MATCH($A16,'Position Relationships'!$A$2:$A$53,0),3)),""),IF(AND(IFERROR(VALUE(INDEX('Position Relationships'!$B$2:$F$53,MATCH($A16,'Position Relationships'!$A$2:$A$53,0),4)),"")<>"",IFERROR(INDEX($N$6:$N$57,MATCH(IFERROR(VALUE(INDEX('Position Relationships'!$B$2:$F$53,MATCH($A16,'Position Relationships'!$A$2:$A$53,0),4)),""),$A$6:$A$57,0)),"")<>"",IFERROR(INDEX($N$6:$N$57,MATCH(IFERROR(VALUE(INDEX('Position Relationships'!$B$2:$F$53,MATCH($A16,'Position Relationships'!$A$2:$A$53,0),4)),""),$A$6:$A$57,0)),"")<>$N16),IFERROR(VALUE(INDEX('Position Relationships'!$B$2:$F$53,MATCH($A16,'Position Relationships'!$A$2:$A$53,0),4)),""),IF(AND(IFERROR(VALUE(INDEX('Position Relationships'!$B$2:$F$53,MATCH($A16,'Position Relationships'!$A$2:$A$53,0),5)),"")<>"",IFERROR(INDEX($N$6:$N$57,MATCH(IFERROR(VALUE(INDEX('Position Relationships'!$B$2:$F$53,MATCH($A16,'Position Relationships'!$A$2:$A$53,0),5)),""),$A$6:$A$57,0)),"")<>"",IFERROR(INDEX($N$6:$N$57,MATCH(IFERROR(VALUE(INDEX('Position Relationships'!$B$2:$F$53,MATCH($A16,'Position Relationships'!$A$2:$A$53,0),5)),""),$A$6:$A$57,0)),"")<>$N16),IFERROR(VALUE(INDEX('Position Relationships'!$B$2:$F$53,MATCH($A16,'Position Relationships'!$A$2:$A$53,0),5)),""),""))))),"")) -> 3 | P16: =IF($O16="","",IFERROR(INDEX($F$6:$F$57,MATCH($O16,$A$6:$A$57,0)),"")) -> EMP-0009 | Q16: =IF($A16="","",IF($M16<>"FILLED","POSITION UNFILLED",IF(IFERROR(INDEX('Position Library'!$E$2:$E$53,MATCH($A16,'Position Library'!$A$2:$A$53,0)),"N")<>"Y","NOT REQUIRED",IF(OR($O16="",$P16=""),"RELIEF GAP","COVERED")))) -> COVERED | R16: =IF($A16="","",IF($D16<>"Tier 1","N/A",IF(OR($E$2="PM",$E$2="Overnight"),"N/A",IF($H16="3:45 AM","COVERED","OPENING GAP")))) -> COVERED
A17: 8 | B17: =IF($A17="","",IFERROR(INDEX('Position Library'!$B$2:$B$53,MATCH($A17,'Position Library'!$A$2:$A$53,0)),"")) -> Main Security Checkpoint | C17: =IF($A17="","",IFERROR(INDEX('Position Library'!$C$2:$C$53,MATCH($A17,'Position Library'!$A$2:$A$53,0)),"")) -> Inside Center | D17: =IF($A17="","",IFERROR(INDEX('Position Library'!$D$2:$D$53,MATCH($A17,'Position Library'!$A$2:$A$53,0)),"")) -> Tier 1 | E17: =IF($A17="","",IF($A17=45,"Information Desk = Y",IF(OR($A17=4,$A17=8),IF(OR(WEEKDAY($B$2,2)=1,WEEKDAY($B$2,2)=4,WEEKDAY($B$2,2)=5,WEEKDAY($B$2,2)=7),"Main Inside = 3","Main Inside >= 2"),IF(AND($A17>=46,$A17<=52),"Divest = Y","General Qualifications >= 2")))) -> Main Inside >= 2 | F17: =IF($A17="","",IFERROR(INDEX('Daily Workforce'!$B$6:$B$205,MATCH(1,Lists!Q13:HH13,0)),"")) | G17: =IF($F17="","",IFERROR(INDEX('Daily Workforce'!$C$6:$C$205,MATCH($F17,'Daily Workforce'!$B$6:$B$205,0)),"")) | H17: =IF($F17="","",IFERROR(INDEX('Daily Workforce'!$D$6:$D$205,MATCH($F17,'Daily Workforce'!$B$6:$B$205,0)),"")) | I17: =IF($H17="","",$H17) | J17: =IF($H17="","",IF($H17="3:45 AM","12:45 PM",IF($H17="5:45 AM","2:45 PM",IF($H17="12:15 PM","9:15 PM",IF($H17="2:00 PM","11:00 PM",IF($H17="9:15 PM","6:15 AM","")))))) | K17: =IF($F17="","",IFERROR(INDEX('Daily Workforce'!$I$6:$I$205,MATCH($F17,'Daily Workforce'!$B$6:$B$205,0)),"")) | L17: =IF($A17="","",IF($F17="","NO QUALIFIED EMPLOYEE","QUALIFIED")) -> NO QUALIFIED EMPLOYEE | M17: =IF($A17="","",IF($F17="","UNFILLED","FILLED")) -> UNFILLED | N17: =IF($F17="","",IF($H17="3:45 AM",IF(OR($K17="8:00 AM",$K17="9:00 AM"),$K17,CHOOSE(MOD(COUNTIF($H$6:$H17,$H17)-1,3)+1,"8:00 AM","8:00 AM","9:00 AM")),IF($H17="5:45 AM",IF(OR($K17="9:00 AM",$K17="10:00 AM"),$K17,CHOOSE(MOD(COUNTIF($H$6:$H17,$H17)-1,3)+1,"10:00 AM","10:00 AM","9:00 AM")),IF(AND($K17<>"",$K17<>"None"),$K17,IF($H17="12:15 PM",CHOOSE(MOD(COUNTIF($H$6:$H17,$H17)-1,2)+1,"4:00 PM","5:00 PM"),IF($H17="2:00 PM",CHOOSE(MOD(COUNTIF($H$6:$H17,$H17)-1,2)+1,"6:00 PM","7:00 PM"),IF($H17="9:15 PM",CHOOSE(MOD(COUNTIF($H$6:$H17,$H17)-1,2)+1,"1:00 AM","2:00 AM"),""))))))) | O17: =IF($A17="","",IF(IFERROR(INDEX('Position Library'!$E$2:$E$53,MATCH($A17,'Position Library'!$A$2:$A$53,0)),"N")="Y",IF(AND(IFERROR(VALUE(INDEX('Position Relationships'!$B$2:$F$53,MATCH($A17,'Position Relationships'!$A$2:$A$53,0),1)),"")<>"",IFERROR(INDEX($N$6:$N$57,MATCH(IFERROR(VALUE(INDEX('Position Relationships'!$B$2:$F$53,MATCH($A17,'Position Relationships'!$A$2:$A$53,0),1)),""),$A$6:$A$57,0)),"")<>"",IFERROR(INDEX($N$6:$N$57,MATCH(IFERROR(VALUE(INDEX('Position Relationships'!$B$2:$F$53,MATCH($A17,'Position Relationships'!$A$2:$A$53,0),1)),""),$A$6:$A$57,0)),"")<>$N17),IFERROR(VALUE(INDEX('Position Relationships'!$B$2:$F$53,MATCH($A17,'Position Relationships'!$A$2:$A$53,0),1)),""),IF(AND(IFERROR(VALUE(INDEX('Position Relationships'!$B$2:$F$53,MATCH($A17,'Position Relationships'!$A$2:$A$53,0),2)),"")<>"",IFERROR(INDEX($N$6:$N$57,MATCH(IFERROR(VALUE(INDEX('Position Relationships'!$B$2:$F$53,MATCH($A17,'Position Relationships'!$A$2:$A$53,0),2)),""),$A$6:$A$57,0)),"")<>"",IFERROR(INDEX($N$6:$N$57,MATCH(IFERROR(VALUE(INDEX('Position Relationships'!$B$2:$F$53,MATCH($A17,'Position Relationships'!$A$2:$A$53,0),2)),""),$A$6:$A$57,0)),"")<>$N17),IFERROR(VALUE(INDEX('Position Relationships'!$B$2:$F$53,MATCH($A17,'Position Relationships'!$A$2:$A$53,0),2)),""),IF(AND(IFERROR(VALUE(INDEX('Position Relationships'!$B$2:$F$53,MATCH($A17,'Position Relationships'!$A$2:$A$53,0),3)),"")<>"",IFERROR(INDEX($N$6:$N$57,MATCH(IFERROR(VALUE(INDEX('Position Relationships'!$B$2:$F$53,MATCH($A17,'Position Relationships'!$A$2:$A$53,0),3)),""),$A$6:$A$57,0)),"")<>"",IFERROR(INDEX($N$6:$N$57,MATCH(IFERROR(VALUE(INDEX('Position Relationships'!$B$2:$F$53,MATCH($A17,'Position Relationships'!$A$2:$A$53,0),3)),""),$A$6:$A$57,0)),"")<>$N17),IFERROR(VALUE(INDEX('Position Relationships'!$B$2:$F$53,MATCH($A17,'Position Relationships'!$A$2:$A$53,0),3)),""),IF(AND(IFERROR(VALUE(INDEX('Position Relationships'!$B$2:$F$53,MATCH($A17,'Position Relationships'!$A$2:$A$53,0),4)),"")<>"",IFERROR(INDEX($N$6:$N$57,MATCH(IFERROR(VALUE(INDEX('Position Relationships'!$B$2:$F$53,MATCH($A17,'Position Relationships'!$A$2:$A$53,0),4)),""),$A$6:$A$57,0)),"")<>"",IFERROR(INDEX($N$6:$N$57,MATCH(IFERROR(VALUE(INDEX('Position Relationships'!$B$2:$F$53,MATCH($A17,'Position Relationships'!$A$2:$A$53,0),4)),""),$A$6:$A$57,0)),"")<>$N17),IFERROR(VALUE(INDEX('Position Relationships'!$B$2:$F$53,MATCH($A17,'Position Relationships'!$A$2:$A$53,0),4)),""),IF(AND(IFERROR(VALUE(INDEX('Position Relationships'!$B$2:$F$53,MATCH($A17,'Position Relationships'!$A$2:$A$53,0),5)),"")<>"",IFERROR(INDEX($N$6:$N$57,MATCH(IFERROR(VALUE(INDEX('Position Relationships'!$B$2:$F$53,MATCH($A17,'Position Relationships'!$A$2:$A$53,0),5)),""),$A$6:$A$57,0)),"")<>"",IFERROR(INDEX($N$6:$N$57,MATCH(IFERROR(VALUE(INDEX('Position Relationships'!$B$2:$F$53,MATCH($A17,'Position Relationships'!$A$2:$A$53,0),5)),""),$A$6:$A$57,0)),"")<>$N17),IFERROR(VALUE(INDEX('Position Relationships'!$B$2:$F$53,MATCH($A17,'Position Relationships'!$A$2:$A$53,0),5)),""),""))))),"")) -> 3 | P17: =IF($O17="","",IFERROR(INDEX($F$6:$F$57,MATCH($O17,$A$6:$A$57,0)),"")) -> EMP-0009 | Q17: =IF($A17="","",IF($M17<>"FILLED","POSITION UNFILLED",IF(IFERROR(INDEX('Position Library'!$E$2:$E$53,MATCH($A17,'Position Library'!$A$2:$A$53,0)),"N")<>"Y","NOT REQUIRED",IF(OR($O17="",$P17=""),"RELIEF GAP","COVERED")))) -> POSITION UNFILLED | R17: =IF($A17="","",IF($D17<>"Tier 1","N/A",IF(OR($E$2="PM",$E$2="Overnight"),"N/A",IF($H17="3:45 AM","COVERED","OPENING GAP")))) -> OPENING GAP
A18: 14 | B18: =IF($A18="","",IFERROR(INDEX('Position Library'!$B$2:$B$53,MATCH($A18,'Position Library'!$A$2:$A$53,0)),"")) -> South Security Checkpoint | C18: =IF($A18="","",IFERROR(INDEX('Position Library'!$C$2:$C$53,MATCH($A18,'Position Library'!$A$2:$A$53,0)),"")) -> Checkpoint – Inside | D18: =IF($A18="","",IFERROR(INDEX('Position Library'!$D$2:$D$53,MATCH($A18,'Position Library'!$A$2:$A$53,0)),"")) -> Tier 1 | E18: =IF($A18="","",IF($A18=45,"Information Desk = Y",IF(OR($A18=4,$A18=8),IF(OR(WEEKDAY($B$2,2)=1,WEEKDAY($B$2,2)=4,WEEKDAY($B$2,2)=5,WEEKDAY($B$2,2)=7),"Main Inside = 3","Main Inside >= 2"),IF(AND($A18>=46,$A18<=52),"Divest = Y","General Qualifications >= 2")))) -> General Qualifications >= 2 | F18: =IF($A18="","",IFERROR(INDEX('Daily Workforce'!$B$6:$B$205,MATCH(1,Lists!Q14:HH14,0)),"")) -> EMP-0087 | G18: =IF($F18="","",IFERROR(INDEX('Daily Workforce'!$C$6:$C$205,MATCH($F18,'Daily Workforce'!$B$6:$B$205,0)),"")) -> Kimberly Morrison | H18: =IF($F18="","",IFERROR(INDEX('Daily Workforce'!$D$6:$D$205,MATCH($F18,'Daily Workforce'!$B$6:$B$205,0)),"")) -> 3:45 AM | I18: =IF($H18="","",$H18) -> 3:45 AM | J18: =IF($H18="","",IF($H18="3:45 AM","12:45 PM",IF($H18="5:45 AM","2:45 PM",IF($H18="12:15 PM","9:15 PM",IF($H18="2:00 PM","11:00 PM",IF($H18="9:15 PM","6:15 AM","")))))) -> 12:45 PM | K18: =IF($F18="","",IFERROR(INDEX('Daily Workforce'!$I$6:$I$205,MATCH($F18,'Daily Workforce'!$B$6:$B$205,0)),"")) -> None | L18: =IF($A18="","",IF($F18="","NO QUALIFIED EMPLOYEE","QUALIFIED")) -> QUALIFIED | M18: =IF($A18="","",IF($F18="","UNFILLED","FILLED")) -> FILLED | N18: =IF($F18="","",IF($H18="3:45 AM",IF(OR($K18="8:00 AM",$K18="9:00 AM"),$K18,CHOOSE(MOD(COUNTIF($H$6:$H18,$H18)-1,3)+1,"8:00 AM","8:00 AM","9:00 AM")),IF($H18="5:45 AM",IF(OR($K18="9:00 AM",$K18="10:00 AM"),$K18,CHOOSE(MOD(COUNTIF($H$6:$H18,$H18)-1,3)+1,"10:00 AM","10:00 AM","9:00 AM")),IF(AND($K18<>"",$K18<>"None"),$K18,IF($H18="12:15 PM",CHOOSE(MOD(COUNTIF($H$6:$H18,$H18)-1,2)+1,"4:00 PM","5:00 PM"),IF($H18="2:00 PM",CHOOSE(MOD(COUNTIF($H$6:$H18,$H18)-1,2)+1,"6:00 PM","7:00 PM"),IF($H18="9:15 PM",CHOOSE(MOD(COUNTIF($H$6:$H18,$H18)-1,2)+1,"1:00 AM","2:00 AM"),""))))))) -> 8:00 AM | O18: =IF($A18="","",IF(IFERROR(INDEX('Position Library'!$E$2:$E$53,MATCH($A18,'Position Library'!$A$2:$A$53,0)),"N")="Y",IF(AND(IFERROR(VALUE(INDEX('Position Relationships'!$B$2:$F$53,MATCH($A18,'Position Relationships'!$A$2:$A$53,0),1)),"")<>"",IFERROR(INDEX($N$6:$N$57,MATCH(IFERROR(VALUE(INDEX('Position Relationships'!$B$2:$F$53,MATCH($A18,'Position Relationships'!$A$2:$A$53,0),1)),""),$A$6:$A$57,0)),"")<>"",IFERROR(INDEX($N$6:$N$57,MATCH(IFERROR(VALUE(INDEX('Position Relationships'!$B$2:$F$53,MATCH($A18,'Position Relationships'!$A$2:$A$53,0),1)),""),$A$6:$A$57,0)),"")<>$N18),IFERROR(VALUE(INDEX('Position Relationships'!$B$2:$F$53,MATCH($A18,'Position Relationships'!$A$2:$A$53,0),1)),""),IF(AND(IFERROR(VALUE(INDEX('Position Relationships'!$B$2:$F$53,MATCH($A18,'Position Relationships'!$A$2:$A$53,0),2)),"")<>"",IFERROR(INDEX($N$6:$N$57,MATCH(IFERROR(VALUE(INDEX('Position Relationships'!$B$2:$F$53,MATCH($A18,'Position Relationships'!$A$2:$A$53,0),2)),""),$A$6:$A$57,0)),"")<>"",IFERROR(INDEX($N$6:$N$57,MATCH(IFERROR(VALUE(INDEX('Position Relationships'!$B$2:$F$53,MATCH($A18,'Position Relationships'!$A$2:$A$53,0),2)),""),$A$6:$A$57,0)),"")<>$N18),IFERROR(VALUE(INDEX('Position Relationships'!$B$2:$F$53,MATCH($A18,'Position Relationships'!$A$2:$A$53,0),2)),""),IF(AND(IFERROR(VALUE(INDEX('Position Relationships'!$B$2:$F$53,MATCH($A18,'Position Relationships'!$A$2:$A$53,0),3)),"")<>"",IFERROR(INDEX($N$6:$N$57,MATCH(IFERROR(VALUE(INDEX('Position Relationships'!$B$2:$F$53,MATCH($A18,'Position Relationships'!$A$2:$A$53,0),3)),""),$A$6:$A$57,0)),"")<>"",IFERROR(INDEX($N$6:$N$57,MATCH(IFERROR(VALUE(INDEX('Position Relationships'!$B$2:$F$53,MATCH($A18,'Position Relationships'!$A$2:$A$53,0),3)),""),$A$6:$A$57,0)),"")<>$N18),IFERROR(VALUE(INDEX('Position Relationships'!$B$2:$F$53,MATCH($A18,'Position Relationships'!$A$2:$A$53,0),3)),""),IF(AND(IFERROR(VALUE(INDEX('Position Relationships'!$B$2:$F$53,MATCH($A18,'Position Relationships'!$A$2:$A$53,0),4)),"")<>"",IFERROR(INDEX($N$6:$N$57,MATCH(IFERROR(VALUE(INDEX('Position Relationships'!$B$2:$F$53,MATCH($A18,'Position Relationships'!$A$2:$A$53,0),4)),""),$A$6:$A$57,0)),"")<>"",IFERROR(INDEX($N$6:$N$57,MATCH(IFERROR(VALUE(INDEX('Position Relationships'!$B$2:$F$53,MATCH($A18,'Position Relationships'!$A$2:$A$53,0),4)),""),$A$6:$A$57,0)),"")<>$N18),IFERROR(VALUE(INDEX('Position Relationships'!$B$2:$F$53,MATCH($A18,'Position Relationships'!$A$2:$A$53,0),4)),""),IF(AND(IFERROR(VALUE(INDEX('Position Relationships'!$B$2:$F$53,MATCH($A18,'Position Relationships'!$A$2:$A$53,0),5)),"")<>"",IFERROR(INDEX($N$6:$N$57,MATCH(IFERROR(VALUE(INDEX('Position Relationships'!$B$2:$F$53,MATCH($A18,'Position Relationships'!$A$2:$A$53,0),5)),""),$A$6:$A$57,0)),"")<>"",IFERROR(INDEX($N$6:$N$57,MATCH(IFERROR(VALUE(INDEX('Position Relationships'!$B$2:$F$53,MATCH($A18,'Position Relationships'!$A$2:$A$53,0),5)),""),$A$6:$A$57,0)),"")<>$N18),IFERROR(VALUE(INDEX('Position Relationships'!$B$2:$F$53,MATCH($A18,'Position Relationships'!$A$2:$A$53,0),5)),""),""))))),"")) -> 16 | P18: =IF($O18="","",IFERROR(INDEX($F$6:$F$57,MATCH($O18,$A$6:$A$57,0)),"")) -> EMP-0091 | Q18: =IF($A18="","",IF($M18<>"FILLED","POSITION UNFILLED",IF(IFERROR(INDEX('Position Library'!$E$2:$E$53,MATCH($A18,'Position Library'!$A$2:$A$53,0)),"N")<>"Y","NOT REQUIRED",IF(OR($O18="",$P18=""),"RELIEF GAP","COVERED")))) -> COVERED | R18: =IF($A18="","",IF($D18<>"Tier 1","N/A",IF(OR($E$2="PM",$E$2="Overnight"),"N/A",IF($H18="3:45 AM","COVERED","OPENING GAP")))) -> COVERED
A19: 16 | B19: =IF($A19="","",IFERROR(INDEX('Position Library'!$B$2:$B$53,MATCH($A19,'Position Library'!$A$2:$A$53,0)),"")) -> South Security Checkpoint | C19: =IF($A19="","",IFERROR(INDEX('Position Library'!$C$2:$C$53,MATCH($A19,'Position Library'!$A$2:$A$53,0)),"")) -> Checkpoint – Front Entrance | D19: =IF($A19="","",IFERROR(INDEX('Position Library'!$D$2:$D$53,MATCH($A19,'Position Library'!$A$2:$A$53,0)),"")) -> Tier 1 | E19: =IF($A19="","",IF($A19=45,"Information Desk = Y",IF(OR($A19=4,$A19=8),IF(OR(WEEKDAY($B$2,2)=1,WEEKDAY($B$2,2)=4,WEEKDAY($B$2,2)=5,WEEKDAY($B$2,2)=7),"Main Inside = 3","Main Inside >= 2"),IF(AND($A19>=46,$A19<=52),"Divest = Y","General Qualifications >= 2")))) -> General Qualifications >= 2 | F19: =IF($A19="","",IFERROR(INDEX('Daily Workforce'!$B$6:$B$205,MATCH(1,Lists!Q15:HH15,0)),"")) -> EMP-0091 | G19: =IF($F19="","",IFERROR(INDEX('Daily Workforce'!$C$6:$C$205,MATCH($F19,'Daily Workforce'!$B$6:$B$205,0)),"")) -> Larry Fuller | H19: =IF($F19="","",IFERROR(INDEX('Daily Workforce'!$D$6:$D$205,MATCH($F19,'Daily Workforce'!$B$6:$B$205,0)),"")) -> 3:45 AM | I19: =IF($H19="","",$H19) -> 3:45 AM | J19: =IF($H19="","",IF($H19="3:45 AM","12:45 PM",IF($H19="5:45 AM","2:45 PM",IF($H19="12:15 PM","9:15 PM",IF($H19="2:00 PM","11:00 PM",IF($H19="9:15 PM","6:15 AM","")))))) -> 12:45 PM | K19: =IF($F19="","",IFERROR(INDEX('Daily Workforce'!$I$6:$I$205,MATCH($F19,'Daily Workforce'!$B$6:$B$205,0)),"")) -> None | L19: =IF($A19="","",IF($F19="","NO QUALIFIED EMPLOYEE","QUALIFIED")) -> QUALIFIED | M19: =IF($A19="","",IF($F19="","UNFILLED","FILLED")) -> FILLED | N19: =IF($F19="","",IF($H19="3:45 AM",IF(OR($K19="8:00 AM",$K19="9:00 AM"),$K19,CHOOSE(MOD(COUNTIF($H$6:$H19,$H19)-1,3)+1,"8:00 AM","8:00 AM","9:00 AM")),IF($H19="5:45 AM",IF(OR($K19="9:00 AM",$K19="10:00 AM"),$K19,CHOOSE(MOD(COUNTIF($H$6:$H19,$H19)-1,3)+1,"10:00 AM","10:00 AM","9:00 AM")),IF(AND($K19<>"",$K19<>"None"),$K19,IF($H19="12:15 PM",CHOOSE(MOD(COUNTIF($H$6:$H19,$H19)-1,2)+1,"4:00 PM","5:00 PM"),IF($H19="2:00 PM",CHOOSE(MOD(COUNTIF($H$6:$H19,$H19)-1,2)+1,"6:00 PM","7:00 PM"),IF($H19="9:15 PM",CHOOSE(MOD(COUNTIF($H$6:$H19,$H19)-1,2)+1,"1:00 AM","2:00 AM"),""))))))) -> 9:00 AM | O19: =IF($A19="","",IF(IFERROR(INDEX('Position Library'!$E$2:$E$53,MATCH($A19,'Position Library'!$A$2:$A$53,0)),"N")="Y",IF(AND(IFERROR(VALUE(INDEX('Position Relationships'!$B$2:$F$53,MATCH($A19,'Position Relationships'!$A$2:$A$53,0),1)),"")<>"",IFERROR(INDEX($N$6:$N$57,MATCH(IFERROR(VALUE(INDEX('Position Relationships'!$B$2:$F$53,MATCH($A19,'Position Relationships'!$A$2:$A$53,0),1)),""),$A$6:$A$57,0)),"")<>"",IFERROR(INDEX($N$6:$N$57,MATCH(IFERROR(VALUE(INDEX('Position Relationships'!$B$2:$F$53,MATCH($A19,'Position Relationships'!$A$2:$A$53,0),1)),""),$A$6:$A$57,0)),"")<>$N19),IFERROR(VALUE(INDEX('Position Relationships'!$B$2:$F$53,MATCH($A19,'Position Relationships'!$A$2:$A$53,0),1)),""),IF(AND(IFERROR(VALUE(INDEX('Position Relationships'!$B$2:$F$53,MATCH($A19,'Position Relationships'!$A$2:$A$53,0),2)),"")<>"",IFERROR(INDEX($N$6:$N$57,MATCH(IFERROR(VALUE(INDEX('Position Relationships'!$B$2:$F$53,MATCH($A19,'Position Relationships'!$A$2:$A$53,0),2)),""),$A$6:$A$57,0)),"")<>"",IFERROR(INDEX($N$6:$N$57,MATCH(IFERROR(VALUE(INDEX('Position Relationships'!$B$2:$F$53,MATCH($A19,'Position Relationships'!$A$2:$A$53,0),2)),""),$A$6:$A$57,0)),"")<>$N19),IFERROR(VALUE(INDEX('Position Relationships'!$B$2:$F$53,MATCH($A19,'Position Relationships'!$A$2:$A$53,0),2)),""),IF(AND(IFERROR(VALUE(INDEX('Position Relationships'!$B$2:$F$53,MATCH($A19,'Position Relationships'!$A$2:$A$53,0),3)),"")<>"",IFERROR(INDEX($N$6:$N$57,MATCH(IFERROR(VALUE(INDEX('Position Relationships'!$B$2:$F$53,MATCH($A19,'Position Relationships'!$A$2:$A$53,0),3)),""),$A$6:$A$57,0)),"")<>"",IFERROR(INDEX($N$6:$N$57,MATCH(IFERROR(VALUE(INDEX('Position Relationships'!$B$2:$F$53,MATCH($A19,'Position Relationships'!$A$2:$A$53,0),3)),""),$A$6:$A$57,0)),"")<>$N19),IFERROR(VALUE(INDEX('Position Relationships'!$B$2:$F$53,MATCH($A19,'Position Relationships'!$A$2:$A$53,0),3)),""),IF(AND(IFERROR(VALUE(INDEX('Position Relationships'!$B$2:$F$53,MATCH($A19,'Position Relationships'!$A$2:$A$53,0),4)),"")<>"",IFERROR(INDEX($N$6:$N$57,MATCH(IFERROR(VALUE(INDEX('Position Relationships'!$B$2:$F$53,MATCH($A19,'Position Relationships'!$A$2:$A$53,0),4)),""),$A$6:$A$57,0)),"")<>"",IFERROR(INDEX($N$6:$N$57,MATCH(IFERROR(VALUE(INDEX('Position Relationships'!$B$2:$F$53,MATCH($A19,'Position Relationships'!$A$2:$A$53,0),4)),""),$A$6:$A$57,0)),"")<>$N19),IFERROR(VALUE(INDEX('Position Relationships'!$B$2:$F$53,MATCH($A19,'Position Relationships'!$A$2:$A$53,0),4)),""),IF(AND(IFERROR(VALUE(INDEX('Position Relationships'!$B$2:$F$53,MATCH($A19,'Position Relationships'!$A$2:$A$53,0),5)),"")<>"",IFERROR(INDEX($N$6:$N$57,MATCH(IFERROR(VALUE(INDEX('Position Relationships'!$B$2:$F$53,MATCH($A19,'Position Relationships'!$A$2:$A$53,0),5)),""),$A$6:$A$57,0)),"")<>"",IFERROR(INDEX($N$6:$N$57,MATCH(IFERROR(VALUE(INDEX('Position Relationships'!$B$2:$F$53,MATCH($A19,'Position Relationships'!$A$2:$A$53,0),5)),""),$A$6:$A$57,0)),"")<>$N19),IFERROR(VALUE(INDEX('Position Relationships'!$B$2:$F$53,MATCH($A19,'Position Relationships'!$A$2:$A$53,0),5)),""),""))))),"")) -> 17 | P19: =IF($O19="","",IFERROR(INDEX($F$6:$F$57,MATCH($O19,$A$6:$A$57,0)),"")) -> EMP-0026 | Q19: =IF($A19="","",IF($M19<>"FILLED","POSITION UNFILLED",IF(IFERROR(INDEX('Position Library'!$E$2:$E$53,MATCH($A19,'Position Library'!$A$2:$A$53,0)),"N")<>"Y","NOT REQUIRED",IF(OR($O19="",$P19=""),"RELIEF GAP","COVERED")))) -> COVERED | R19: =IF($A19="","",IF($D19<>"Tier 1","N/A",IF(OR($E$2="PM",$E$2="Overnight"),"N/A",IF($H19="3:45 AM","COVERED","OPENING GAP")))) -> COVERED
A20: 19 | B20: =IF($A20="","",IFERROR(INDEX('Position Library'!$B$2:$B$53,MATCH($A20,'Position Library'!$A$2:$A$53,0)),"")) -> South Security Checkpoint | C20: =IF($A20="","",IFERROR(INDEX('Position Library'!$C$2:$C$53,MATCH($A20,'Position Library'!$A$2:$A$53,0)),"")) -> South Restroom | D20: =IF($A20="","",IFERROR(INDEX('Position Library'!$D$2:$D$53,MATCH($A20,'Position Library'!$A$2:$A$53,0)),"")) -> Tier 1 | E20: =IF($A20="","",IF($A20=45,"Information Desk = Y",IF(OR($A20=4,$A20=8),IF(OR(WEEKDAY($B$2,2)=1,WEEKDAY($B$2,2)=4,WEEKDAY($B$2,2)=5,WEEKDAY($B$2,2)=7),"Main Inside = 3","Main Inside >= 2"),IF(AND($A20>=46,$A20<=52),"Divest = Y","General Qualifications >= 2")))) -> General Qualifications >= 2 | F20: =IF($A20="","",IFERROR(INDEX('Daily Workforce'!$B$6:$B$205,MATCH(1,Lists!Q16:HH16,0)),"")) -> EMP-0094 | G20: =IF($F20="","",IFERROR(INDEX('Daily Workforce'!$C$6:$C$205,MATCH($F20,'Daily Workforce'!$B$6:$B$205,0)),"")) -> Linda Rachel | H20: =IF($F20="","",IFERROR(INDEX('Daily Workforce'!$D$6:$D$205,MATCH($F20,'Daily Workforce'!$B$6:$B$205,0)),"")) -> 3:45 AM | I20: =IF($H20="","",$H20) -> 3:45 AM | J20: =IF($H20="","",IF($H20="3:45 AM","12:45 PM",IF($H20="5:45 AM","2:45 PM",IF($H20="12:15 PM","9:15 PM",IF($H20="2:00 PM","11:00 PM",IF($H20="9:15 PM","6:15 AM","")))))) -> 12:45 PM | K20: =IF($F20="","",IFERROR(INDEX('Daily Workforce'!$I$6:$I$205,MATCH($F20,'Daily Workforce'!$B$6:$B$205,0)),"")) -> None | L20: =IF($A20="","",IF($F20="","NO QUALIFIED EMPLOYEE","QUALIFIED")) -> QUALIFIED | M20: =IF($A20="","",IF($F20="","UNFILLED","FILLED")) -> FILLED | N20: =IF($F20="","",IF($H20="3:45 AM",IF(OR($K20="8:00 AM",$K20="9:00 AM"),$K20,CHOOSE(MOD(COUNTIF($H$6:$H20,$H20)-1,3)+1,"8:00 AM","8:00 AM","9:00 AM")),IF($H20="5:45 AM",IF(OR($K20="9:00 AM",$K20="10:00 AM"),$K20,CHOOSE(MOD(COUNTIF($H$6:$H20,$H20)-1,3)+1,"10:00 AM","10:00 AM","9:00 AM")),IF(AND($K20<>"",$K20<>"None"),$K20,IF($H20="12:15 PM",CHOOSE(MOD(COUNTIF($H$6:$H20,$H20)-1,2)+1,"4:00 PM","5:00 PM"),IF($H20="2:00 PM",CHOOSE(MOD(COUNTIF($H$6:$H20,$H20)-1,2)+1,"6:00 PM","7:00 PM"),IF($H20="9:15 PM",CHOOSE(MOD(COUNTIF($H$6:$H20,$H20)-1,2)+1,"1:00 AM","2:00 AM"),""))))))) -> 8:00 AM | O20: =IF($A20="","",IF(IFERROR(INDEX('Position Library'!$E$2:$E$53,MATCH($A20,'Position Library'!$A$2:$A$53,0)),"N")="Y",IF(AND(IFERROR(VALUE(INDEX('Position Relationships'!$B$2:$F$53,MATCH($A20,'Position Relationships'!$A$2:$A$53,0),1)),"")<>"",IFERROR(INDEX($N$6:$N$57,MATCH(IFERROR(VALUE(INDEX('Position Relationships'!$B$2:$F$53,MATCH($A20,'Position Relationships'!$A$2:$A$53,0),1)),""),$A$6:$A$57,0)),"")<>"",IFERROR(INDEX($N$6:$N$57,MATCH(IFERROR(VALUE(INDEX('Position Relationships'!$B$2:$F$53,MATCH($A20,'Position Relationships'!$A$2:$A$53,0),1)),""),$A$6:$A$57,0)),"")<>$N20),IFERROR(VALUE(INDEX('Position Relationships'!$B$2:$F$53,MATCH($A20,'Position Relationships'!$A$2:$A$53,0),1)),""),IF(AND(IFERROR(VALUE(INDEX('Position Relationships'!$B$2:$F$53,MATCH($A20,'Position Relationships'!$A$2:$A$53,0),2)),"")<>"",IFERROR(INDEX($N$6:$N$57,MATCH(IFERROR(VALUE(INDEX('Position Relationships'!$B$2:$F$53,MATCH($A20,'Position Relationships'!$A$2:$A$53,0),2)),""),$A$6:$A$57,0)),"")<>"",IFERROR(INDEX($N$6:$N$57,MATCH(IFERROR(VALUE(INDEX('Position Relationships'!$B$2:$F$53,MATCH($A20,'Position Relationships'!$A$2:$A$53,0),2)),""),$A$6:$A$57,0)),"")<>$N20),IFERROR(VALUE(INDEX('Position Relationships'!$B$2:$F$53,MATCH($A20,'Position Relationships'!$A$2:$A$53,0),2)),""),IF(AND(IFERROR(VALUE(INDEX('Position Relationships'!$B$2:$F$53,MATCH($A20,'Position Relationships'!$A$2:$A$53,0),3)),"")<>"",IFERROR(INDEX($N$6:$N$57,MATCH(IFERROR(VALUE(INDEX('Position Relationships'!$B$2:$F$53,MATCH($A20,'Position Relationships'!$A$2:$A$53,0),3)),""),$A$6:$A$57,0)),"")<>"",IFERROR(INDEX($N$6:$N$57,MATCH(IFERROR(VALUE(INDEX('Position Relationships'!$B$2:$F$53,MATCH($A20,'Position Relationships'!$A$2:$A$53,0),3)),""),$A$6:$A$57,0)),"")<>$N20),IFERROR(VALUE(INDEX('Position Relationships'!$B$2:$F$53,MATCH($A20,'Position Relationships'!$A$2:$A$53,0),3)),""),IF(AND(IFERROR(VALUE(INDEX('Position Relationships'!$B$2:$F$53,MATCH($A20,'Position Relationships'!$A$2:$A$53,0),4)),"")<>"",IFERROR(INDEX($N$6:$N$57,MATCH(IFERROR(VALUE(INDEX('Position Relationships'!$B$2:$F$53,MATCH($A20,'Position Relationships'!$A$2:$A$53,0),4)),""),$A$6:$A$57,0)),"")<>"",IFERROR(INDEX($N$6:$N$57,MATCH(IFERROR(VALUE(INDEX('Position Relationships'!$B$2:$F$53,MATCH($A20,'Position Relationships'!$A$2:$A$53,0),4)),""),$A$6:$A$57,0)),"")<>$N20),IFERROR(VALUE(INDEX('Position Relationships'!$B$2:$F$53,MATCH($A20,'Position Relationships'!$A$2:$A$53,0),4)),""),IF(AND(IFERROR(VALUE(INDEX('Position Relationships'!$B$2:$F$53,MATCH($A20,'Position Relationships'!$A$2:$A$53,0),5)),"")<>"",IFERROR(INDEX($N$6:$N$57,MATCH(IFERROR(VALUE(INDEX('Position Relationships'!$B$2:$F$53,MATCH($A20,'Position Relationships'!$A$2:$A$53,0),5)),""),$A$6:$A$57,0)),"")<>"",IFERROR(INDEX($N$6:$N$57,MATCH(IFERROR(VALUE(INDEX('Position Relationships'!$B$2:$F$53,MATCH($A20,'Position Relationships'!$A$2:$A$53,0),5)),""),$A$6:$A$57,0)),"")<>$N20),IFERROR(VALUE(INDEX('Position Relationships'!$B$2:$F$53,MATCH($A20,'Position Relationships'!$A$2:$A$53,0),5)),""),""))))),"")) -> 20 | P20: =IF($O20="","",IFERROR(INDEX($F$6:$F$57,MATCH($O20,$A$6:$A$57,0)),"")) -> EMP-0066 | Q20: =IF($A20="","",IF($M20<>"FILLED","POSITION UNFILLED",IF(IFERROR(INDEX('Position Library'!$E$2:$E$53,MATCH($A20,'Position Library'!$A$2:$A$53,0)),"N")<>"Y","NOT REQUIRED",IF(OR($O20="",$P20=""),"RELIEF GAP","COVERED")))) -> COVERED | R20: =IF($A20="","",IF($D20<>"Tier 1","N/A",IF(OR($E$2="PM",$E$2="Overnight"),"N/A",IF($H20="3:45 AM","COVERED","OPENING GAP")))) -> COVERED
A21: 24 | B21: =IF($A21="","",IFERROR(INDEX('Position Library'!$B$2:$B$53,MATCH($A21,'Position Library'!$A$2:$A$53,0)),"")) -> North Security Checkpoint | C21: =IF($A21="","",IFERROR(INDEX('Position Library'!$C$2:$C$53,MATCH($A21,'Position Library'!$A$2:$A$53,0)),"")) -> Checkpoint – Inside | D21: =IF($A21="","",IFERROR(INDEX('Position Library'!$D$2:$D$53,MATCH($A21,'Position Library'!$A$2:$A$53,0)),"")) -> Tier 1 | E21: =IF($A21="","",IF($A21=45,"Information Desk = Y",IF(OR($A21=4,$A21=8),IF(OR(WEEKDAY($B$2,2)=1,WEEKDAY($B$2,2)=4,WEEKDAY($B$2,2)=5,WEEKDAY($B$2,2)=7),"Main Inside = 3","Main Inside >= 2"),IF(AND($A21>=46,$A21<=52),"Divest = Y","General Qualifications >= 2")))) -> General Qualifications >= 2 | F21: =IF($A21="","",IFERROR(INDEX('Daily Workforce'!$B$6:$B$205,MATCH(1,Lists!Q17:HH17,0)),"")) -> EMP-0102 | G21: =IF($F21="","",IFERROR(INDEX('Daily Workforce'!$C$6:$C$205,MATCH($F21,'Daily Workforce'!$B$6:$B$205,0)),"")) -> Maryse Camille | H21: =IF($F21="","",IFERROR(INDEX('Daily Workforce'!$D$6:$D$205,MATCH($F21,'Daily Workforce'!$B$6:$B$205,0)),"")) -> 3:45 AM | I21: =IF($H21="","",$H21) -> 3:45 AM | J21: =IF($H21="","",IF($H21="3:45 AM","12:45 PM",IF($H21="5:45 AM","2:45 PM",IF($H21="12:15 PM","9:15 PM",IF($H21="2:00 PM","11:00 PM",IF($H21="9:15 PM","6:15 AM","")))))) -> 12:45 PM | K21: =IF($F21="","",IFERROR(INDEX('Daily Workforce'!$I$6:$I$205,MATCH($F21,'Daily Workforce'!$B$6:$B$205,0)),"")) -> None | L21: =IF($A21="","",IF($F21="","NO QUALIFIED EMPLOYEE","QUALIFIED")) -> QUALIFIED | M21: =IF($A21="","",IF($F21="","UNFILLED","FILLED")) -> FILLED | N21: =IF($F21="","",IF($H21="3:45 AM",IF(OR($K21="8:00 AM",$K21="9:00 AM"),$K21,CHOOSE(MOD(COUNTIF($H$6:$H21,$H21)-1,3)+1,"8:00 AM","8:00 AM","9:00 AM")),IF($H21="5:45 AM",IF(OR($K21="9:00 AM",$K21="10:00 AM"),$K21,CHOOSE(MOD(COUNTIF($H$6:$H21,$H21)-1,3)+1,"10:00 AM","10:00 AM","9:00 AM")),IF(AND($K21<>"",$K21<>"None"),$K21,IF($H21="12:15 PM",CHOOSE(MOD(COUNTIF($H$6:$H21,$H21)-1,2)+1,"4:00 PM","5:00 PM"),IF($H21="2:00 PM",CHOOSE(MOD(COUNTIF($H$6:$H21,$H21)-1,2)+1,"6:00 PM","7:00 PM"),IF($H21="9:15 PM",CHOOSE(MOD(COUNTIF($H$6:$H21,$H21)-1,2)+1,"1:00 AM","2:00 AM"),""))))))) -> 8:00 AM | O21: =IF($A21="","",IF(IFERROR(INDEX('Position Library'!$E$2:$E$53,MATCH($A21,'Position Library'!$A$2:$A$53,0)),"N")="Y",IF(AND(IFERROR(VALUE(INDEX('Position Relationships'!$B$2:$F$53,MATCH($A21,'Position Relationships'!$A$2:$A$53,0),1)),"")<>"",IFERROR(INDEX($N$6:$N$57,MATCH(IFERROR(VALUE(INDEX('Position Relationships'!$B$2:$F$53,MATCH($A21,'Position Relationships'!$A$2:$A$53,0),1)),""),$A$6:$A$57,0)),"")<>"",IFERROR(INDEX($N$6:$N$57,MATCH(IFERROR(VALUE(INDEX('Position Relationships'!$B$2:$F$53,MATCH($A21,'Position Relationships'!$A$2:$A$53,0),1)),""),$A$6:$A$57,0)),"")<>$N21),IFERROR(VALUE(INDEX('Position Relationships'!$B$2:$F$53,MATCH($A21,'Position Relationships'!$A$2:$A$53,0),1)),""),IF(AND(IFERROR(VALUE(INDEX('Position Relationships'!$B$2:$F$53,MATCH($A21,'Position Relationships'!$A$2:$A$53,0),2)),"")<>"",IFERROR(INDEX($N$6:$N$57,MATCH(IFERROR(VALUE(INDEX('Position Relationships'!$B$2:$F$53,MATCH($A21,'Position Relationships'!$A$2:$A$53,0),2)),""),$A$6:$A$57,0)),"")<>"",IFERROR(INDEX($N$6:$N$57,MATCH(IFERROR(VALUE(INDEX('Position Relationships'!$B$2:$F$53,MATCH($A21,'Position Relationships'!$A$2:$A$53,0),2)),""),$A$6:$A$57,0)),"")<>$N21),IFERROR(VALUE(INDEX('Position Relationships'!$B$2:$F$53,MATCH($A21,'Position Relationships'!$A$2:$A$53,0),2)),""),IF(AND(IFERROR(VALUE(INDEX('Position Relationships'!$B$2:$F$53,MATCH($A21,'Position Relationships'!$A$2:$A$53,0),3)),"")<>"",IFERROR(INDEX($N$6:$N$57,MATCH(IFERROR(VALUE(INDEX('Position Relationships'!$B$2:$F$53,MATCH($A21,'Position Relationships'!$A$2:$A$53,0),3)),""),$A$6:$A$57,0)),"")<>"",IFERROR(INDEX($N$6:$N$57,MATCH(IFERROR(VALUE(INDEX('Position Relationships'!$B$2:$F$53,MATCH($A21,'Position Relationships'!$A$2:$A$53,0),3)),""),$A$6:$A$57,0)),"")<>$N21),IFERROR(VALUE(INDEX('Position Relationships'!$B$2:$F$53,MATCH($A21,'Position Relationships'!$A$2:$A$53,0),3)),""),IF(AND(IFERROR(VALUE(INDEX('Position Relationships'!$B$2:$F$53,MATCH($A21,'Position Relationships'!$A$2:$A$53,0),4)),"")<>"",IFERROR(INDEX($N$6:$N$57,MATCH(IFERROR(VALUE(INDEX('Position Relationships'!$B$2:$F$53,MATCH($A21,'Position Relationships'!$A$2:$A$53,0),4)),""),$A$6:$A$57,0)),"")<>"",IFERROR(INDEX($N$6:$N$57,MATCH(IFERROR(VALUE(INDEX('Position Relationships'!$B$2:$F$53,MATCH($A21,'Position Relationships'!$A$2:$A$53,0),4)),""),$A$6:$A$57,0)),"")<>$N21),IFERROR(VALUE(INDEX('Position Relationships'!$B$2:$F$53,MATCH($A21,'Position Relationships'!$A$2:$A$53,0),4)),""),IF(AND(IFERROR(VALUE(INDEX('Position Relationships'!$B$2:$F$53,MATCH($A21,'Position Relationships'!$A$2:$A$53,0),5)),"")<>"",IFERROR(INDEX($N$6:$N$57,MATCH(IFERROR(VALUE(INDEX('Position Relationships'!$B$2:$F$53,MATCH($A21,'Position Relationships'!$A$2:$A$53,0),5)),""),$A$6:$A$57,0)),"")<>"",IFERROR(INDEX($N$6:$N$57,MATCH(IFERROR(VALUE(INDEX('Position Relationships'!$B$2:$F$53,MATCH($A21,'Position Relationships'!$A$2:$A$53,0),5)),""),$A$6:$A$57,0)),"")<>$N21),IFERROR(VALUE(INDEX('Position Relationships'!$B$2:$F$53,MATCH($A21,'Position Relationships'!$A$2:$A$53,0),5)),""),""))))),"")) -> 29 | P21: =IF($O21="","",IFERROR(INDEX($F$6:$F$57,MATCH($O21,$A$6:$A$57,0)),"")) -> EMP-0040 | Q21: =IF($A21="","",IF($M21<>"FILLED","POSITION UNFILLED",IF(IFERROR(INDEX('Position Library'!$E$2:$E$53,MATCH($A21,'Position Library'!$A$2:$A$53,0)),"N")<>"Y","NOT REQUIRED",IF(OR($O21="",$P21=""),"RELIEF GAP","COVERED")))) -> COVERED | R21: =IF($A21="","",IF($D21<>"Tier 1","N/A",IF(OR($E$2="PM",$E$2="Overnight"),"N/A",IF($H21="3:45 AM","COVERED","OPENING GAP")))) -> COVERED
A22: 25 | B22: =IF($A22="","",IFERROR(INDEX('Position Library'!$B$2:$B$53,MATCH($A22,'Position Library'!$A$2:$A$53,0)),"")) -> North Security Checkpoint | C22: =IF($A22="","",IFERROR(INDEX('Position Library'!$C$2:$C$53,MATCH($A22,'Position Library'!$A$2:$A$53,0)),"")) -> North Corridor | D22: =IF($A22="","",IFERROR(INDEX('Position Library'!$D$2:$D$53,MATCH($A22,'Position Library'!$A$2:$A$53,0)),"")) -> Tier 1 | E22: =IF($A22="","",IF($A22=45,"Information Desk = Y",IF(OR($A22=4,$A22=8),IF(OR(WEEKDAY($B$2,2)=1,WEEKDAY($B$2,2)=4,WEEKDAY($B$2,2)=5,WEEKDAY($B$2,2)=7),"Main Inside = 3","Main Inside >= 2"),IF(AND($A22>=46,$A22<=52),"Divest = Y","General Qualifications >= 2")))) -> General Qualifications >= 2 | F22: =IF($A22="","",IFERROR(INDEX('Daily Workforce'!$B$6:$B$205,MATCH(1,Lists!Q18:HH18,0)),"")) -> EMP-0107 | G22: =IF($F22="","",IFERROR(INDEX('Daily Workforce'!$C$6:$C$205,MATCH($F22,'Daily Workforce'!$B$6:$B$205,0)),"")) -> Moneshia Echols | H22: =IF($F22="","",IFERROR(INDEX('Daily Workforce'!$D$6:$D$205,MATCH($F22,'Daily Workforce'!$B$6:$B$205,0)),"")) -> 3:45 AM | I22: =IF($H22="","",$H22) -> 3:45 AM | J22: =IF($H22="","",IF($H22="3:45 AM","12:45 PM",IF($H22="5:45 AM","2:45 PM",IF($H22="12:15 PM","9:15 PM",IF($H22="2:00 PM","11:00 PM",IF($H22="9:15 PM","6:15 AM","")))))) -> 12:45 PM | K22: =IF($F22="","",IFERROR(INDEX('Daily Workforce'!$I$6:$I$205,MATCH($F22,'Daily Workforce'!$B$6:$B$205,0)),"")) -> None | L22: =IF($A22="","",IF($F22="","NO QUALIFIED EMPLOYEE","QUALIFIED")) -> QUALIFIED | M22: =IF($A22="","",IF($F22="","UNFILLED","FILLED")) -> FILLED | N22: =IF($F22="","",IF($H22="3:45 AM",IF(OR($K22="8:00 AM",$K22="9:00 AM"),$K22,CHOOSE(MOD(COUNTIF($H$6:$H22,$H22)-1,3)+1,"8:00 AM","8:00 AM","9:00 AM")),IF($H22="5:45 AM",IF(OR($K22="9:00 AM",$K22="10:00 AM"),$K22,CHOOSE(MOD(COUNTIF($H$6:$H22,$H22)-1,3)+1,"10:00 AM","10:00 AM","9:00 AM")),IF(AND($K22<>"",$K22<>"None"),$K22,IF($H22="12:15 PM",CHOOSE(MOD(COUNTIF($H$6:$H22,$H22)-1,2)+1,"4:00 PM","5:00 PM"),IF($H22="2:00 PM",CHOOSE(MOD(COUNTIF($H$6:$H22,$H22)-1,2)+1,"6:00 PM","7:00 PM"),IF($H22="9:15 PM",CHOOSE(MOD(COUNTIF($H$6:$H22,$H22)-1,2)+1,"1:00 AM","2:00 AM"),""))))))) -> 9:00 AM | O22: =IF($A22="","",IF(IFERROR(INDEX('Position Library'!$E$2:$E$53,MATCH($A22,'Position Library'!$A$2:$A$53,0)),"N")="Y",IF(AND(IFERROR(VALUE(INDEX('Position Relationships'!$B$2:$F$53,MATCH($A22,'Position Relationships'!$A$2:$A$53,0),1)),"")<>"",IFERROR(INDEX($N$6:$N$57,MATCH(IFERROR(VALUE(INDEX('Position Relationships'!$B$2:$F$53,MATCH($A22,'Position Relationships'!$A$2:$A$53,0),1)),""),$A$6:$A$57,0)),"")<>"",IFERROR(INDEX($N$6:$N$57,MATCH(IFERROR(VALUE(INDEX('Position Relationships'!$B$2:$F$53,MATCH($A22,'Position Relationships'!$A$2:$A$53,0),1)),""),$A$6:$A$57,0)),"")<>$N22),IFERROR(VALUE(INDEX('Position Relationships'!$B$2:$F$53,MATCH($A22,'Position Relationships'!$A$2:$A$53,0),1)),""),IF(AND(IFERROR(VALUE(INDEX('Position Relationships'!$B$2:$F$53,MATCH($A22,'Position Relationships'!$A$2:$A$53,0),2)),"")<>"",IFERROR(INDEX($N$6:$N$57,MATCH(IFERROR(VALUE(INDEX('Position Relationships'!$B$2:$F$53,MATCH($A22,'Position Relationships'!$A$2:$A$53,0),2)),""),$A$6:$A$57,0)),"")<>"",IFERROR(INDEX($N$6:$N$57,MATCH(IFERROR(VALUE(INDEX('Position Relationships'!$B$2:$F$53,MATCH($A22,'Position Relationships'!$A$2:$A$53,0),2)),""),$A$6:$A$57,0)),"")<>$N22),IFERROR(VALUE(INDEX('Position Relationships'!$B$2:$F$53,MATCH($A22,'Position Relationships'!$A$2:$A$53,0),2)),""),IF(AND(IFERROR(VALUE(INDEX('Position Relationships'!$B$2:$F$53,MATCH($A22,'Position Relationships'!$A$2:$A$53,0),3)),"")<>"",IFERROR(INDEX($N$6:$N$57,MATCH(IFERROR(VALUE(INDEX('Position Relationships'!$B$2:$F$53,MATCH($A22,'Position Relationships'!$A$2:$A$53,0),3)),""),$A$6:$A$57,0)),"")<>"",IFERROR(INDEX($N$6:$N$57,MATCH(IFERROR(VALUE(INDEX('Position Relationships'!$B$2:$F$53,MATCH($A22,'Position Relationships'!$A$2:$A$53,0),3)),""),$A$6:$A$57,0)),"")<>$N22),IFERROR(VALUE(INDEX('Position Relationships'!$B$2:$F$53,MATCH($A22,'Position Relationships'!$A$2:$A$53,0),3)),""),IF(AND(IFERROR(VALUE(INDEX('Position Relationships'!$B$2:$F$53,MATCH($A22,'Position Relationships'!$A$2:$A$53,0),4)),"")<>"",IFERROR(INDEX($N$6:$N$57,MATCH(IFERROR(VALUE(INDEX('Position Relationships'!$B$2:$F$53,MATCH($A22,'Position Relationships'!$A$2:$A$53,0),4)),""),$A$6:$A$57,0)),"")<>"",IFERROR(INDEX($N$6:$N$57,MATCH(IFERROR(VALUE(INDEX('Position Relationships'!$B$2:$F$53,MATCH($A22,'Position Relationships'!$A$2:$A$53,0),4)),""),$A$6:$A$57,0)),"")<>$N22),IFERROR(VALUE(INDEX('Position Relationships'!$B$2:$F$53,MATCH($A22,'Position Relationships'!$A$2:$A$53,0),4)),""),IF(AND(IFERROR(VALUE(INDEX('Position Relationships'!$B$2:$F$53,MATCH($A22,'Position Relationships'!$A$2:$A$53,0),5)),"")<>"",IFERROR(INDEX($N$6:$N$57,MATCH(IFERROR(VALUE(INDEX('Position Relationships'!$B$2:$F$53,MATCH($A22,'Position Relationships'!$A$2:$A$53,0),5)),""),$A$6:$A$57,0)),"")<>"",IFERROR(INDEX($N$6:$N$57,MATCH(IFERROR(VALUE(INDEX('Position Relationships'!$B$2:$F$53,MATCH($A22,'Position Relationships'!$A$2:$A$53,0),5)),""),$A$6:$A$57,0)),"")<>$N22),IFERROR(VALUE(INDEX('Position Relationships'!$B$2:$F$53,MATCH($A22,'Position Relationships'!$A$2:$A$53,0),5)),""),""))))),"")) -> 30 | P22: =IF($O22="","",IFERROR(INDEX($F$6:$F$57,MATCH($O22,$A$6:$A$57,0)),"")) -> EMP-0073 | Q22: =IF($A22="","",IF($M22<>"FILLED","POSITION UNFILLED",IF(IFERROR(INDEX('Position Library'!$E$2:$E$53,MATCH($A22,'Position Library'!$A$2:$A$53,0)),"N")<>"Y","NOT REQUIRED",IF(OR($O22="",$P22=""),"RELIEF GAP","COVERED")))) -> COVERED | R22: =IF($A22="","",IF($D22<>"Tier 1","N/A",IF(OR($E$2="PM",$E$2="Overnight"),"N/A",IF($H22="3:45 AM","COVERED","OPENING GAP")))) -> COVERED
